video_id,axis,subgoal_id,seq_level,ind_level
acoustic_electric_guitar::cosmos_3__202,task,S1,1,1
acoustic_electric_guitar::cosmos_3__202,task,S2,1,1
acoustic_electric_guitar::cosmos_3__202,physics,S1,3,3
acoustic_electric_guitar::cosmos_3__202,physics,S2,3,3
acoustic_electric_guitar::cosmos_3__303,task,S1,0,0
acoustic_electric_guitar::cosmos_3__303,task,S2,3,3
acoustic_electric_guitar::cosmos_3__303,physics,S1,0,1
acoustic_electric_guitar::cosmos_3__303,physics,S2,NA,NA
acoustic_electric_guitar::grok_imagine_video_1_5__303,task,S1,3,3
acoustic_electric_guitar::grok_imagine_video_1_5__303,task,S2,3,3
acoustic_electric_guitar::grok_imagine_video_1_5__303,physics,S1,4,4
acoustic_electric_guitar::grok_imagine_video_1_5__303,physics,S2,4,4
acoustic_electric_guitar::kling_v3_pro__101,task,S1,3,3
acoustic_electric_guitar::kling_v3_pro__101,task,S2,3,3
acoustic_electric_guitar::kling_v3_pro__101,physics,S1,4,4
acoustic_electric_guitar::kling_v3_pro__101,physics,S2,4,4
acoustic_electric_guitar::kling_v3_pro__303,task,S1,0,0
acoustic_electric_guitar::kling_v3_pro__303,task,S2,3,3
acoustic_electric_guitar::kling_v3_pro__303,physics,S1,4,4
acoustic_electric_guitar::kling_v3_pro__303,physics,S2,NA,NA
acoustic_electric_guitar::minimax_h3__101,task,S1,3,3
acoustic_electric_guitar::minimax_h3__101,task,S2,3,3
acoustic_electric_guitar::minimax_h3__101,physics,S1,4,4
acoustic_electric_guitar::minimax_h3__101,physics,S2,4,4
acoustic_electric_guitar::seedance_2_0__202,task,S1,3,3
acoustic_electric_guitar::seedance_2_0__202,task,S2,3,3
acoustic_electric_guitar::seedance_2_0__202,physics,S1,2,3
acoustic_electric_guitar::seedance_2_0__202,physics,S2,2,3
acoustic_electric_guitar::wrong_3,task,S1,2,2
acoustic_electric_guitar::wrong_3,task,S2,3,3
acoustic_electric_guitar::wrong_3,physics,S1,4,4
acoustic_electric_guitar::wrong_3,physics,S2,4,4
air_freshener_dispenser::cosmos_3__101,task,S1,1,1
air_freshener_dispenser::cosmos_3__101,task,S2,0,0
air_freshener_dispenser::cosmos_3__101,task,S3,0,0
air_freshener_dispenser::cosmos_3__101,physics,S1,NA,NA
air_freshener_dispenser::cosmos_3__101,physics,S2,NA,NA
air_freshener_dispenser::cosmos_3__101,physics,S3,NA,NA
air_freshener_dispenser::cosmos_3__101,physics,S4,NA,NA
air_freshener_dispenser::cosmos_3__101,physics,S5,NA,NA
air_freshener_dispenser::cosmos_3__202,task,S1,0,0
air_freshener_dispenser::cosmos_3__202,task,S2,0,0
air_freshener_dispenser::cosmos_3__202,task,S3,1,1
air_freshener_dispenser::cosmos_3__202,task,S4,0,0
air_freshener_dispenser::cosmos_3__202,task,S5,0,0
air_freshener_dispenser::cosmos_3__202,physics,S1,NA,NA
air_freshener_dispenser::cosmos_3__202,physics,S2,NA,NA
air_freshener_dispenser::cosmos_3__202,physics,S3,NA,NA
air_freshener_dispenser::cosmos_3__202,physics,S4,NA,NA
air_freshener_dispenser::cosmos_3__202,physics,S5,NA,NA
air_freshener_dispenser::cosmos_3__303,task,S1,0,0
air_freshener_dispenser::cosmos_3__303,task,S2,0,0
air_freshener_dispenser::cosmos_3__303,task,S3,0,0
air_freshener_dispenser::cosmos_3__303,physics,S1,NA,NA
air_freshener_dispenser::cosmos_3__303,physics,S2,NA,NA
air_freshener_dispenser::cosmos_3__303,physics,S3,NA,NA
air_freshener_dispenser::cosmos_3__303,physics,S4,NA,NA
air_freshener_dispenser::cosmos_3__303,physics,S5,NA,NA
air_freshener_dispenser::grok_imagine_video_1_5__202,task,S1,0,1
air_freshener_dispenser::grok_imagine_video_1_5__202,task,S2,3,3
air_freshener_dispenser::grok_imagine_video_1_5__202,task,S3,0,0
air_freshener_dispenser::grok_imagine_video_1_5__202,task,S4,2,2
air_freshener_dispenser::grok_imagine_video_1_5__202,task,S5,3,3
air_freshener_dispenser::grok_imagine_video_1_5__202,physics,S1,0,3
air_freshener_dispenser::grok_imagine_video_1_5__202,physics,S2,4,4
air_freshener_dispenser::grok_imagine_video_1_5__202,physics,S3,NA,NA
air_freshener_dispenser::grok_imagine_video_1_5__202,physics,S4,NA,NA
air_freshener_dispenser::grok_imagine_video_1_5__202,physics,S5,4,4
air_freshener_dispenser::grok_imagine_video_1_5__303,task,S1,3,3
air_freshener_dispenser::grok_imagine_video_1_5__303,task,S2,3,3
air_freshener_dispenser::grok_imagine_video_1_5__303,task,S3,3,3
air_freshener_dispenser::grok_imagine_video_1_5__303,task,S4,3,3
air_freshener_dispenser::grok_imagine_video_1_5__303,task,S5,3,3
air_freshener_dispenser::grok_imagine_video_1_5__303,physics,S1,2,3
air_freshener_dispenser::grok_imagine_video_1_5__303,physics,S2,4,4
air_freshener_dispenser::grok_imagine_video_1_5__303,physics,S3,4,4
air_freshener_dispenser::grok_imagine_video_1_5__303,physics,S4,4,4
air_freshener_dispenser::grok_imagine_video_1_5__303,physics,S5,2,3
air_freshener_dispenser::kling_v3_pro__202,task,S1,0,0
air_freshener_dispenser::kling_v3_pro__202,task,S2,0,0
air_freshener_dispenser::kling_v3_pro__202,task,S3,0,0
air_freshener_dispenser::kling_v3_pro__202,task,S4,0,0
air_freshener_dispenser::kling_v3_pro__202,task,S5,3,3
air_freshener_dispenser::kling_v3_pro__202,physics,S1,0,1
air_freshener_dispenser::kling_v3_pro__202,physics,S2,0,1
air_freshener_dispenser::kling_v3_pro__202,physics,S3,0,1
air_freshener_dispenser::kling_v3_pro__202,physics,S4,0,1
air_freshener_dispenser::kling_v3_pro__202,physics,S5,4,4
air_freshener_dispenser::kling_v3_pro__202,physics,S6,0,1
air_freshener_dispenser::minimax_h3__101,task,S1,0,0
air_freshener_dispenser::minimax_h3__101,task,S2,0,0
air_freshener_dispenser::minimax_h3__101,task,S3,3,3
air_freshener_dispenser::minimax_h3__101,task,S4,2,2
air_freshener_dispenser::minimax_h3__101,task,S5,0,0
air_freshener_dispenser::minimax_h3__101,physics,S1,NA,NA
air_freshener_dispenser::minimax_h3__101,physics,S2,NA,NA
air_freshener_dispenser::minimax_h3__101,physics,S3,4,4
air_freshener_dispenser::minimax_h3__101,physics,S4,3,3
air_freshener_dispenser::minimax_h3__101,physics,S5,NA,NA
air_freshener_dispenser::minimax_h3__202,task,S1,0,0
air_freshener_dispenser::minimax_h3__202,task,S2,0,1
air_freshener_dispenser::minimax_h3__202,task,S3,2,2
air_freshener_dispenser::minimax_h3__202,task,S4,0,0
air_freshener_dispenser::minimax_h3__202,task,S5,0,0
air_freshener_dispenser::minimax_h3__202,physics,S1,NA,NA
air_freshener_dispenser::minimax_h3__202,physics,S2,NA,NA
air_freshener_dispenser::minimax_h3__202,physics,S3,1,2
air_freshener_dispenser::minimax_h3__202,physics,S4,NA,NA
air_freshener_dispenser::minimax_h3__202,physics,S5,2,3
air_freshener_dispenser::minimax_h3__303,task,S1,0,0
air_freshener_dispenser::minimax_h3__303,task,S2,0,0
air_freshener_dispenser::minimax_h3__303,task,S3,2,2
air_freshener_dispenser::minimax_h3__303,physics,S1,NA,NA
air_freshener_dispenser::minimax_h3__303,physics,S2,NA,NA
air_freshener_dispenser::minimax_h3__303,physics,S3,NA,NA
air_freshener_dispenser::minimax_h3__303,physics,S4,NA,NA
air_freshener_dispenser::minimax_h3__303,physics,S5,4,4
air_freshener_dispenser::seedance_2_0__101,task,S1,3,3
air_freshener_dispenser::seedance_2_0__101,task,S2,2,2
air_freshener_dispenser::seedance_2_0__101,task,S3,3,3
air_freshener_dispenser::seedance_2_0__101,task,S4,3,3
air_freshener_dispenser::seedance_2_0__101,task,S5,0,1
air_freshener_dispenser::seedance_2_0__101,physics,S1,4,4
air_freshener_dispenser::seedance_2_0__101,physics,S2,4,4
air_freshener_dispenser::seedance_2_0__101,physics,S3,4,4
air_freshener_dispenser::seedance_2_0__101,physics,S4,4,4
air_freshener_dispenser::seedance_2_0__101,physics,S5,4,4
air_freshener_dispenser::seedance_2_0__202,task,S1,0,0
air_freshener_dispenser::seedance_2_0__202,task,S2,2,2
air_freshener_dispenser::seedance_2_0__202,task,S3,0,1
air_freshener_dispenser::seedance_2_0__202,physics,S1,NA,NA
air_freshener_dispenser::seedance_2_0__202,physics,S2,4,4
air_freshener_dispenser::seedance_2_0__202,physics,S3,4,4
air_freshener_dispenser::seedance_2_0__202,physics,S4,4,4
air_freshener_dispenser::seedance_2_0__202,physics,S5,4,4
air_freshener_dispenser::wan_2_7__101,task,S1,0,1
air_freshener_dispenser::wan_2_7__101,task,S2,0,1
air_freshener_dispenser::wan_2_7__101,task,S3,0,1
air_freshener_dispenser::wan_2_7__101,task,S4,0,1
air_freshener_dispenser::wan_2_7__101,task,S5,3,3
air_freshener_dispenser::wan_2_7__101,physics,S1,2,2
air_freshener_dispenser::wan_2_7__101,physics,S2,0,1
air_freshener_dispenser::wan_2_7__101,physics,S3,0,1
air_freshener_dispenser::wan_2_7__101,physics,S4,2,2
air_freshener_dispenser::wan_2_7__202,task,S1,1,1
air_freshener_dispenser::wan_2_7__202,task,S2,0,0
air_freshener_dispenser::wan_2_7__202,task,S3,2,2
air_freshener_dispenser::wan_2_7__202,physics,S1,NA,NA
air_freshener_dispenser::wan_2_7__202,physics,S2,3,3
air_freshener_dispenser::wan_2_7__202,physics,S3,0,0
air_freshener_dispenser::wan_2_7__202,physics,S4,0,0
air_freshener_dispenser::wan_2_7__202,physics,S5,0,3
air_freshener_dispenser::wan_2_7__303,task,S1,0,2
air_freshener_dispenser::wan_2_7__303,task,S2,3,3
air_freshener_dispenser::wan_2_7__303,task,S3,0,1
air_freshener_dispenser::wan_2_7__303,task,S4,3,3
air_freshener_dispenser::wan_2_7__303,task,S5,3,3
air_freshener_dispenser::wan_2_7__303,physics,S1,4,4
air_freshener_dispenser::wan_2_7__303,physics,S2,4,4
air_freshener_dispenser::wan_2_7__303,physics,S3,4,4
air_freshener_dispenser::wrong_1,task,S1,3,3
air_freshener_dispenser::wrong_1,task,S2,3,3
air_freshener_dispenser::wrong_1,task,S3,0,0
air_freshener_dispenser::wrong_1,task,S4,0,0
air_freshener_dispenser::wrong_1,task,S5,0,0
air_freshener_dispenser::wrong_1,physics,S1,4,4
air_freshener_dispenser::wrong_1,physics,S2,4,4
air_freshener_dispenser::wrong_1,physics,S3,NA,NA
air_freshener_dispenser::wrong_1,physics,S4,NA,NA
air_freshener_dispenser::wrong_1,physics,S5,NA,NA
air_freshener_dispenser::wrong_2,task,S1,3,3
air_freshener_dispenser::wrong_2,task,S2,3,3
air_freshener_dispenser::wrong_2,task,S3,3,3
air_freshener_dispenser::wrong_2,task,S4,0,0
air_freshener_dispenser::wrong_2,task,S5,3,3
air_freshener_dispenser::wrong_2,physics,S1,4,4
air_freshener_dispenser::wrong_2,physics,S2,4,4
air_freshener_dispenser::wrong_2,physics,S3,4,4
air_freshener_dispenser::wrong_2,physics,S4,NA,NA
air_freshener_dispenser::wrong_2,physics,S5,4,4
air_freshener_dispenser::wrong_3,task,S1,0,0
air_freshener_dispenser::wrong_3,task,S2,3,3
air_freshener_dispenser::wrong_3,task,S3,0,0
air_freshener_dispenser::wrong_3,physics,S1,NA,NA
air_freshener_dispenser::wrong_3,physics,S2,NA,NA
air_freshener_dispenser::wrong_3,physics,S3,4,4
air_freshener_dispenser::wrong_3,physics,S4,4,4
air_freshener_dispenser::wrong_3,physics,S5,2,3
aromatic_cube_leaf::cosmos_3__101,task,S1,0,0
aromatic_cube_leaf::cosmos_3__101,task,S2,0,0
aromatic_cube_leaf::cosmos_3__101,task,S3,3,3
aromatic_cube_leaf::cosmos_3__101,physics,S1,0,3
aromatic_cube_leaf::cosmos_3__101,physics,S2,0,1
aromatic_cube_leaf::cosmos_3__101,physics,S3,0,3
aromatic_cube_leaf::cosmos_3__202,task,S1,0,0
aromatic_cube_leaf::cosmos_3__202,task,S2,0,0
aromatic_cube_leaf::cosmos_3__202,task,S3,0,0
aromatic_cube_leaf::cosmos_3__202,physics,S1,NA,NA
aromatic_cube_leaf::cosmos_3__202,physics,S2,NA,NA
aromatic_cube_leaf::cosmos_3__202,physics,S3,NA,NA
aromatic_cube_leaf::cosmos_3__303,task,S1,0,0
aromatic_cube_leaf::cosmos_3__303,task,S2,2,2
aromatic_cube_leaf::cosmos_3__303,task,S3,0,0
aromatic_cube_leaf::cosmos_3__303,physics,S1,2,3
aromatic_cube_leaf::cosmos_3__303,physics,S2,2,3
aromatic_cube_leaf::cosmos_3__303,physics,S3,2,3
aromatic_cube_leaf::grok_imagine_video_1_5__101,task,S1,0,0
aromatic_cube_leaf::grok_imagine_video_1_5__101,task,S2,3,3
aromatic_cube_leaf::grok_imagine_video_1_5__101,task,S3,3,3
aromatic_cube_leaf::grok_imagine_video_1_5__101,physics,S1,0,2
aromatic_cube_leaf::grok_imagine_video_1_5__101,physics,S2,4,4
aromatic_cube_leaf::grok_imagine_video_1_5__101,physics,S3,4,4
aromatic_cube_leaf::grok_imagine_video_1_5__303,task,S1,3,3
aromatic_cube_leaf::grok_imagine_video_1_5__303,task,S2,3,3
aromatic_cube_leaf::grok_imagine_video_1_5__303,task,S3,3,3
aromatic_cube_leaf::grok_imagine_video_1_5__303,physics,S1,4,4
aromatic_cube_leaf::grok_imagine_video_1_5__303,physics,S2,4,4
aromatic_cube_leaf::grok_imagine_video_1_5__303,physics,S3,4,4
aromatic_cube_leaf::kling_v3_pro__101,task,S1,3,3
aromatic_cube_leaf::kling_v3_pro__101,task,S2,3,3
aromatic_cube_leaf::kling_v3_pro__101,task,S3,3,3
aromatic_cube_leaf::kling_v3_pro__101,physics,S1,4,4
aromatic_cube_leaf::kling_v3_pro__101,physics,S2,4,4
aromatic_cube_leaf::kling_v3_pro__101,physics,S3,4,4
aromatic_cube_leaf::kling_v3_pro__202,task,S1,3,3
aromatic_cube_leaf::kling_v3_pro__202,task,S2,3,3
aromatic_cube_leaf::kling_v3_pro__202,task,S3,1,1
aromatic_cube_leaf::kling_v3_pro__202,physics,S1,4,4
aromatic_cube_leaf::kling_v3_pro__202,physics,S2,4,4
aromatic_cube_leaf::kling_v3_pro__202,physics,S3,2,3
aromatic_cube_leaf::kling_v3_pro__303,task,S1,3,3
aromatic_cube_leaf::kling_v3_pro__303,task,S2,3,3
aromatic_cube_leaf::kling_v3_pro__303,task,S3,3,3
aromatic_cube_leaf::kling_v3_pro__303,physics,S1,4,4
aromatic_cube_leaf::kling_v3_pro__303,physics,S2,4,4
aromatic_cube_leaf::kling_v3_pro__303,physics,S3,4,4
aromatic_cube_leaf::minimax_h3__101,task,S1,3,3
aromatic_cube_leaf::minimax_h3__101,task,S2,3,3
aromatic_cube_leaf::minimax_h3__101,task,S3,3,3
aromatic_cube_leaf::minimax_h3__101,physics,S1,4,4
aromatic_cube_leaf::minimax_h3__101,physics,S2,4,4
aromatic_cube_leaf::minimax_h3__101,physics,S3,4,4
aromatic_cube_leaf::minimax_h3__303,task,S1,3,3
aromatic_cube_leaf::minimax_h3__303,task,S2,3,3
aromatic_cube_leaf::minimax_h3__303,task,S3,3,3
aromatic_cube_leaf::minimax_h3__303,physics,S1,4,4
aromatic_cube_leaf::minimax_h3__303,physics,S2,4,4
aromatic_cube_leaf::minimax_h3__303,physics,S3,4,4
aromatic_cube_leaf::seedance_2_0__101,task,S1,3,3
aromatic_cube_leaf::seedance_2_0__101,task,S2,3,3
aromatic_cube_leaf::seedance_2_0__101,task,S3,3,3
aromatic_cube_leaf::seedance_2_0__101,physics,S1,4,4
aromatic_cube_leaf::seedance_2_0__101,physics,S2,4,4
aromatic_cube_leaf::seedance_2_0__101,physics,S3,4,4
aromatic_cube_leaf::seedance_2_0__202,task,S1,0,0
aromatic_cube_leaf::seedance_2_0__202,task,S2,3,3
aromatic_cube_leaf::seedance_2_0__202,task,S3,3,3
aromatic_cube_leaf::seedance_2_0__202,physics,S1,NA,NA
aromatic_cube_leaf::seedance_2_0__202,physics,S2,4,4
aromatic_cube_leaf::seedance_2_0__202,physics,S3,4,4
aromatic_cube_leaf::seedance_2_0__303,task,S1,3,3
aromatic_cube_leaf::seedance_2_0__303,task,S2,3,3
aromatic_cube_leaf::seedance_2_0__303,task,S3,3,3
aromatic_cube_leaf::seedance_2_0__303,physics,S1,4,4
aromatic_cube_leaf::seedance_2_0__303,physics,S2,4,4
aromatic_cube_leaf::seedance_2_0__303,physics,S3,4,4
aromatic_cube_leaf::wan_2_7__101,task,S1,0,1
aromatic_cube_leaf::wan_2_7__101,task,S2,1,2
aromatic_cube_leaf::wan_2_7__101,task,S3,3,3
aromatic_cube_leaf::wan_2_7__101,physics,S1,4,4
aromatic_cube_leaf::wan_2_7__101,physics,S2,4,4
aromatic_cube_leaf::wan_2_7__101,physics,S3,4,4
aromatic_cube_leaf::wan_2_7__202,task,S1,1,1
aromatic_cube_leaf::wan_2_7__202,task,S2,0,0
aromatic_cube_leaf::wan_2_7__202,task,S3,3,3
aromatic_cube_leaf::wan_2_7__202,physics,S1,4,4
aromatic_cube_leaf::wan_2_7__202,physics,S2,4,4
aromatic_cube_leaf::wan_2_7__202,physics,S3,NA,NA
aromatic_cube_leaf::wan_2_7__303,task,S1,0,0
aromatic_cube_leaf::wan_2_7__303,task,S2,2,2
aromatic_cube_leaf::wan_2_7__303,task,S3,0,2
aromatic_cube_leaf::wan_2_7__303,physics,S1,0,1
aromatic_cube_leaf::wan_2_7__303,physics,S2,0,2
aromatic_cube_leaf::wan_2_7__303,physics,S3,0,2
aromatic_cube_leaf::wrong_1,task,S1,3,3
aromatic_cube_leaf::wrong_1,task,S2,3,3
aromatic_cube_leaf::wrong_1,task,S3,0,0
aromatic_cube_leaf::wrong_1,physics,S1,4,4
aromatic_cube_leaf::wrong_1,physics,S2,NA,NA
aromatic_cube_leaf::wrong_1,physics,S3,4,4
aromatic_cube_leaf::wrong_1,physics,S4,NA,NA
banknote_card_coin::cosmos_3__303,task,S1,3,3
banknote_card_coin::cosmos_3__303,task,S2,1,1
banknote_card_coin::cosmos_3__303,task,S3,2,2
banknote_card_coin::cosmos_3__303,task,S4,0,0
banknote_card_coin::cosmos_3__303,physics,S1,0,1
banknote_card_coin::cosmos_3__303,physics,S2,0,1
banknote_card_coin::cosmos_3__303,physics,S3,0,1
banknote_card_coin::cosmos_3__303,physics,S4,0,1
banknote_card_coin::grok_imagine_video_1_5__303,task,S1,3,3
banknote_card_coin::grok_imagine_video_1_5__303,task,S2,3,3
banknote_card_coin::grok_imagine_video_1_5__303,task,S3,3,3
banknote_card_coin::grok_imagine_video_1_5__303,task,S4,3,3
banknote_card_coin::grok_imagine_video_1_5__303,physics,S1,4,4
banknote_card_coin::grok_imagine_video_1_5__303,physics,S2,4,4
banknote_card_coin::grok_imagine_video_1_5__303,physics,S3,4,4
banknote_card_coin::grok_imagine_video_1_5__303,physics,S4,4,4
banknote_card_coin::kling_v3_pro__101,task,S1,0,0
banknote_card_coin::kling_v3_pro__101,task,S2,2,2
banknote_card_coin::kling_v3_pro__101,task,S3,3,3
banknote_card_coin::kling_v3_pro__101,task,S4,2,2
banknote_card_coin::kling_v3_pro__101,physics,S1,NA,NA
banknote_card_coin::kling_v3_pro__101,physics,S2,4,4
banknote_card_coin::kling_v3_pro__101,physics,S3,4,4
banknote_card_coin::kling_v3_pro__101,physics,S4,4,4
banknote_card_coin::kling_v3_pro__202,task,S1,0,0
banknote_card_coin::kling_v3_pro__202,task,S2,3,3
banknote_card_coin::kling_v3_pro__202,task,S3,3,3
banknote_card_coin::kling_v3_pro__202,task,S4,3,3
banknote_card_coin::kling_v3_pro__202,physics,S1,NA,NA
banknote_card_coin::kling_v3_pro__202,physics,S2,4,4
banknote_card_coin::kling_v3_pro__202,physics,S3,2,3
banknote_card_coin::kling_v3_pro__202,physics,S4,4,4
banknote_card_coin::kling_v3_pro__303,task,S1,0,0
banknote_card_coin::kling_v3_pro__303,task,S2,1,1
banknote_card_coin::kling_v3_pro__303,task,S3,0,0
banknote_card_coin::kling_v3_pro__303,task,S4,2,2
banknote_card_coin::kling_v3_pro__303,physics,S1,NA,NA
banknote_card_coin::kling_v3_pro__303,physics,S2,4,4
banknote_card_coin::kling_v3_pro__303,physics,S3,NA,NA
banknote_card_coin::kling_v3_pro__303,physics,S4,4,4
banknote_card_coin::minimax_h3__101,task,S1,3,3
banknote_card_coin::minimax_h3__101,task,S2,3,3
banknote_card_coin::minimax_h3__101,task,S3,3,3
banknote_card_coin::minimax_h3__101,task,S4,0,0
banknote_card_coin::minimax_h3__101,physics,S1,4,4
banknote_card_coin::minimax_h3__101,physics,S2,4,4
banknote_card_coin::minimax_h3__101,physics,S3,0,1
banknote_card_coin::minimax_h3__101,physics,S4,4,4
banknote_card_coin::minimax_h3__202,task,S1,3,3
banknote_card_coin::minimax_h3__202,task,S2,3,3
banknote_card_coin::minimax_h3__202,task,S3,3,3
banknote_card_coin::minimax_h3__202,task,S4,3,3
banknote_card_coin::minimax_h3__202,physics,S1,4,4
banknote_card_coin::minimax_h3__202,physics,S2,4,4
banknote_card_coin::minimax_h3__202,physics,S3,4,4
banknote_card_coin::minimax_h3__202,physics,S4,4,4
banknote_card_coin::minimax_h3__303,task,S1,0,2
banknote_card_coin::minimax_h3__303,task,S2,3,3
banknote_card_coin::minimax_h3__303,task,S3,0,0
banknote_card_coin::minimax_h3__303,task,S4,3,3
banknote_card_coin::minimax_h3__303,physics,S1,NA,NA
banknote_card_coin::minimax_h3__303,physics,S2,4,4
banknote_card_coin::minimax_h3__303,physics,S3,NA,NA
banknote_card_coin::minimax_h3__303,physics,S4,4,4
banknote_card_coin::seedance_2_0__101,task,S1,0,1
banknote_card_coin::seedance_2_0__101,task,S2,3,3
banknote_card_coin::seedance_2_0__101,task,S3,0,0
banknote_card_coin::seedance_2_0__101,task,S4,3,3
banknote_card_coin::seedance_2_0__101,physics,S1,4,4
banknote_card_coin::seedance_2_0__101,physics,S2,4,4
banknote_card_coin::seedance_2_0__101,physics,S3,3,3
banknote_card_coin::seedance_2_0__101,physics,S4,4,4
banknote_card_coin::seedance_2_0__202,task,S1,3,3
banknote_card_coin::seedance_2_0__202,task,S2,3,3
banknote_card_coin::seedance_2_0__202,task,S3,3,3
banknote_card_coin::seedance_2_0__202,task,S4,3,3
banknote_card_coin::seedance_2_0__202,physics,S1,4,4
banknote_card_coin::seedance_2_0__202,physics,S2,4,4
banknote_card_coin::seedance_2_0__202,physics,S3,2,3
banknote_card_coin::seedance_2_0__202,physics,S4,4,4
banknote_card_coin::seedance_2_0__303,task,S1,3,3
banknote_card_coin::seedance_2_0__303,task,S2,3,3
banknote_card_coin::seedance_2_0__303,task,S3,3,3
banknote_card_coin::seedance_2_0__303,task,S4,3,3
banknote_card_coin::seedance_2_0__303,physics,S1,4,4
banknote_card_coin::seedance_2_0__303,physics,S2,4,4
banknote_card_coin::seedance_2_0__303,physics,S3,0,2
banknote_card_coin::seedance_2_0__303,physics,S4,4,4
banknote_card_coin::wan_2_7__101,task,S1,0,1
banknote_card_coin::wan_2_7__101,task,S2,3,3
banknote_card_coin::wan_2_7__101,task,S3,0,2
banknote_card_coin::wan_2_7__101,task,S4,3,3
banknote_card_coin::wan_2_7__101,physics,S1,NA,NA
banknote_card_coin::wan_2_7__101,physics,S2,4,4
banknote_card_coin::wan_2_7__101,physics,S3,4,4
banknote_card_coin::wan_2_7__101,physics,S4,4,4
banknote_card_coin::wan_2_7__202,task,S1,1,1
banknote_card_coin::wan_2_7__202,task,S2,3,3
banknote_card_coin::wan_2_7__202,task,S3,3,3
banknote_card_coin::wan_2_7__202,task,S4,0,0
banknote_card_coin::wan_2_7__202,physics,S1,4,4
banknote_card_coin::wan_2_7__202,physics,S2,4,4
banknote_card_coin::wan_2_7__202,physics,S3,3,3
banknote_card_coin::wan_2_7__202,physics,S4,4,4
banknote_card_coin::wan_2_7__303,task,S1,0,0
banknote_card_coin::wan_2_7__303,task,S2,3,3
banknote_card_coin::wan_2_7__303,task,S3,3,3
banknote_card_coin::wan_2_7__303,task,S4,3,3
banknote_card_coin::wan_2_7__303,physics,S1,NA,NA
banknote_card_coin::wan_2_7__303,physics,S2,4,4
banknote_card_coin::wan_2_7__303,physics,S3,4,4
banknote_card_coin::wan_2_7__303,physics,S4,4,4
banknote_card_coin::wrong_1,task,S1,3,3
banknote_card_coin::wrong_1,task,S2,0,0
banknote_card_coin::wrong_1,task,S3,0,0
banknote_card_coin::wrong_1,task,S4,3,3
banknote_card_coin::wrong_1,physics,S1,4,4
banknote_card_coin::wrong_1,physics,S2,NA,NA
banknote_card_coin::wrong_1,physics,S3,NA,NA
banknote_card_coin::wrong_1,physics,S4,4,4
banknote_card_coin::wrong_2,task,S1,3,3
banknote_card_coin::wrong_2,task,S2,3,3
banknote_card_coin::wrong_2,task,S3,0,0
banknote_card_coin::wrong_2,task,S4,3,3
banknote_card_coin::wrong_2,physics,S1,4,4
banknote_card_coin::wrong_2,physics,S2,4,4
banknote_card_coin::wrong_2,physics,S3,NA,NA
banknote_card_coin::wrong_2,physics,S4,4,4
banknote_card_coin::wrong_3,task,S1,3,3
banknote_card_coin::wrong_3,task,S2,3,3
banknote_card_coin::wrong_3,task,S3,0,0
banknote_card_coin::wrong_3,task,S4,0,0
banknote_card_coin::wrong_3,physics,S1,4,4
banknote_card_coin::wrong_3,physics,S2,4,4
banknote_card_coin::wrong_3,physics,S3,4,4
banknote_card_coin::wrong_3,physics,S4,4,4
candle_lighter::cosmos_3__101,task,S1,0,1
candle_lighter::cosmos_3__101,task,S2,0,0
candle_lighter::cosmos_3__101,task,S3,0,0
candle_lighter::cosmos_3__101,task,S4,0,0
candle_lighter::cosmos_3__101,physics,S1,NA,NA
candle_lighter::cosmos_3__101,physics,S2,0,0
candle_lighter::cosmos_3__101,physics,S3,0,1
candle_lighter::cosmos_3__101,physics,S4,NA,NA
candle_lighter::grok_imagine_video_1_5__101,task,S1,3,3
candle_lighter::grok_imagine_video_1_5__101,task,S2,1,1
candle_lighter::grok_imagine_video_1_5__101,task,S3,3,3
candle_lighter::grok_imagine_video_1_5__101,task,S4,3,3
candle_lighter::grok_imagine_video_1_5__101,physics,S1,4,4
candle_lighter::grok_imagine_video_1_5__101,physics,S2,4,4
candle_lighter::grok_imagine_video_1_5__101,physics,S3,4,4
candle_lighter::grok_imagine_video_1_5__101,physics,S4,4,4
candle_lighter::grok_imagine_video_1_5__202,task,S1,3,3
candle_lighter::grok_imagine_video_1_5__202,task,S2,3,3
candle_lighter::grok_imagine_video_1_5__202,task,S3,3,3
candle_lighter::grok_imagine_video_1_5__202,task,S4,3,3
candle_lighter::grok_imagine_video_1_5__202,physics,S1,0,2
candle_lighter::grok_imagine_video_1_5__202,physics,S2,0,3
candle_lighter::grok_imagine_video_1_5__202,physics,S3,4,4
candle_lighter::grok_imagine_video_1_5__202,physics,S4,4,4
candle_lighter::kling_v3_pro__101,task,S1,3,3
candle_lighter::kling_v3_pro__101,task,S2,3,3
candle_lighter::kling_v3_pro__101,task,S3,2,2
candle_lighter::kling_v3_pro__101,task,S4,0,0
candle_lighter::kling_v3_pro__101,physics,S1,4,4
candle_lighter::kling_v3_pro__101,physics,S2,4,4
candle_lighter::kling_v3_pro__101,physics,S3,4,4
candle_lighter::kling_v3_pro__101,physics,S4,NA,NA
candle_lighter::minimax_h3__101,task,S1,3,3
candle_lighter::minimax_h3__101,task,S2,3,3
candle_lighter::minimax_h3__101,task,S3,3,3
candle_lighter::minimax_h3__101,task,S4,0,2
candle_lighter::minimax_h3__101,physics,S1,0,0
candle_lighter::minimax_h3__101,physics,S2,0,3
candle_lighter::minimax_h3__101,physics,S3,4,4
candle_lighter::minimax_h3__101,physics,S4,0,0
candle_lighter::minimax_h3__303,task,S1,0,1
candle_lighter::minimax_h3__303,task,S2,3,3
candle_lighter::minimax_h3__303,task,S3,3,3
candle_lighter::minimax_h3__303,task,S4,0,1
candle_lighter::minimax_h3__303,physics,S1,NA,NA
candle_lighter::minimax_h3__303,physics,S2,4,4
candle_lighter::minimax_h3__303,physics,S3,4,4
candle_lighter::minimax_h3__303,physics,S4,NA,NA
candle_lighter::wan_2_7__202,task,S1,3,3
candle_lighter::wan_2_7__202,task,S2,0,0
candle_lighter::wan_2_7__202,task,S3,2,2
candle_lighter::wan_2_7__202,task,S4,0,2
candle_lighter::wan_2_7__202,physics,S1,4,4
candle_lighter::wan_2_7__202,physics,S2,4,4
candle_lighter::wan_2_7__202,physics,S3,4,4
candle_lighter::wan_2_7__202,physics,S4,4,4
candle_lighter::wrong_2,task,S1,1,1
candle_lighter::wrong_2,task,S2,3,3
candle_lighter::wrong_2,task,S3,3,3
candle_lighter::wrong_2,task,S4,3,3
candle_lighter::wrong_2,physics,S1,4,4
candle_lighter::wrong_2,physics,S2,4,4
candle_lighter::wrong_2,physics,S3,4,4
candle_lighter::wrong_2,physics,S4,4,4
candle_lighter::wrong_3,task,S1,3,3
candle_lighter::wrong_3,task,S2,0,0
candle_lighter::wrong_3,task,S3,3,3
candle_lighter::wrong_3,task,S4,0,0
candle_lighter::wrong_3,physics,S1,4,4
candle_lighter::wrong_3,physics,S2,4,4
candle_lighter::wrong_3,physics,S3,2,3
candle_lighter::wrong_3,physics,S4,NA,NA
coffee_beans::seedance_2_0__202,task,S1,3,3
coffee_beans::seedance_2_0__202,task,S2,3,3
coffee_beans::seedance_2_0__202,task,S3,3,3
coffee_beans::seedance_2_0__202,physics,S1,4,4
coffee_beans::seedance_2_0__202,physics,S2,4,4
coffee_beans::seedance_2_0__202,physics,S3,4,4
coffee_beans::seedance_2_0__303,task,S1,3,3
coffee_beans::seedance_2_0__303,task,S2,3,3
coffee_beans::seedance_2_0__303,task,S3,3,3
coffee_beans::seedance_2_0__303,physics,S1,4,4
coffee_beans::seedance_2_0__303,physics,S2,4,4
coffee_beans::seedance_2_0__303,physics,S3,4,4
cooking_oil::cosmos_3__101,task,S1,3,3
cooking_oil::cosmos_3__101,task,S2,0,0
cooking_oil::cosmos_3__101,task,S3,0,0
cooking_oil::cosmos_3__101,task,S4,0,0
cooking_oil::cosmos_3__101,physics,S1,0,1
cooking_oil::cosmos_3__101,physics,S2,NA,NA
cooking_oil::cosmos_3__101,physics,S3,NA,NA
cooking_oil::cosmos_3__101,physics,S4,NA,NA
cooking_oil::cosmos_3__202,task,S1,0,0
cooking_oil::cosmos_3__202,task,S2,0,0
cooking_oil::cosmos_3__202,task,S3,0,0
cooking_oil::cosmos_3__202,task,S4,0,0
cooking_oil::cosmos_3__202,physics,S1,0,0
cooking_oil::cosmos_3__202,physics,S2,NA,NA
cooking_oil::cosmos_3__202,physics,S3,NA,NA
cooking_oil::cosmos_3__202,physics,S4,NA,NA
cooking_oil::cosmos_3__303,task,S1,1,1
cooking_oil::cosmos_3__303,task,S2,3,3
cooking_oil::cosmos_3__303,task,S3,2,2
cooking_oil::cosmos_3__303,physics,S1,0,0
cooking_oil::cosmos_3__303,physics,S2,1,2
cooking_oil::cosmos_3__303,physics,S3,0,0
cooking_oil::cosmos_3__303,physics,S4,NA,NA
cooking_oil::grok_imagine_video_1_5__101,task,S1,0,0
cooking_oil::grok_imagine_video_1_5__101,task,S2,3,3
cooking_oil::grok_imagine_video_1_5__101,task,S3,3,3
cooking_oil::grok_imagine_video_1_5__101,task,S4,1,1
cooking_oil::grok_imagine_video_1_5__101,physics,S1,NA,NA
cooking_oil::grok_imagine_video_1_5__101,physics,S2,0,3
cooking_oil::grok_imagine_video_1_5__101,physics,S3,4,4
cooking_oil::grok_imagine_video_1_5__101,physics,S4,1,1
cooking_oil::grok_imagine_video_1_5__202,task,S1,0,1
cooking_oil::grok_imagine_video_1_5__202,task,S2,0,1
cooking_oil::grok_imagine_video_1_5__202,task,S3,3,3
cooking_oil::grok_imagine_video_1_5__202,task,S4,3,3
cooking_oil::grok_imagine_video_1_5__202,physics,S1,0,0
cooking_oil::grok_imagine_video_1_5__202,physics,S2,NA,NA
cooking_oil::grok_imagine_video_1_5__202,physics,S3,4,4
cooking_oil::grok_imagine_video_1_5__202,physics,S4,4,4
cooking_oil::grok_imagine_video_1_5__303,task,S1,0,0
cooking_oil::grok_imagine_video_1_5__303,task,S2,3,3
cooking_oil::grok_imagine_video_1_5__303,task,S3,2,2
cooking_oil::grok_imagine_video_1_5__303,physics,S1,NA,NA
cooking_oil::grok_imagine_video_1_5__303,physics,S2,4,4
cooking_oil::grok_imagine_video_1_5__303,physics,S3,2,3
cooking_oil::grok_imagine_video_1_5__303,physics,S4,4,4
cooking_oil::kling_v3_pro__101,task,S1,3,3
cooking_oil::kling_v3_pro__101,task,S2,0,1
cooking_oil::kling_v3_pro__101,task,S3,0,0
cooking_oil::kling_v3_pro__101,task,S4,3,3
cooking_oil::kling_v3_pro__101,physics,S1,4,4
cooking_oil::kling_v3_pro__101,physics,S2,4,4
cooking_oil::kling_v3_pro__101,physics,S3,0,0
cooking_oil::kling_v3_pro__101,physics,S4,4,4
cooking_oil::kling_v3_pro__202,task,S1,0,0
cooking_oil::kling_v3_pro__202,task,S2,0,0
cooking_oil::kling_v3_pro__202,task,S3,0,0
cooking_oil::kling_v3_pro__202,task,S4,2,2
cooking_oil::kling_v3_pro__202,physics,S1,NA,NA
cooking_oil::kling_v3_pro__202,physics,S2,NA,NA
cooking_oil::kling_v3_pro__202,physics,S3,0,0
cooking_oil::kling_v3_pro__202,physics,S4,2,3
cooking_oil::kling_v3_pro__303,task,S1,0,0
cooking_oil::kling_v3_pro__303,task,S2,3,3
cooking_oil::kling_v3_pro__303,task,S3,3,3
cooking_oil::kling_v3_pro__303,task,S4,0,0
cooking_oil::kling_v3_pro__303,physics,S1,NA,NA
cooking_oil::kling_v3_pro__303,physics,S2,1,2
cooking_oil::kling_v3_pro__303,physics,S3,2,3
cooking_oil::kling_v3_pro__303,physics,S4,1,unresolved
cooking_oil::minimax_h3__101,task,S1,3,3
cooking_oil::minimax_h3__101,task,S2,0,2
cooking_oil::minimax_h3__101,task,S3,3,3
cooking_oil::minimax_h3__101,physics,S1,4,4
cooking_oil::minimax_h3__101,physics,S2,2,3
cooking_oil::minimax_h3__101,physics,S3,2,3
cooking_oil::minimax_h3__101,physics,S4,2,3
cooking_oil::minimax_h3__202,task,S1,3,3
cooking_oil::minimax_h3__202,task,S2,0,0
cooking_oil::minimax_h3__202,task,S3,0,1
cooking_oil::minimax_h3__202,task,S4,3,3
cooking_oil::minimax_h3__202,physics,S1,0,1
cooking_oil::minimax_h3__202,physics,S2,NA,NA
cooking_oil::minimax_h3__202,physics,S3,0,0
cooking_oil::minimax_h3__202,physics,S4,4,4
cooking_oil::wan_2_7__101,task,S1,0,0
cooking_oil::wan_2_7__101,task,S2,3,3
cooking_oil::wan_2_7__101,task,S3,2,2
cooking_oil::wan_2_7__101,physics,S1,NA,NA
cooking_oil::wan_2_7__101,physics,S2,4,4
cooking_oil::wan_2_7__101,physics,S3,4,4
cooking_oil::wan_2_7__101,physics,S4,4,4
cooking_oil::wan_2_7__202,task,S1,0,2
cooking_oil::wan_2_7__202,task,S2,0,2
cooking_oil::wan_2_7__202,task,S3,3,3
cooking_oil::wan_2_7__202,task,S4,2,2
cooking_oil::wan_2_7__202,physics,S1,2,3
cooking_oil::wan_2_7__202,physics,S2,4,4
cooking_oil::wan_2_7__202,physics,S3,4,4
cooking_oil::wan_2_7__202,physics,S4,2,3
cooking_oil::wan_2_7__303,task,S1,0,0
cooking_oil::wan_2_7__303,task,S2,0,1
cooking_oil::wan_2_7__303,task,S3,3,3
cooking_oil::wan_2_7__303,task,S4,2,2
cooking_oil::wan_2_7__303,physics,S1,NA,NA
cooking_oil::wan_2_7__303,physics,S2,0,0
cooking_oil::wan_2_7__303,physics,S3,4,4
cooking_oil::wan_2_7__303,physics,S4,3,3
cut_chocolate_bar::cosmos_3__101,task,S1,0,0
cut_chocolate_bar::cosmos_3__101,task,S2,1,2
cut_chocolate_bar::cosmos_3__101,task,S3,0,1
cut_chocolate_bar::cosmos_3__101,task,S4,0,0
cut_chocolate_bar::cosmos_3__101,task,S5,0,0
cut_chocolate_bar::cosmos_3__101,task,S6,0,0
cut_chocolate_bar::cosmos_3__101,physics,S1,0,0
cut_chocolate_bar::cosmos_3__101,physics,S2,0,0
cut_chocolate_bar::cosmos_3__101,physics,S3,0,0
cut_chocolate_bar::cosmos_3__101,physics,S4,NA,NA
cut_chocolate_bar::cosmos_3__101,physics,S5,NA,NA
cut_chocolate_bar::cosmos_3__101,physics,S6,NA,NA
cut_chocolate_bar::cosmos_3__202,task,S1,1,1
cut_chocolate_bar::cosmos_3__202,task,S2,1,1
cut_chocolate_bar::cosmos_3__202,task,S3,0,2
cut_chocolate_bar::cosmos_3__202,task,S4,3,3
cut_chocolate_bar::cosmos_3__202,task,S5,3,3
cut_chocolate_bar::cosmos_3__202,task,S6,0,0
cut_chocolate_bar::cosmos_3__202,physics,S1,0,2
cut_chocolate_bar::cosmos_3__202,physics,S2,0,1
cut_chocolate_bar::cosmos_3__202,physics,S3,0,1
cut_chocolate_bar::cosmos_3__202,physics,S4,0,2
cut_chocolate_bar::cosmos_3__202,physics,S5,0,2
cut_chocolate_bar::cosmos_3__202,physics,S6,0,unresolved
cut_chocolate_bar::cosmos_3__303,task,S1,0,1
cut_chocolate_bar::cosmos_3__303,task,S2,0,1
cut_chocolate_bar::cosmos_3__303,task,S3,3,3
cut_chocolate_bar::cosmos_3__303,task,S4,0,0
cut_chocolate_bar::cosmos_3__303,task,S5,0,0
cut_chocolate_bar::cosmos_3__303,task,S6,0,0
cut_chocolate_bar::cosmos_3__303,physics,S1,0,0
cut_chocolate_bar::cosmos_3__303,physics,S2,0,0
cut_chocolate_bar::cosmos_3__303,physics,S3,2,3
cut_chocolate_bar::cosmos_3__303,physics,S4,0,0
cut_chocolate_bar::cosmos_3__303,physics,S5,0,0
cut_chocolate_bar::cosmos_3__303,physics,S6,0,0
cut_chocolate_bar::grok_imagine_video_1_5__101,task,S1,3,3
cut_chocolate_bar::grok_imagine_video_1_5__101,task,S2,3,3
cut_chocolate_bar::grok_imagine_video_1_5__101,task,S3,0,1
cut_chocolate_bar::grok_imagine_video_1_5__101,task,S4,3,3
cut_chocolate_bar::grok_imagine_video_1_5__101,task,S5,0,0
cut_chocolate_bar::grok_imagine_video_1_5__101,task,S6,2,2
cut_chocolate_bar::grok_imagine_video_1_5__101,physics,S1,4,4
cut_chocolate_bar::grok_imagine_video_1_5__101,physics,S2,0,3
cut_chocolate_bar::grok_imagine_video_1_5__101,physics,S3,0,1
cut_chocolate_bar::grok_imagine_video_1_5__101,physics,S4,0,2
cut_chocolate_bar::grok_imagine_video_1_5__101,physics,S5,0,0
cut_chocolate_bar::grok_imagine_video_1_5__101,physics,S6,2,3
cut_chocolate_bar::grok_imagine_video_1_5__202,task,S1,3,3
cut_chocolate_bar::grok_imagine_video_1_5__202,task,S2,3,3
cut_chocolate_bar::grok_imagine_video_1_5__202,task,S3,3,3
cut_chocolate_bar::grok_imagine_video_1_5__202,task,S4,3,3
cut_chocolate_bar::grok_imagine_video_1_5__202,task,S5,3,3
cut_chocolate_bar::grok_imagine_video_1_5__202,task,S6,3,3
cut_chocolate_bar::grok_imagine_video_1_5__202,physics,S1,4,4
cut_chocolate_bar::grok_imagine_video_1_5__202,physics,S2,4,4
cut_chocolate_bar::grok_imagine_video_1_5__202,physics,S3,4,4
cut_chocolate_bar::grok_imagine_video_1_5__202,physics,S4,0,3
cut_chocolate_bar::grok_imagine_video_1_5__202,physics,S5,0,2
cut_chocolate_bar::grok_imagine_video_1_5__202,physics,S6,4,4
cut_chocolate_bar::grok_imagine_video_1_5__303,task,S1,3,3
cut_chocolate_bar::grok_imagine_video_1_5__303,task,S2,1,1
cut_chocolate_bar::grok_imagine_video_1_5__303,task,S3,0,1
cut_chocolate_bar::grok_imagine_video_1_5__303,task,S4,3,3
cut_chocolate_bar::grok_imagine_video_1_5__303,task,S5,3,3
cut_chocolate_bar::grok_imagine_video_1_5__303,task,S6,0,1
cut_chocolate_bar::grok_imagine_video_1_5__303,physics,S1,4,4
cut_chocolate_bar::grok_imagine_video_1_5__303,physics,S2,0,0
cut_chocolate_bar::grok_imagine_video_1_5__303,physics,S3,NA,NA
cut_chocolate_bar::grok_imagine_video_1_5__303,physics,S4,NA,NA
cut_chocolate_bar::grok_imagine_video_1_5__303,physics,S5,NA,NA
cut_chocolate_bar::grok_imagine_video_1_5__303,physics,S6,NA,NA
cut_chocolate_bar::kling_v3_pro__202,task,S1,3,3
cut_chocolate_bar::kling_v3_pro__202,task,S2,3,3
cut_chocolate_bar::kling_v3_pro__202,task,S3,0,2
cut_chocolate_bar::kling_v3_pro__202,task,S4,3,3
cut_chocolate_bar::kling_v3_pro__202,task,S5,3,3
cut_chocolate_bar::kling_v3_pro__202,task,S6,3,3
cut_chocolate_bar::kling_v3_pro__202,physics,S1,4,4
cut_chocolate_bar::kling_v3_pro__202,physics,S2,4,4
cut_chocolate_bar::kling_v3_pro__202,physics,S3,1,1
cut_chocolate_bar::kling_v3_pro__202,physics,S4,4,4
cut_chocolate_bar::kling_v3_pro__202,physics,S5,4,4
cut_chocolate_bar::kling_v3_pro__202,physics,S6,4,4
cut_chocolate_bar::kling_v3_pro__303,task,S1,3,3
cut_chocolate_bar::kling_v3_pro__303,task,S2,0,2
cut_chocolate_bar::kling_v3_pro__303,task,S3,3,3
cut_chocolate_bar::kling_v3_pro__303,task,S4,3,3
cut_chocolate_bar::kling_v3_pro__303,task,S5,3,3
cut_chocolate_bar::kling_v3_pro__303,task,S6,3,3
cut_chocolate_bar::kling_v3_pro__303,physics,S1,4,4
cut_chocolate_bar::kling_v3_pro__303,physics,S2,4,4
cut_chocolate_bar::kling_v3_pro__303,physics,S3,0,1
cut_chocolate_bar::kling_v3_pro__303,physics,S4,0,3
cut_chocolate_bar::kling_v3_pro__303,physics,S5,4,4
cut_chocolate_bar::kling_v3_pro__303,physics,S6,4,4
cut_chocolate_bar::minimax_h3__101,task,S1,0,0
cut_chocolate_bar::minimax_h3__101,task,S2,2,2
cut_chocolate_bar::minimax_h3__101,task,S3,3,3
cut_chocolate_bar::minimax_h3__101,task,S4,2,2
cut_chocolate_bar::minimax_h3__101,task,S5,0,0
cut_chocolate_bar::minimax_h3__101,task,S6,2,2
cut_chocolate_bar::minimax_h3__101,physics,S1,NA,NA
cut_chocolate_bar::minimax_h3__101,physics,S2,4,4
cut_chocolate_bar::minimax_h3__101,physics,S3,4,4
cut_chocolate_bar::minimax_h3__101,physics,S4,4,4
cut_chocolate_bar::minimax_h3__101,physics,S5,2,2
cut_chocolate_bar::minimax_h3__101,physics,S6,4,4
cut_chocolate_bar::minimax_h3__202,task,S1,1,1
cut_chocolate_bar::minimax_h3__202,task,S2,2,2
cut_chocolate_bar::minimax_h3__202,task,S3,3,3
cut_chocolate_bar::minimax_h3__202,task,S4,2,2
cut_chocolate_bar::minimax_h3__202,task,S5,2,2
cut_chocolate_bar::minimax_h3__202,task,S6,2,2
cut_chocolate_bar::minimax_h3__202,physics,S1,NA,NA
cut_chocolate_bar::minimax_h3__202,physics,S2,4,4
cut_chocolate_bar::minimax_h3__202,physics,S3,4,4
cut_chocolate_bar::minimax_h3__202,physics,S4,4,4
cut_chocolate_bar::minimax_h3__202,physics,S5,4,4
cut_chocolate_bar::minimax_h3__202,physics,S6,4,4
cut_chocolate_bar::seedance_2_0__101,task,S1,3,3
cut_chocolate_bar::seedance_2_0__101,task,S2,3,3
cut_chocolate_bar::seedance_2_0__101,task,S3,0,0
cut_chocolate_bar::seedance_2_0__101,task,S4,3,3
cut_chocolate_bar::seedance_2_0__101,task,S5,3,3
cut_chocolate_bar::seedance_2_0__101,task,S6,3,3
cut_chocolate_bar::seedance_2_0__101,physics,S1,4,4
cut_chocolate_bar::seedance_2_0__101,physics,S2,NA,NA
cut_chocolate_bar::seedance_2_0__101,physics,S3,4,4
cut_chocolate_bar::seedance_2_0__101,physics,S4,2,2
cut_chocolate_bar::seedance_2_0__101,physics,S5,4,4
cut_chocolate_bar::seedance_2_0__101,physics,S6,4,4
cut_chocolate_bar::seedance_2_0__202,task,S1,3,3
cut_chocolate_bar::seedance_2_0__202,task,S2,3,3
cut_chocolate_bar::seedance_2_0__202,task,S3,3,3
cut_chocolate_bar::seedance_2_0__202,task,S4,3,3
cut_chocolate_bar::seedance_2_0__202,task,S5,3,3
cut_chocolate_bar::seedance_2_0__202,task,S6,3,3
cut_chocolate_bar::seedance_2_0__202,physics,S1,4,4
cut_chocolate_bar::seedance_2_0__202,physics,S2,2,3
cut_chocolate_bar::seedance_2_0__202,physics,S3,0,2
cut_chocolate_bar::seedance_2_0__202,physics,S4,4,4
cut_chocolate_bar::seedance_2_0__202,physics,S5,4,4
cut_chocolate_bar::seedance_2_0__202,physics,S6,4,4
cut_chocolate_bar::wan_2_7__101,task,S1,3,3
cut_chocolate_bar::wan_2_7__101,task,S2,3,3
cut_chocolate_bar::wan_2_7__101,task,S3,0,2
cut_chocolate_bar::wan_2_7__101,task,S4,3,3
cut_chocolate_bar::wan_2_7__101,task,S5,3,3
cut_chocolate_bar::wan_2_7__101,task,S6,3,3
cut_chocolate_bar::wan_2_7__101,physics,S1,4,4
cut_chocolate_bar::wan_2_7__101,physics,S2,4,4
cut_chocolate_bar::wan_2_7__101,physics,S3,NA,NA
cut_chocolate_bar::wan_2_7__101,physics,S4,4,4
cut_chocolate_bar::wan_2_7__101,physics,S5,4,4
cut_chocolate_bar::wan_2_7__101,physics,S6,4,4
cut_chocolate_bar::wan_2_7__202,task,S1,3,3
cut_chocolate_bar::wan_2_7__202,task,S2,0,2
cut_chocolate_bar::wan_2_7__202,task,S3,0,2
cut_chocolate_bar::wan_2_7__202,task,S4,3,3
cut_chocolate_bar::wan_2_7__202,task,S5,0,0
cut_chocolate_bar::wan_2_7__202,task,S6,0,1
cut_chocolate_bar::wan_2_7__202,physics,S1,0,3
cut_chocolate_bar::wan_2_7__202,physics,S2,0,0
cut_chocolate_bar::wan_2_7__202,physics,S3,0,0
cut_chocolate_bar::wan_2_7__202,physics,S4,0,3
cut_chocolate_bar::wan_2_7__202,physics,S5,0,0
cut_chocolate_bar::wan_2_7__202,physics,S6,0,0
cut_chocolate_bar::wan_2_7__303,task,S1,3,3
cut_chocolate_bar::wan_2_7__303,task,S2,3,3
cut_chocolate_bar::wan_2_7__303,task,S3,0,2
cut_chocolate_bar::wan_2_7__303,task,S4,3,3
cut_chocolate_bar::wan_2_7__303,task,S5,3,3
cut_chocolate_bar::wan_2_7__303,task,S6,3,3
cut_chocolate_bar::wan_2_7__303,physics,S1,0,3
cut_chocolate_bar::wan_2_7__303,physics,S2,4,4
cut_chocolate_bar::wan_2_7__303,physics,S3,0,3
cut_chocolate_bar::wan_2_7__303,physics,S4,0,3
cut_chocolate_bar::wan_2_7__303,physics,S5,4,4
cut_chocolate_bar::wan_2_7__303,physics,S6,4,4
cut_chocolate_bar::wrong_1,task,S1,0,0
cut_chocolate_bar::wrong_1,task,S2,0,0
cut_chocolate_bar::wrong_1,task,S3,3,3
cut_chocolate_bar::wrong_1,task,S4,0,0
cut_chocolate_bar::wrong_1,task,S5,0,0
cut_chocolate_bar::wrong_1,task,S6,2,2
cut_chocolate_bar::wrong_1,physics,S1,NA,NA
cut_chocolate_bar::wrong_1,physics,S2,NA,NA
cut_chocolate_bar::wrong_1,physics,S3,4,4
cut_chocolate_bar::wrong_1,physics,S4,4,4
cut_chocolate_bar::wrong_1,physics,S5,NA,NA
cut_chocolate_bar::wrong_1,physics,S6,4,4
cut_chocolate_bar::wrong_2,task,S1,0,0
cut_chocolate_bar::wrong_2,task,S2,0,0
cut_chocolate_bar::wrong_2,task,S3,0,0
cut_chocolate_bar::wrong_2,task,S4,0,0
cut_chocolate_bar::wrong_2,task,S5,0,0
cut_chocolate_bar::wrong_2,task,S6,0,0
cut_chocolate_bar::wrong_2,physics,S1,NA,NA
cut_chocolate_bar::wrong_2,physics,S2,NA,NA
cut_chocolate_bar::wrong_2,physics,S3,NA,NA
cut_chocolate_bar::wrong_2,physics,S4,NA,NA
cut_chocolate_bar::wrong_2,physics,S5,NA,NA
cut_chocolate_bar::wrong_2,physics,S6,NA,NA
cut_chocolate_bar::wrong_3,task,S1,3,3
cut_chocolate_bar::wrong_3,task,S2,0,0
cut_chocolate_bar::wrong_3,task,S3,3,3
cut_chocolate_bar::wrong_3,task,S4,0,1
cut_chocolate_bar::wrong_3,task,S5,0,0
cut_chocolate_bar::wrong_3,task,S6,2,2
cut_chocolate_bar::wrong_3,physics,S1,4,4
cut_chocolate_bar::wrong_3,physics,S2,NA,NA
cut_chocolate_bar::wrong_3,physics,S3,4,4
cut_chocolate_bar::wrong_3,physics,S4,4,4
cut_chocolate_bar::wrong_3,physics,S5,NA,NA
cut_chocolate_bar::wrong_3,physics,S6,4,4
desk_mat_tablet::cosmos_3__101,task,S1,0,0
desk_mat_tablet::cosmos_3__101,task,S2,2,2
desk_mat_tablet::cosmos_3__101,physics,S1,NA,NA
desk_mat_tablet::cosmos_3__101,physics,S2,NA,NA
desk_mat_tablet::cosmos_3__101,physics,S3,2,3
desk_mat_tablet::cosmos_3__101,physics,S4,NA,NA
desk_mat_tablet::cosmos_3__202,task,S1,0,0
desk_mat_tablet::cosmos_3__202,task,S2,0,0
desk_mat_tablet::cosmos_3__202,physics,S1,0,3
desk_mat_tablet::cosmos_3__202,physics,S2,0,1
desk_mat_tablet::cosmos_3__202,physics,S3,0,1
desk_mat_tablet::cosmos_3__202,physics,S4,0,1
desk_mat_tablet::grok_imagine_video_1_5__101,task,S1,3,3
desk_mat_tablet::grok_imagine_video_1_5__101,task,S2,3,3
desk_mat_tablet::grok_imagine_video_1_5__101,physics,S1,4,4
desk_mat_tablet::grok_imagine_video_1_5__101,physics,S2,NA,NA
desk_mat_tablet::grok_imagine_video_1_5__101,physics,S3,4,4
desk_mat_tablet::grok_imagine_video_1_5__202,task,S1,3,3
desk_mat_tablet::grok_imagine_video_1_5__202,task,S2,3,3
desk_mat_tablet::grok_imagine_video_1_5__202,physics,S1,NA,NA
desk_mat_tablet::grok_imagine_video_1_5__202,physics,S2,4,4
desk_mat_tablet::grok_imagine_video_1_5__202,physics,S3,4,4
desk_mat_tablet::grok_imagine_video_1_5__202,physics,S4,4,4
desk_mat_tablet::minimax_h3__101,task,S1,3,3
desk_mat_tablet::minimax_h3__101,task,S2,3,3
desk_mat_tablet::minimax_h3__101,physics,S1,NA,NA
desk_mat_tablet::minimax_h3__101,physics,S2,NA,NA
desk_mat_tablet::minimax_h3__101,physics,S3,0,2
desk_mat_tablet::minimax_h3__101,physics,S4,4,4
desk_mat_tablet::minimax_h3__202,task,S1,3,3
desk_mat_tablet::minimax_h3__202,task,S2,2,2
desk_mat_tablet::minimax_h3__202,physics,S1,NA,NA
desk_mat_tablet::minimax_h3__202,physics,S2,0,0
desk_mat_tablet::minimax_h3__202,physics,S3,0,3
desk_mat_tablet::minimax_h3__202,physics,S4,4,4
desk_mat_tablet::seedance_2_0__202,task,S1,3,3
desk_mat_tablet::seedance_2_0__202,task,S2,3,3
desk_mat_tablet::seedance_2_0__202,physics,S1,NA,NA
desk_mat_tablet::seedance_2_0__202,physics,S2,4,4
desk_mat_tablet::seedance_2_0__202,physics,S3,4,4
desk_mat_tablet::seedance_2_0__202,physics,S4,4,4
desk_mat_tablet::seedance_2_0__303,task,S1,3,3
desk_mat_tablet::seedance_2_0__303,task,S2,3,3
desk_mat_tablet::seedance_2_0__303,physics,S1,4,4
desk_mat_tablet::seedance_2_0__303,physics,S2,NA,NA
desk_mat_tablet::seedance_2_0__303,physics,S3,2,2
desk_mat_tablet::seedance_2_0__303,physics,S4,4,4
desk_mat_tablet::seedance_2_0__303,physics,S5,4,4
desk_mat_tablet::wan_2_7__101,task,S1,3,3
desk_mat_tablet::wan_2_7__101,task,S2,3,3
desk_mat_tablet::wan_2_7__101,physics,S1,NA,NA
desk_mat_tablet::wan_2_7__101,physics,S2,NA,NA
desk_mat_tablet::wan_2_7__101,physics,S3,4,4
desk_mat_tablet::wan_2_7__101,physics,S4,4,4
desk_mat_tablet::wan_2_7__101,physics,S5,4,4
desk_mat_tablet::wrong_2,task,S1,0,0
desk_mat_tablet::wrong_2,task,S2,3,3
desk_mat_tablet::wrong_2,task,S3,0,1
desk_mat_tablet::wrong_2,physics,S1,4,4
desk_mat_tablet::wrong_2,physics,S2,0,unresolved
desk_mat_tablet::wrong_2,physics,S3,4,4
desk_mat_tablet::wrong_2,physics,S4,4,4
desk_mat_tablet::wrong_2,physics,S5,0,2
dish_washdry::cosmos_3__101,task,S1,2,2
dish_washdry::cosmos_3__101,task,S2,1,1
dish_washdry::cosmos_3__101,task,S3,0,0
dish_washdry::cosmos_3__101,task,S4,0,0
dish_washdry::cosmos_3__101,task,S5,0,0
dish_washdry::cosmos_3__101,physics,S1,0,1
dish_washdry::cosmos_3__101,physics,S2,NA,NA
dish_washdry::cosmos_3__101,physics,S3,NA,NA
dish_washdry::cosmos_3__101,physics,S4,NA,NA
dish_washdry::cosmos_3__101,physics,S5,NA,NA
dish_washdry::cosmos_3__101,physics,S6,NA,NA
dish_washdry::cosmos_3__101,physics,S7,NA,NA
dish_washdry::cosmos_3__303,task,S1,1,1
dish_washdry::cosmos_3__303,task,S2,1,1
dish_washdry::cosmos_3__303,task,S3,0,0
dish_washdry::cosmos_3__303,task,S4,0,0
dish_washdry::cosmos_3__303,task,S5,0,0
dish_washdry::cosmos_3__303,physics,S1,0,0
dish_washdry::cosmos_3__303,physics,S2,0,2
dish_washdry::cosmos_3__303,physics,S3,NA,NA
dish_washdry::cosmos_3__303,physics,S4,NA,NA
dish_washdry::cosmos_3__303,physics,S5,NA,NA
dish_washdry::cosmos_3__303,physics,S6,NA,NA
dish_washdry::cosmos_3__303,physics,S7,NA,NA
dish_washdry::kling_v3_pro__202,task,S1,3,3
dish_washdry::kling_v3_pro__202,task,S2,3,3
dish_washdry::kling_v3_pro__202,task,S3,3,3
dish_washdry::kling_v3_pro__202,task,S4,3,3
dish_washdry::kling_v3_pro__202,task,S5,3,3
dish_washdry::kling_v3_pro__202,physics,S1,4,4
dish_washdry::kling_v3_pro__202,physics,S2,0,3
dish_washdry::kling_v3_pro__202,physics,S3,4,4
dish_washdry::kling_v3_pro__202,physics,S4,4,4
dish_washdry::kling_v3_pro__202,physics,S5,4,4
dish_washdry::kling_v3_pro__202,physics,S6,4,4
dish_washdry::kling_v3_pro__202,physics,S7,4,4
dish_washdry::seedance_2_0__101,task,S1,3,3
dish_washdry::seedance_2_0__101,task,S2,3,3
dish_washdry::seedance_2_0__101,task,S3,0,0
dish_washdry::seedance_2_0__101,task,S4,2,2
dish_washdry::seedance_2_0__101,task,S5,2,2
dish_washdry::seedance_2_0__101,physics,S1,2,2
dish_washdry::seedance_2_0__101,physics,S2,0,2
dish_washdry::seedance_2_0__101,physics,S3,0,0
dish_washdry::seedance_2_0__101,physics,S4,0,0
dish_washdry::seedance_2_0__101,physics,S5,0,0
dish_washdry::seedance_2_0__101,physics,S6,2,3
dish_washdry::seedance_2_0__101,physics,S7,2,3
dish_washdry::seedance_2_0__202,task,S1,3,3
dish_washdry::seedance_2_0__202,task,S2,3,3
dish_washdry::seedance_2_0__202,task,S3,2,2
dish_washdry::seedance_2_0__202,task,S4,3,3
dish_washdry::seedance_2_0__202,task,S5,3,3
dish_washdry::seedance_2_0__202,physics,S1,4,4
dish_washdry::seedance_2_0__202,physics,S2,4,4
dish_washdry::seedance_2_0__202,physics,S3,NA,NA
dish_washdry::seedance_2_0__202,physics,S4,4,4
dish_washdry::seedance_2_0__202,physics,S5,4,4
dish_washdry::seedance_2_0__202,physics,S6,4,4
dish_washdry::seedance_2_0__202,physics,S7,4,4
dish_washdry::wan_2_7__101,task,S1,3,3
dish_washdry::wan_2_7__101,task,S2,3,3
dish_washdry::wan_2_7__101,task,S3,3,3
dish_washdry::wan_2_7__101,task,S4,3,3
dish_washdry::wan_2_7__101,task,S5,3,3
dish_washdry::wan_2_7__101,physics,S1,4,4
dish_washdry::wan_2_7__101,physics,S2,4,4
dish_washdry::wan_2_7__101,physics,S3,NA,NA
dish_washdry::wan_2_7__101,physics,S4,NA,NA
dish_washdry::wan_2_7__101,physics,S5,4,4
dish_washdry::wan_2_7__101,physics,S6,4,4
dish_washdry::wan_2_7__101,physics,S7,4,4
dish_washdry::wrong_2,task,S1,3,3
dish_washdry::wrong_2,task,S2,0,0
dish_washdry::wrong_2,task,S3,1,1
dish_washdry::wrong_2,task,S4,1,1
dish_washdry::wrong_2,task,S5,2,2
dish_washdry::wrong_2,task,S6,2,2
dish_washdry::wrong_2,task,S7,0,0
dish_washdry::wrong_2,physics,S1,4,4
dish_washdry::wrong_2,physics,S2,4,4
dish_washdry::wrong_2,physics,S3,4,4
dish_washdry::wrong_2,physics,S4,4,4
dish_washdry::wrong_2,physics,S5,4,4
dish_washdry::wrong_3,task,S1,3,3
dish_washdry::wrong_3,task,S2,0,0
dish_washdry::wrong_3,task,S3,3,3
dish_washdry::wrong_3,task,S4,0,0
dish_washdry::wrong_3,task,S5,0,0
dish_washdry::wrong_3,task,S6,0,0
dish_washdry::wrong_3,task,S7,0,0
dish_washdry::wrong_3,physics,S1,4,4
dish_washdry::wrong_3,physics,S2,4,4
dish_washdry::wrong_3,physics,S3,4,4
dish_washdry::wrong_3,physics,S4,NA,NA
dish_washdry::wrong_3,physics,S5,NA,NA
dish_washdry::wrong_3,physics,S6,NA,NA
dish_washdry::wrong_3,physics,S7,4,4
double_shoe_box::cosmos_3__101,task,S1,3,3
double_shoe_box::cosmos_3__101,task,S2,0,0
double_shoe_box::cosmos_3__101,task,S3,1,1
double_shoe_box::cosmos_3__101,task,S4,0,0
double_shoe_box::cosmos_3__101,task,S5,0,0
double_shoe_box::cosmos_3__101,physics,S1,4,4
double_shoe_box::cosmos_3__101,physics,S2,2,2
double_shoe_box::cosmos_3__101,physics,S3,2,2
double_shoe_box::cosmos_3__101,physics,S4,2,2
double_shoe_box::cosmos_3__101,physics,S5,NA,NA
double_shoe_box::cosmos_3__202,task,S1,0,2
double_shoe_box::cosmos_3__202,task,S2,0,0
double_shoe_box::cosmos_3__202,task,S3,3,3
double_shoe_box::cosmos_3__202,task,S4,2,2
double_shoe_box::cosmos_3__202,task,S5,0,1
double_shoe_box::cosmos_3__202,physics,S1,0,1
double_shoe_box::cosmos_3__202,physics,S2,0,1
double_shoe_box::cosmos_3__202,physics,S3,0,1
double_shoe_box::cosmos_3__202,physics,S4,0,1
double_shoe_box::cosmos_3__202,physics,S5,NA,NA
double_shoe_box::cosmos_3__303,task,S1,3,3
double_shoe_box::cosmos_3__303,task,S2,0,2
double_shoe_box::cosmos_3__303,task,S3,3,3
double_shoe_box::cosmos_3__303,task,S4,0,0
double_shoe_box::cosmos_3__303,task,S5,0,0
double_shoe_box::cosmos_3__303,physics,S1,4,4
double_shoe_box::cosmos_3__303,physics,S2,4,4
double_shoe_box::cosmos_3__303,physics,S3,4,4
double_shoe_box::cosmos_3__303,physics,S4,0,unresolved
double_shoe_box::cosmos_3__303,physics,S5,0,unresolved
double_shoe_box::grok_imagine_video_1_5__101,task,S1,3,3
double_shoe_box::grok_imagine_video_1_5__101,task,S2,0,0
double_shoe_box::grok_imagine_video_1_5__101,task,S3,3,3
double_shoe_box::grok_imagine_video_1_5__101,task,S4,3,3
double_shoe_box::grok_imagine_video_1_5__101,task,S5,3,3
double_shoe_box::grok_imagine_video_1_5__101,physics,S1,NA,NA
double_shoe_box::grok_imagine_video_1_5__101,physics,S2,NA,NA
double_shoe_box::grok_imagine_video_1_5__101,physics,S3,4,4
double_shoe_box::grok_imagine_video_1_5__101,physics,S4,4,4
double_shoe_box::grok_imagine_video_1_5__101,physics,S5,4,4
double_shoe_box::grok_imagine_video_1_5__202,task,S1,0,1
double_shoe_box::grok_imagine_video_1_5__202,task,S2,0,0
double_shoe_box::grok_imagine_video_1_5__202,task,S3,0,0
double_shoe_box::grok_imagine_video_1_5__202,task,S4,2,2
double_shoe_box::grok_imagine_video_1_5__202,task,S5,0,0
double_shoe_box::grok_imagine_video_1_5__202,physics,S1,2,3
double_shoe_box::grok_imagine_video_1_5__202,physics,S2,1,1
double_shoe_box::grok_imagine_video_1_5__202,physics,S3,1,1
double_shoe_box::grok_imagine_video_1_5__202,physics,S4,2,2
double_shoe_box::grok_imagine_video_1_5__202,physics,S5,1,1
double_shoe_box::kling_v3_pro__101,task,S1,3,3
double_shoe_box::kling_v3_pro__101,task,S2,3,3
double_shoe_box::kling_v3_pro__101,task,S3,3,3
double_shoe_box::kling_v3_pro__101,task,S4,3,3
double_shoe_box::kling_v3_pro__101,task,S5,3,3
double_shoe_box::kling_v3_pro__101,physics,S1,4,4
double_shoe_box::kling_v3_pro__101,physics,S2,4,4
double_shoe_box::kling_v3_pro__101,physics,S3,4,4
double_shoe_box::kling_v3_pro__101,physics,S4,4,4
double_shoe_box::kling_v3_pro__101,physics,S5,4,4
double_shoe_box::kling_v3_pro__202,task,S1,0,0
double_shoe_box::kling_v3_pro__202,task,S2,3,3
double_shoe_box::kling_v3_pro__202,task,S3,3,3
double_shoe_box::kling_v3_pro__202,task,S4,3,3
double_shoe_box::kling_v3_pro__202,task,S5,0,1
double_shoe_box::kling_v3_pro__202,physics,S1,NA,NA
double_shoe_box::kling_v3_pro__202,physics,S2,4,4
double_shoe_box::kling_v3_pro__202,physics,S3,4,4
double_shoe_box::kling_v3_pro__202,physics,S4,4,4
double_shoe_box::kling_v3_pro__202,physics,S5,4,4
double_shoe_box::kling_v3_pro__303,task,S1,3,3
double_shoe_box::kling_v3_pro__303,task,S2,0,0
double_shoe_box::kling_v3_pro__303,task,S3,3,3
double_shoe_box::kling_v3_pro__303,task,S4,3,3
double_shoe_box::kling_v3_pro__303,task,S5,3,3
double_shoe_box::kling_v3_pro__303,physics,S1,4,4
double_shoe_box::kling_v3_pro__303,physics,S2,NA,NA
double_shoe_box::kling_v3_pro__303,physics,S3,4,4
double_shoe_box::kling_v3_pro__303,physics,S4,4,4
double_shoe_box::kling_v3_pro__303,physics,S5,4,4
double_shoe_box::minimax_h3__101,task,S1,3,3
double_shoe_box::minimax_h3__101,task,S2,3,3
double_shoe_box::minimax_h3__101,task,S3,3,3
double_shoe_box::minimax_h3__101,task,S4,3,3
double_shoe_box::minimax_h3__101,task,S5,3,3
double_shoe_box::minimax_h3__101,physics,S1,4,4
double_shoe_box::minimax_h3__101,physics,S2,4,4
double_shoe_box::minimax_h3__101,physics,S3,4,4
double_shoe_box::minimax_h3__101,physics,S4,4,4
double_shoe_box::minimax_h3__101,physics,S5,4,4
double_shoe_box::minimax_h3__202,task,S1,3,3
double_shoe_box::minimax_h3__202,task,S2,3,3
double_shoe_box::minimax_h3__202,task,S3,3,3
double_shoe_box::minimax_h3__202,task,S4,3,3
double_shoe_box::minimax_h3__202,task,S5,3,3
double_shoe_box::minimax_h3__202,physics,S1,4,4
double_shoe_box::minimax_h3__202,physics,S2,4,4
double_shoe_box::minimax_h3__202,physics,S3,4,4
double_shoe_box::minimax_h3__202,physics,S4,4,4
double_shoe_box::minimax_h3__202,physics,S5,4,4
double_shoe_box::minimax_h3__303,task,S1,3,3
double_shoe_box::minimax_h3__303,task,S2,3,3
double_shoe_box::minimax_h3__303,task,S3,3,3
double_shoe_box::minimax_h3__303,task,S4,3,3
double_shoe_box::minimax_h3__303,task,S5,3,3
double_shoe_box::minimax_h3__303,physics,S1,4,4
double_shoe_box::minimax_h3__303,physics,S2,4,4
double_shoe_box::minimax_h3__303,physics,S3,4,4
double_shoe_box::minimax_h3__303,physics,S4,4,4
double_shoe_box::minimax_h3__303,physics,S5,4,4
double_shoe_box::seedance_2_0__101,task,S1,0,2
double_shoe_box::seedance_2_0__101,task,S2,3,3
double_shoe_box::seedance_2_0__101,task,S3,3,3
double_shoe_box::seedance_2_0__101,task,S4,3,3
double_shoe_box::seedance_2_0__101,task,S5,3,3
double_shoe_box::seedance_2_0__101,physics,S1,NA,NA
double_shoe_box::seedance_2_0__101,physics,S2,4,4
double_shoe_box::seedance_2_0__101,physics,S3,4,4
double_shoe_box::seedance_2_0__101,physics,S4,4,4
double_shoe_box::seedance_2_0__101,physics,S5,2,2
double_shoe_box::seedance_2_0__202,task,S1,3,3
double_shoe_box::seedance_2_0__202,task,S2,3,3
double_shoe_box::seedance_2_0__202,task,S3,3,3
double_shoe_box::seedance_2_0__202,task,S4,3,3
double_shoe_box::seedance_2_0__202,task,S5,3,3
double_shoe_box::seedance_2_0__202,physics,S1,4,4
double_shoe_box::seedance_2_0__202,physics,S2,4,4
double_shoe_box::seedance_2_0__202,physics,S3,4,4
double_shoe_box::seedance_2_0__202,physics,S4,4,4
double_shoe_box::seedance_2_0__202,physics,S5,0,3
double_shoe_box::seedance_2_0__303,task,S1,0,0
double_shoe_box::seedance_2_0__303,task,S2,3,3
double_shoe_box::seedance_2_0__303,task,S3,3,3
double_shoe_box::seedance_2_0__303,task,S4,3,3
double_shoe_box::seedance_2_0__303,task,S5,3,3
double_shoe_box::seedance_2_0__303,physics,S1,NA,NA
double_shoe_box::seedance_2_0__303,physics,S2,4,4
double_shoe_box::seedance_2_0__303,physics,S3,4,4
double_shoe_box::seedance_2_0__303,physics,S4,4,4
double_shoe_box::seedance_2_0__303,physics,S5,4,4
double_shoe_box::wan_2_7__101,task,S1,0,0
double_shoe_box::wan_2_7__101,task,S2,3,3
double_shoe_box::wan_2_7__101,task,S3,3,3
double_shoe_box::wan_2_7__101,task,S4,3,3
double_shoe_box::wan_2_7__101,task,S5,3,3
double_shoe_box::wan_2_7__101,physics,S1,NA,NA
double_shoe_box::wan_2_7__101,physics,S2,4,4
double_shoe_box::wan_2_7__101,physics,S3,4,4
double_shoe_box::wan_2_7__101,physics,S4,4,4
double_shoe_box::wan_2_7__101,physics,S5,4,4
double_shoe_box::wan_2_7__303,task,S1,0,0
double_shoe_box::wan_2_7__303,task,S2,3,3
double_shoe_box::wan_2_7__303,task,S3,3,3
double_shoe_box::wan_2_7__303,task,S4,3,3
double_shoe_box::wan_2_7__303,task,S5,0,1
double_shoe_box::wan_2_7__303,physics,S1,0,0
double_shoe_box::wan_2_7__303,physics,S2,4,4
double_shoe_box::wan_2_7__303,physics,S3,0,1
double_shoe_box::wan_2_7__303,physics,S4,4,4
double_shoe_box::wan_2_7__303,physics,S5,0,0
double_shoe_box::wrong_1,task,S1,0,0
double_shoe_box::wrong_1,task,S2,0,0
double_shoe_box::wrong_1,task,S3,3,3
double_shoe_box::wrong_1,task,S4,3,3
double_shoe_box::wrong_1,task,S5,0,0
double_shoe_box::wrong_1,physics,S1,NA,NA
double_shoe_box::wrong_1,physics,S2,NA,NA
double_shoe_box::wrong_1,physics,S3,4,4
double_shoe_box::wrong_1,physics,S4,4,4
double_shoe_box::wrong_1,physics,S5,NA,NA
double_shoe_box::wrong_3,task,S1,0,0
double_shoe_box::wrong_3,task,S2,3,3
double_shoe_box::wrong_3,task,S3,3,3
double_shoe_box::wrong_3,task,S4,3,3
double_shoe_box::wrong_3,task,S5,0,0
double_shoe_box::wrong_3,physics,S1,NA,NA
double_shoe_box::wrong_3,physics,S2,4,4
double_shoe_box::wrong_3,physics,S3,4,4
double_shoe_box::wrong_3,physics,S4,4,4
double_shoe_box::wrong_3,physics,S5,0,0
egg_candy_air_fryer::cosmos_3__101,task,S1,3,3
egg_candy_air_fryer::cosmos_3__101,task,S2,0,0
egg_candy_air_fryer::cosmos_3__101,task,S3,0,0
egg_candy_air_fryer::cosmos_3__101,task,S4,2,2
egg_candy_air_fryer::cosmos_3__101,task,S5,0,0
egg_candy_air_fryer::cosmos_3__101,physics,S1,0,0
egg_candy_air_fryer::cosmos_3__101,physics,S2,NA,NA
egg_candy_air_fryer::cosmos_3__101,physics,S3,NA,NA
egg_candy_air_fryer::cosmos_3__101,physics,S4,4,4
egg_candy_air_fryer::cosmos_3__101,physics,S5,NA,NA
egg_candy_air_fryer::cosmos_3__303,task,S1,1,1
egg_candy_air_fryer::cosmos_3__303,task,S2,0,0
egg_candy_air_fryer::cosmos_3__303,task,S3,0,0
egg_candy_air_fryer::cosmos_3__303,task,S4,2,2
egg_candy_air_fryer::cosmos_3__303,task,S5,0,0
egg_candy_air_fryer::cosmos_3__303,physics,S1,0,1
egg_candy_air_fryer::cosmos_3__303,physics,S2,0,1
egg_candy_air_fryer::cosmos_3__303,physics,S3,NA,NA
egg_candy_air_fryer::cosmos_3__303,physics,S4,0,3
egg_candy_air_fryer::cosmos_3__303,physics,S5,NA,NA
egg_candy_air_fryer::grok_imagine_video_1_5__101,task,S1,3,3
egg_candy_air_fryer::grok_imagine_video_1_5__101,task,S2,3,3
egg_candy_air_fryer::grok_imagine_video_1_5__101,task,S3,3,3
egg_candy_air_fryer::grok_imagine_video_1_5__101,task,S4,3,3
egg_candy_air_fryer::grok_imagine_video_1_5__101,task,S5,3,3
egg_candy_air_fryer::grok_imagine_video_1_5__101,physics,S1,4,4
egg_candy_air_fryer::grok_imagine_video_1_5__101,physics,S2,4,4
egg_candy_air_fryer::grok_imagine_video_1_5__101,physics,S3,4,4
egg_candy_air_fryer::grok_imagine_video_1_5__101,physics,S4,4,4
egg_candy_air_fryer::grok_imagine_video_1_5__101,physics,S5,4,4
egg_candy_air_fryer::grok_imagine_video_1_5__202,task,S1,3,3
egg_candy_air_fryer::grok_imagine_video_1_5__202,task,S2,3,3
egg_candy_air_fryer::grok_imagine_video_1_5__202,task,S3,3,3
egg_candy_air_fryer::grok_imagine_video_1_5__202,task,S4,3,3
egg_candy_air_fryer::grok_imagine_video_1_5__202,task,S5,3,3
egg_candy_air_fryer::grok_imagine_video_1_5__202,physics,S1,4,4
egg_candy_air_fryer::grok_imagine_video_1_5__202,physics,S2,4,4
egg_candy_air_fryer::grok_imagine_video_1_5__202,physics,S3,4,4
egg_candy_air_fryer::grok_imagine_video_1_5__202,physics,S4,4,4
egg_candy_air_fryer::grok_imagine_video_1_5__202,physics,S5,4,4
egg_candy_air_fryer::grok_imagine_video_1_5__303,task,S1,3,3
egg_candy_air_fryer::grok_imagine_video_1_5__303,task,S2,3,3
egg_candy_air_fryer::grok_imagine_video_1_5__303,task,S3,3,3
egg_candy_air_fryer::grok_imagine_video_1_5__303,task,S4,3,3
egg_candy_air_fryer::grok_imagine_video_1_5__303,task,S5,2,2
egg_candy_air_fryer::grok_imagine_video_1_5__303,physics,S1,4,4
egg_candy_air_fryer::grok_imagine_video_1_5__303,physics,S2,4,4
egg_candy_air_fryer::grok_imagine_video_1_5__303,physics,S3,4,4
egg_candy_air_fryer::grok_imagine_video_1_5__303,physics,S4,4,4
egg_candy_air_fryer::grok_imagine_video_1_5__303,physics,S5,4,4
egg_candy_air_fryer::kling_v3_pro__101,task,S1,3,3
egg_candy_air_fryer::kling_v3_pro__101,task,S2,3,3
egg_candy_air_fryer::kling_v3_pro__101,task,S3,3,3
egg_candy_air_fryer::kling_v3_pro__101,task,S4,3,3
egg_candy_air_fryer::kling_v3_pro__101,task,S5,1,1
egg_candy_air_fryer::kling_v3_pro__101,physics,S1,4,4
egg_candy_air_fryer::kling_v3_pro__101,physics,S2,4,4
egg_candy_air_fryer::kling_v3_pro__101,physics,S3,4,4
egg_candy_air_fryer::kling_v3_pro__101,physics,S4,4,4
egg_candy_air_fryer::kling_v3_pro__101,physics,S5,4,4
egg_candy_air_fryer::kling_v3_pro__202,task,S1,3,3
egg_candy_air_fryer::kling_v3_pro__202,task,S2,3,3
egg_candy_air_fryer::kling_v3_pro__202,task,S3,3,3
egg_candy_air_fryer::kling_v3_pro__202,task,S4,3,3
egg_candy_air_fryer::kling_v3_pro__202,task,S5,3,3
egg_candy_air_fryer::kling_v3_pro__202,physics,S1,4,4
egg_candy_air_fryer::kling_v3_pro__202,physics,S2,4,4
egg_candy_air_fryer::kling_v3_pro__202,physics,S3,4,4
egg_candy_air_fryer::kling_v3_pro__202,physics,S4,4,4
egg_candy_air_fryer::kling_v3_pro__202,physics,S5,4,4
egg_candy_air_fryer::kling_v3_pro__303,task,S1,3,3
egg_candy_air_fryer::kling_v3_pro__303,task,S2,3,3
egg_candy_air_fryer::kling_v3_pro__303,task,S3,3,3
egg_candy_air_fryer::kling_v3_pro__303,task,S4,3,3
egg_candy_air_fryer::kling_v3_pro__303,task,S5,3,3
egg_candy_air_fryer::kling_v3_pro__303,physics,S1,4,4
egg_candy_air_fryer::kling_v3_pro__303,physics,S2,4,4
egg_candy_air_fryer::kling_v3_pro__303,physics,S3,4,4
egg_candy_air_fryer::kling_v3_pro__303,physics,S4,4,4
egg_candy_air_fryer::kling_v3_pro__303,physics,S5,4,4
egg_candy_air_fryer::minimax_h3__202,task,S1,0,2
egg_candy_air_fryer::minimax_h3__202,task,S2,0,2
egg_candy_air_fryer::minimax_h3__202,task,S3,0,1
egg_candy_air_fryer::minimax_h3__202,task,S4,3,3
egg_candy_air_fryer::minimax_h3__202,task,S5,0,0
egg_candy_air_fryer::minimax_h3__202,physics,S1,4,4
egg_candy_air_fryer::minimax_h3__202,physics,S2,4,4
egg_candy_air_fryer::minimax_h3__202,physics,S3,NA,NA
egg_candy_air_fryer::minimax_h3__202,physics,S4,4,4
egg_candy_air_fryer::minimax_h3__202,physics,S5,NA,NA
egg_candy_air_fryer::seedance_2_0__101,task,S1,3,3
egg_candy_air_fryer::seedance_2_0__101,task,S2,3,3
egg_candy_air_fryer::seedance_2_0__101,task,S3,3,3
egg_candy_air_fryer::seedance_2_0__101,task,S4,3,3
egg_candy_air_fryer::seedance_2_0__101,task,S5,3,3
egg_candy_air_fryer::seedance_2_0__101,physics,S1,4,4
egg_candy_air_fryer::seedance_2_0__101,physics,S2,4,4
egg_candy_air_fryer::seedance_2_0__101,physics,S3,4,4
egg_candy_air_fryer::seedance_2_0__101,physics,S4,4,4
egg_candy_air_fryer::seedance_2_0__101,physics,S5,4,4
egg_candy_air_fryer::seedance_2_0__202,task,S1,3,3
egg_candy_air_fryer::seedance_2_0__202,task,S2,3,3
egg_candy_air_fryer::seedance_2_0__202,task,S3,3,3
egg_candy_air_fryer::seedance_2_0__202,task,S4,3,3
egg_candy_air_fryer::seedance_2_0__202,task,S5,3,3
egg_candy_air_fryer::seedance_2_0__202,physics,S1,4,4
egg_candy_air_fryer::seedance_2_0__202,physics,S2,4,4
egg_candy_air_fryer::seedance_2_0__202,physics,S3,4,4
egg_candy_air_fryer::seedance_2_0__202,physics,S4,4,4
egg_candy_air_fryer::seedance_2_0__202,physics,S5,4,4
egg_candy_air_fryer::seedance_2_0__303,task,S1,3,3
egg_candy_air_fryer::seedance_2_0__303,task,S2,3,3
egg_candy_air_fryer::seedance_2_0__303,task,S3,3,3
egg_candy_air_fryer::seedance_2_0__303,task,S4,3,3
egg_candy_air_fryer::seedance_2_0__303,task,S5,3,3
egg_candy_air_fryer::seedance_2_0__303,physics,S1,4,4
egg_candy_air_fryer::seedance_2_0__303,physics,S2,4,4
egg_candy_air_fryer::seedance_2_0__303,physics,S3,4,4
egg_candy_air_fryer::seedance_2_0__303,physics,S4,4,4
egg_candy_air_fryer::seedance_2_0__303,physics,S5,4,4
egg_candy_air_fryer::wan_2_7__101,task,S1,3,3
egg_candy_air_fryer::wan_2_7__101,task,S2,3,3
egg_candy_air_fryer::wan_2_7__101,task,S3,3,3
egg_candy_air_fryer::wan_2_7__101,task,S4,1,2
egg_candy_air_fryer::wan_2_7__101,task,S5,3,3
egg_candy_air_fryer::wan_2_7__101,physics,S1,4,4
egg_candy_air_fryer::wan_2_7__101,physics,S2,4,4
egg_candy_air_fryer::wan_2_7__101,physics,S3,4,4
egg_candy_air_fryer::wan_2_7__101,physics,S4,4,4
egg_candy_air_fryer::wan_2_7__101,physics,S5,4,4
egg_candy_air_fryer::wan_2_7__202,task,S1,3,3
egg_candy_air_fryer::wan_2_7__202,task,S2,3,3
egg_candy_air_fryer::wan_2_7__202,task,S3,3,3
egg_candy_air_fryer::wan_2_7__202,task,S4,3,3
egg_candy_air_fryer::wan_2_7__202,task,S5,2,2
egg_candy_air_fryer::wan_2_7__202,physics,S1,4,4
egg_candy_air_fryer::wan_2_7__202,physics,S2,0,3
egg_candy_air_fryer::wan_2_7__202,physics,S3,4,4
egg_candy_air_fryer::wan_2_7__202,physics,S4,4,4
egg_candy_air_fryer::wan_2_7__202,physics,S5,4,4
egg_candy_air_fryer::wan_2_7__303,task,S1,3,3
egg_candy_air_fryer::wan_2_7__303,task,S2,3,3
egg_candy_air_fryer::wan_2_7__303,task,S3,3,3
egg_candy_air_fryer::wan_2_7__303,task,S4,3,3
egg_candy_air_fryer::wan_2_7__303,task,S5,3,3
egg_candy_air_fryer::wan_2_7__303,physics,S1,4,4
egg_candy_air_fryer::wan_2_7__303,physics,S2,4,4
egg_candy_air_fryer::wan_2_7__303,physics,S3,4,4
egg_candy_air_fryer::wan_2_7__303,physics,S4,4,4
egg_candy_air_fryer::wan_2_7__303,physics,S5,4,4
egg_candy_air_fryer::wrong_1,task,S1,0,0
egg_candy_air_fryer::wrong_1,task,S2,0,0
egg_candy_air_fryer::wrong_1,task,S3,2,2
egg_candy_air_fryer::wrong_1,task,S4,3,3
egg_candy_air_fryer::wrong_1,task,S5,3,3
egg_candy_air_fryer::wrong_1,physics,S1,4,4
egg_candy_air_fryer::wrong_1,physics,S2,4,4
egg_candy_air_fryer::wrong_1,physics,S3,4,4
egg_candy_air_fryer::wrong_1,physics,S4,4,4
egg_candy_air_fryer::wrong_1,physics,S5,4,4
egg_candy_air_fryer::wrong_2,task,S1,0,0
egg_candy_air_fryer::wrong_2,task,S2,3,3
egg_candy_air_fryer::wrong_2,task,S3,2,2
egg_candy_air_fryer::wrong_2,task,S4,3,3
egg_candy_air_fryer::wrong_2,task,S5,3,3
egg_candy_air_fryer::wrong_2,physics,S1,4,4
egg_candy_air_fryer::wrong_2,physics,S2,4,4
egg_candy_air_fryer::wrong_2,physics,S3,4,4
egg_candy_air_fryer::wrong_2,physics,S4,4,4
egg_candy_air_fryer::wrong_2,physics,S5,4,4
egg_candy_air_fryer::wrong_3,task,S1,3,3
egg_candy_air_fryer::wrong_3,task,S2,3,3
egg_candy_air_fryer::wrong_3,task,S3,0,0
egg_candy_air_fryer::wrong_3,task,S4,3,3
egg_candy_air_fryer::wrong_3,task,S5,3,3
egg_candy_air_fryer::wrong_3,physics,S1,4,4
egg_candy_air_fryer::wrong_3,physics,S2,4,4
egg_candy_air_fryer::wrong_3,physics,S3,4,4
egg_candy_air_fryer::wrong_3,physics,S4,4,4
egg_candy_air_fryer::wrong_3,physics,S5,4,4
egg_sauce_container::cosmos_3__101,task,S1,0,0
egg_sauce_container::cosmos_3__101,task,S2,0,0
egg_sauce_container::cosmos_3__101,task,S3,2,2
egg_sauce_container::cosmos_3__101,physics,S1,4,4
egg_sauce_container::cosmos_3__101,physics,S2,0,1
egg_sauce_container::cosmos_3__101,physics,S3,0,unresolved
egg_sauce_container::cosmos_3__101,physics,S4,0,unresolved
egg_sauce_container::cosmos_3__101,physics,S5,0,unresolved
egg_sauce_container::cosmos_3__303,task,S1,0,0
egg_sauce_container::cosmos_3__303,task,S2,0,0
egg_sauce_container::cosmos_3__303,task,S3,0,0
egg_sauce_container::cosmos_3__303,task,S4,0,0
egg_sauce_container::cosmos_3__303,task,S5,0,0
egg_sauce_container::cosmos_3__303,physics,S1,4,4
egg_sauce_container::cosmos_3__303,physics,S2,1,1
egg_sauce_container::cosmos_3__303,physics,S3,NA,NA
egg_sauce_container::cosmos_3__303,physics,S4,NA,NA
egg_sauce_container::grok_imagine_video_1_5__303,task,S1,3,3
egg_sauce_container::grok_imagine_video_1_5__303,task,S2,3,3
egg_sauce_container::grok_imagine_video_1_5__303,task,S3,3,3
egg_sauce_container::grok_imagine_video_1_5__303,task,S4,0,1
egg_sauce_container::grok_imagine_video_1_5__303,physics,S1,4,4
egg_sauce_container::grok_imagine_video_1_5__303,physics,S2,4,4
egg_sauce_container::grok_imagine_video_1_5__303,physics,S3,4,4
egg_sauce_container::kling_v3_pro__101,task,S1,3,3
egg_sauce_container::kling_v3_pro__101,task,S2,3,3
egg_sauce_container::kling_v3_pro__101,task,S3,3,3
egg_sauce_container::kling_v3_pro__101,physics,S1,4,4
egg_sauce_container::kling_v3_pro__101,physics,S2,4,4
egg_sauce_container::kling_v3_pro__101,physics,S3,4,4
egg_sauce_container::kling_v3_pro__101,physics,S4,4,4
egg_sauce_container::kling_v3_pro__202,task,S1,3,3
egg_sauce_container::kling_v3_pro__202,task,S2,3,3
egg_sauce_container::kling_v3_pro__202,task,S3,3,3
egg_sauce_container::kling_v3_pro__202,task,S4,1,1
egg_sauce_container::kling_v3_pro__202,task,S5,0,0
egg_sauce_container::kling_v3_pro__202,physics,S1,0,0
egg_sauce_container::kling_v3_pro__202,physics,S2,4,4
egg_sauce_container::kling_v3_pro__202,physics,S3,4,4
egg_sauce_container::kling_v3_pro__202,physics,S4,NA,NA
egg_sauce_container::kling_v3_pro__303,task,S1,3,3
egg_sauce_container::kling_v3_pro__303,task,S2,3,3
egg_sauce_container::kling_v3_pro__303,task,S3,0,0
egg_sauce_container::kling_v3_pro__303,task,S4,0,0
egg_sauce_container::kling_v3_pro__303,physics,S1,4,4
egg_sauce_container::kling_v3_pro__303,physics,S2,4,4
egg_sauce_container::kling_v3_pro__303,physics,S3,NA,NA
egg_sauce_container::minimax_h3__101,task,S1,3,3
egg_sauce_container::minimax_h3__101,task,S2,3,3
egg_sauce_container::minimax_h3__101,task,S3,0,0
egg_sauce_container::minimax_h3__101,physics,S1,4,4
egg_sauce_container::minimax_h3__101,physics,S2,4,4
egg_sauce_container::minimax_h3__101,physics,S3,4,4
egg_sauce_container::seedance_2_0__101,task,S1,3,3
egg_sauce_container::seedance_2_0__101,task,S2,3,3
egg_sauce_container::seedance_2_0__101,task,S3,3,3
egg_sauce_container::seedance_2_0__101,physics,S1,4,4
egg_sauce_container::seedance_2_0__101,physics,S2,4,4
egg_sauce_container::seedance_2_0__101,physics,S3,4,4
egg_sauce_container::seedance_2_0__202,task,S1,3,3
egg_sauce_container::seedance_2_0__202,task,S2,3,3
egg_sauce_container::seedance_2_0__202,task,S3,3,3
egg_sauce_container::seedance_2_0__202,physics,S1,4,4
egg_sauce_container::seedance_2_0__202,physics,S2,4,4
egg_sauce_container::seedance_2_0__202,physics,S3,NA,NA
egg_sauce_container::seedance_2_0__202,physics,S4,4,4
egg_sauce_container::seedance_2_0__202,physics,S5,4,4
egg_sauce_container::seedance_2_0__202,physics,S6,4,4
egg_sauce_container::seedance_2_0__303,task,S1,3,3
egg_sauce_container::seedance_2_0__303,task,S2,3,3
egg_sauce_container::seedance_2_0__303,task,S3,3,3
egg_sauce_container::seedance_2_0__303,task,S4,3,3
egg_sauce_container::seedance_2_0__303,task,S5,3,3
egg_sauce_container::seedance_2_0__303,physics,S1,2,2
egg_sauce_container::seedance_2_0__303,physics,S2,4,4
egg_sauce_container::seedance_2_0__303,physics,S3,4,4
egg_sauce_container::seedance_2_0__303,physics,S4,4,4
egg_sauce_container::wan_2_7__101,task,S1,3,3
egg_sauce_container::wan_2_7__101,task,S2,3,3
egg_sauce_container::wan_2_7__101,task,S3,3,3
egg_sauce_container::wan_2_7__101,task,S4,3,3
egg_sauce_container::wan_2_7__101,physics,S1,4,4
egg_sauce_container::wan_2_7__101,physics,S2,4,4
egg_sauce_container::wan_2_7__101,physics,S3,4,4
egg_sauce_container::wan_2_7__202,task,S1,3,3
egg_sauce_container::wan_2_7__202,task,S2,3,3
egg_sauce_container::wan_2_7__202,task,S3,3,3
egg_sauce_container::wan_2_7__202,task,S4,3,3
egg_sauce_container::wan_2_7__202,task,S5,2,2
egg_sauce_container::wan_2_7__202,physics,S1,0,0
egg_sauce_container::wan_2_7__202,physics,S2,4,4
egg_sauce_container::wan_2_7__202,physics,S3,4,4
egg_sauce_container::wan_2_7__303,task,S1,3,3
egg_sauce_container::wan_2_7__303,task,S2,3,3
egg_sauce_container::wan_2_7__303,task,S3,0,1
egg_sauce_container::wan_2_7__303,task,S4,3,3
egg_sauce_container::wan_2_7__303,physics,S1,2,2
egg_sauce_container::wan_2_7__303,physics,S2,4,4
egg_sauce_container::wan_2_7__303,physics,S3,4,4
egg_sauce_container::wrong_1,task,S1,0,0
egg_sauce_container::wrong_1,task,S2,0,0
egg_sauce_container::wrong_1,task,S3,2,2
egg_sauce_container::wrong_1,physics,S1,4,4
egg_sauce_container::wrong_1,physics,S2,NA,NA
egg_sauce_container::wrong_1,physics,S3,NA,NA
egg_sauce_container::wrong_1,physics,S4,NA,NA
egg_sauce_container::wrong_3,task,S1,3,3
egg_sauce_container::wrong_3,task,S2,3,3
egg_sauce_container::wrong_3,task,S3,3,3
egg_sauce_container::wrong_3,task,S4,0,0
egg_sauce_container::wrong_3,task,S5,1,1
egg_sauce_container::wrong_3,physics,S1,4,4
egg_sauce_container::wrong_3,physics,S2,0,3
egg_sauce_container::wrong_3,physics,S3,0,3
handcuffs_stethoscope::cosmos_3__303,task,S1,1,1
handcuffs_stethoscope::cosmos_3__303,task,S2,0,0
handcuffs_stethoscope::cosmos_3__303,task,S3,0,0
handcuffs_stethoscope::cosmos_3__303,task,S4,0,0
handcuffs_stethoscope::cosmos_3__303,task,S5,3,3
handcuffs_stethoscope::cosmos_3__303,physics,S1,4,4
handcuffs_stethoscope::cosmos_3__303,physics,S2,0,2
handcuffs_stethoscope::cosmos_3__303,physics,S3,NA,NA
handcuffs_stethoscope::cosmos_3__303,physics,S4,NA,NA
handcuffs_stethoscope::cosmos_3__303,physics,S5,NA,NA
handcuffs_stethoscope::grok_imagine_video_1_5__101,task,S1,3,3
handcuffs_stethoscope::grok_imagine_video_1_5__101,task,S2,3,3
handcuffs_stethoscope::grok_imagine_video_1_5__101,task,S3,3,3
handcuffs_stethoscope::grok_imagine_video_1_5__101,task,S4,3,3
handcuffs_stethoscope::grok_imagine_video_1_5__101,task,S5,3,3
handcuffs_stethoscope::grok_imagine_video_1_5__101,physics,S1,2,3
handcuffs_stethoscope::grok_imagine_video_1_5__101,physics,S2,2,3
handcuffs_stethoscope::grok_imagine_video_1_5__101,physics,S3,2,3
handcuffs_stethoscope::grok_imagine_video_1_5__101,physics,S4,2,3
handcuffs_stethoscope::grok_imagine_video_1_5__101,physics,S5,2,3
handcuffs_stethoscope::grok_imagine_video_1_5__202,task,S1,1,1
handcuffs_stethoscope::grok_imagine_video_1_5__202,task,S2,1,1
handcuffs_stethoscope::grok_imagine_video_1_5__202,task,S3,2,2
handcuffs_stethoscope::grok_imagine_video_1_5__202,task,S4,3,3
handcuffs_stethoscope::grok_imagine_video_1_5__202,task,S5,3,3
handcuffs_stethoscope::grok_imagine_video_1_5__202,physics,S1,4,4
handcuffs_stethoscope::grok_imagine_video_1_5__202,physics,S2,4,4
handcuffs_stethoscope::grok_imagine_video_1_5__202,physics,S3,4,4
handcuffs_stethoscope::grok_imagine_video_1_5__202,physics,S4,4,4
handcuffs_stethoscope::grok_imagine_video_1_5__202,physics,S5,4,4
handcuffs_stethoscope::grok_imagine_video_1_5__303,task,S1,0,1
handcuffs_stethoscope::grok_imagine_video_1_5__303,task,S2,0,2
handcuffs_stethoscope::grok_imagine_video_1_5__303,task,S3,3,3
handcuffs_stethoscope::grok_imagine_video_1_5__303,task,S4,3,3
handcuffs_stethoscope::grok_imagine_video_1_5__303,task,S5,3,3
handcuffs_stethoscope::grok_imagine_video_1_5__303,physics,S1,4,4
handcuffs_stethoscope::grok_imagine_video_1_5__303,physics,S2,4,4
handcuffs_stethoscope::grok_imagine_video_1_5__303,physics,S3,4,4
handcuffs_stethoscope::grok_imagine_video_1_5__303,physics,S4,4,4
handcuffs_stethoscope::grok_imagine_video_1_5__303,physics,S5,4,4
handcuffs_stethoscope::kling_v3_pro__101,task,S1,2,2
handcuffs_stethoscope::kling_v3_pro__101,task,S2,2,2
handcuffs_stethoscope::kling_v3_pro__101,task,S3,3,3
handcuffs_stethoscope::kling_v3_pro__101,task,S4,3,3
handcuffs_stethoscope::kling_v3_pro__101,task,S5,3,3
handcuffs_stethoscope::kling_v3_pro__101,physics,S1,4,4
handcuffs_stethoscope::kling_v3_pro__101,physics,S2,4,4
handcuffs_stethoscope::kling_v3_pro__101,physics,S3,4,4
handcuffs_stethoscope::kling_v3_pro__101,physics,S4,4,4
handcuffs_stethoscope::kling_v3_pro__101,physics,S5,4,4
handcuffs_stethoscope::kling_v3_pro__303,task,S1,3,3
handcuffs_stethoscope::kling_v3_pro__303,task,S2,3,3
handcuffs_stethoscope::kling_v3_pro__303,task,S3,3,3
handcuffs_stethoscope::kling_v3_pro__303,task,S4,3,3
handcuffs_stethoscope::kling_v3_pro__303,task,S5,3,3
handcuffs_stethoscope::kling_v3_pro__303,physics,S1,3,3
handcuffs_stethoscope::kling_v3_pro__303,physics,S2,4,4
handcuffs_stethoscope::kling_v3_pro__303,physics,S3,4,4
handcuffs_stethoscope::kling_v3_pro__303,physics,S4,0,1
handcuffs_stethoscope::kling_v3_pro__303,physics,S5,4,4
handcuffs_stethoscope::seedance_2_0__101,task,S1,0,1
handcuffs_stethoscope::seedance_2_0__101,task,S2,3,3
handcuffs_stethoscope::seedance_2_0__101,task,S3,3,3
handcuffs_stethoscope::seedance_2_0__101,task,S4,3,3
handcuffs_stethoscope::seedance_2_0__101,task,S5,3,3
handcuffs_stethoscope::seedance_2_0__101,physics,S1,4,4
handcuffs_stethoscope::seedance_2_0__101,physics,S2,4,4
handcuffs_stethoscope::seedance_2_0__101,physics,S3,4,4
handcuffs_stethoscope::seedance_2_0__101,physics,S4,4,4
handcuffs_stethoscope::seedance_2_0__101,physics,S5,4,4
handcuffs_stethoscope::seedance_2_0__202,task,S1,3,3
handcuffs_stethoscope::seedance_2_0__202,task,S2,3,3
handcuffs_stethoscope::seedance_2_0__202,task,S3,3,3
handcuffs_stethoscope::seedance_2_0__202,task,S4,3,3
handcuffs_stethoscope::seedance_2_0__202,task,S5,3,3
handcuffs_stethoscope::seedance_2_0__202,physics,S1,4,4
handcuffs_stethoscope::seedance_2_0__202,physics,S2,4,4
handcuffs_stethoscope::seedance_2_0__202,physics,S3,4,4
handcuffs_stethoscope::seedance_2_0__202,physics,S4,4,4
handcuffs_stethoscope::seedance_2_0__202,physics,S5,4,4
handcuffs_stethoscope::wan_2_7__202,task,S1,1,1
handcuffs_stethoscope::wan_2_7__202,task,S2,1,1
handcuffs_stethoscope::wan_2_7__202,task,S3,2,2
handcuffs_stethoscope::wan_2_7__202,task,S4,3,3
handcuffs_stethoscope::wan_2_7__202,task,S5,3,3
handcuffs_stethoscope::wan_2_7__202,physics,S1,4,4
handcuffs_stethoscope::wan_2_7__202,physics,S2,4,4
handcuffs_stethoscope::wan_2_7__202,physics,S3,4,4
handcuffs_stethoscope::wan_2_7__202,physics,S4,4,4
handcuffs_stethoscope::wan_2_7__202,physics,S5,4,4
handcuffs_stethoscope::wan_2_7__303,task,S1,3,3
handcuffs_stethoscope::wan_2_7__303,task,S2,3,3
handcuffs_stethoscope::wan_2_7__303,task,S3,3,3
handcuffs_stethoscope::wan_2_7__303,task,S4,3,3
handcuffs_stethoscope::wan_2_7__303,task,S5,3,3
handcuffs_stethoscope::wan_2_7__303,physics,S1,4,4
handcuffs_stethoscope::wan_2_7__303,physics,S2,4,4
handcuffs_stethoscope::wan_2_7__303,physics,S3,4,4
handcuffs_stethoscope::wan_2_7__303,physics,S4,4,4
handcuffs_stethoscope::wan_2_7__303,physics,S5,4,4
handcuffs_stethoscope::wrong_1,task,S1,3,3
handcuffs_stethoscope::wrong_1,task,S2,3,3
handcuffs_stethoscope::wrong_1,task,S3,3,3
handcuffs_stethoscope::wrong_1,task,S4,3,3
handcuffs_stethoscope::wrong_1,task,S5,0,0
handcuffs_stethoscope::wrong_1,physics,S1,1,3
handcuffs_stethoscope::wrong_1,physics,S2,4,4
handcuffs_stethoscope::wrong_1,physics,S3,4,4
handcuffs_stethoscope::wrong_1,physics,S4,4,4
handcuffs_stethoscope::wrong_1,physics,S5,4,4
handcuffs_stethoscope::wrong_2,task,S1,0,0
handcuffs_stethoscope::wrong_2,task,S2,0,0
handcuffs_stethoscope::wrong_2,task,S3,3,3
handcuffs_stethoscope::wrong_2,task,S4,3,3
handcuffs_stethoscope::wrong_2,task,S5,3,3
handcuffs_stethoscope::wrong_2,physics,S1,4,4
handcuffs_stethoscope::wrong_2,physics,S2,2,3
handcuffs_stethoscope::wrong_2,physics,S3,2,3
handcuffs_stethoscope::wrong_2,physics,S4,4,4
handcuffs_stethoscope::wrong_2,physics,S5,4,4
handcuffs_stethoscope::wrong_3,task,S1,3,3
handcuffs_stethoscope::wrong_3,task,S2,3,3
handcuffs_stethoscope::wrong_3,task,S3,3,3
handcuffs_stethoscope::wrong_3,task,S4,0,0
handcuffs_stethoscope::wrong_3,task,S5,0,0
handcuffs_stethoscope::wrong_3,physics,S1,0,2
handcuffs_stethoscope::wrong_3,physics,S2,4,4
handcuffs_stethoscope::wrong_3,physics,S3,4,4
handcuffs_stethoscope::wrong_3,physics,S4,4,4
handcuffs_stethoscope::wrong_3,physics,S5,0,2
kendama_can::cosmos_3__101,task,S1,0,0
kendama_can::cosmos_3__101,task,S2,0,0
kendama_can::cosmos_3__101,task,S3,2,2
kendama_can::cosmos_3__101,physics,S1,NA,NA
kendama_can::cosmos_3__101,physics,S2,NA,NA
kendama_can::cosmos_3__101,physics,S3,2,3
kendama_can::cosmos_3__202,task,S1,0,0
kendama_can::cosmos_3__202,task,S2,0,0
kendama_can::cosmos_3__202,task,S3,0,0
kendama_can::cosmos_3__202,physics,S1,NA,NA
kendama_can::cosmos_3__202,physics,S2,0,2
kendama_can::cosmos_3__202,physics,S3,0,0
kendama_can::grok_imagine_video_1_5__101,task,S1,3,3
kendama_can::grok_imagine_video_1_5__101,task,S2,3,3
kendama_can::grok_imagine_video_1_5__101,task,S3,3,3
kendama_can::grok_imagine_video_1_5__101,physics,S1,4,4
kendama_can::grok_imagine_video_1_5__101,physics,S2,4,4
kendama_can::grok_imagine_video_1_5__101,physics,S3,4,4
kendama_can::grok_imagine_video_1_5__202,task,S1,3,3
kendama_can::grok_imagine_video_1_5__202,task,S2,3,3
kendama_can::grok_imagine_video_1_5__202,task,S3,3,3
kendama_can::grok_imagine_video_1_5__202,physics,S1,4,4
kendama_can::grok_imagine_video_1_5__202,physics,S2,4,4
kendama_can::grok_imagine_video_1_5__202,physics,S3,0,3
kendama_can::grok_imagine_video_1_5__303,task,S1,2,2
kendama_can::grok_imagine_video_1_5__303,task,S2,0,1
kendama_can::grok_imagine_video_1_5__303,task,S3,3,3
kendama_can::grok_imagine_video_1_5__303,physics,S1,4,4
kendama_can::grok_imagine_video_1_5__303,physics,S2,4,4
kendama_can::grok_imagine_video_1_5__303,physics,S3,4,4
kendama_can::kling_v3_pro__101,task,S1,3,3
kendama_can::kling_v3_pro__101,task,S2,3,3
kendama_can::kling_v3_pro__101,task,S3,3,3
kendama_can::kling_v3_pro__101,physics,S1,4,4
kendama_can::kling_v3_pro__101,physics,S2,4,4
kendama_can::kling_v3_pro__101,physics,S3,4,4
kendama_can::kling_v3_pro__202,task,S1,0,0
kendama_can::kling_v3_pro__202,task,S2,3,3
kendama_can::kling_v3_pro__202,task,S3,0,0
kendama_can::kling_v3_pro__202,physics,S1,4,4
kendama_can::kling_v3_pro__202,physics,S2,4,4
kendama_can::kling_v3_pro__202,physics,S3,4,4
kendama_can::kling_v3_pro__303,task,S1,1,1
kendama_can::kling_v3_pro__303,task,S2,2,2
kendama_can::kling_v3_pro__303,task,S3,3,3
kendama_can::kling_v3_pro__303,physics,S1,4,4
kendama_can::kling_v3_pro__303,physics,S2,4,4
kendama_can::kling_v3_pro__303,physics,S3,4,4
kendama_can::minimax_h3__202,task,S1,0,0
kendama_can::minimax_h3__202,task,S2,3,3
kendama_can::minimax_h3__202,task,S3,3,3
kendama_can::minimax_h3__202,physics,S1,4,4
kendama_can::minimax_h3__202,physics,S2,4,4
kendama_can::minimax_h3__202,physics,S3,4,4
kendama_can::minimax_h3__303,task,S1,0,0
kendama_can::minimax_h3__303,task,S2,0,0
kendama_can::minimax_h3__303,task,S3,2,2
kendama_can::minimax_h3__303,physics,S1,3,3
kendama_can::minimax_h3__303,physics,S2,NA,NA
kendama_can::minimax_h3__303,physics,S3,0,2
kendama_can::seedance_2_0__101,task,S1,2,2
kendama_can::seedance_2_0__101,task,S2,3,3
kendama_can::seedance_2_0__101,task,S3,3,3
kendama_can::seedance_2_0__101,physics,S1,3,3
kendama_can::seedance_2_0__101,physics,S2,4,4
kendama_can::seedance_2_0__101,physics,S3,4,4
kendama_can::seedance_2_0__303,task,S1,3,3
kendama_can::seedance_2_0__303,task,S2,3,3
kendama_can::seedance_2_0__303,task,S3,3,3
kendama_can::seedance_2_0__303,physics,S1,4,4
kendama_can::seedance_2_0__303,physics,S2,4,4
kendama_can::seedance_2_0__303,physics,S3,4,4
kendama_can::wan_2_7__101,task,S1,0,0
kendama_can::wan_2_7__101,task,S2,0,1
kendama_can::wan_2_7__101,task,S3,3,3
kendama_can::wan_2_7__101,physics,S1,2,3
kendama_can::wan_2_7__101,physics,S2,2,2
kendama_can::wan_2_7__101,physics,S3,3,3
kendama_can::wan_2_7__202,task,S1,0,2
kendama_can::wan_2_7__202,task,S2,3,3
kendama_can::wan_2_7__202,task,S3,3,3
kendama_can::wan_2_7__202,physics,S1,0,3
kendama_can::wan_2_7__202,physics,S2,0,3
kendama_can::wan_2_7__202,physics,S3,4,4
kendama_can::wan_2_7__303,task,S1,0,0
kendama_can::wan_2_7__303,task,S2,0,0
kendama_can::wan_2_7__303,task,S3,2,2
kendama_can::wan_2_7__303,physics,S1,2,2
kendama_can::wan_2_7__303,physics,S2,2,3
kendama_can::wan_2_7__303,physics,S3,4,4
kendama_can::wrong_1,task,S1,0,0
kendama_can::wrong_1,task,S2,0,0
kendama_can::wrong_1,task,S3,3,3
kendama_can::wrong_1,physics,S1,NA,NA
kendama_can::wrong_1,physics,S2,4,4
kendama_can::wrong_1,physics,S3,4,4
kendama_can::wrong_2,task,S1,3,3
kendama_can::wrong_2,task,S2,3,3
kendama_can::wrong_2,task,S3,0,0
kendama_can::wrong_2,physics,S1,4,4
kendama_can::wrong_2,physics,S2,4,4
kendama_can::wrong_2,physics,S3,4,4
kendama_can::wrong_3,task,S1,3,3
kendama_can::wrong_3,task,S2,0,0
kendama_can::wrong_3,task,S3,0,0
kendama_can::wrong_3,physics,S1,4,4
kendama_can::wrong_3,physics,S2,NA,NA
kendama_can::wrong_3,physics,S3,0,2
key_lanyard::cosmos_3__101,task,S1,1,2
key_lanyard::cosmos_3__101,task,S2,0,0
key_lanyard::cosmos_3__101,task,S3,1,1
key_lanyard::cosmos_3__101,task,S4,3,3
key_lanyard::cosmos_3__101,physics,S1,NA,NA
key_lanyard::cosmos_3__101,physics,S2,2,3
key_lanyard::cosmos_3__101,physics,S3,NA,NA
key_lanyard::cosmos_3__101,physics,S4,NA,NA
key_lanyard::cosmos_3__101,physics,S5,2,3
key_lanyard::cosmos_3__202,task,S1,1,1
key_lanyard::cosmos_3__202,task,S2,0,0
key_lanyard::cosmos_3__202,task,S3,0,0
key_lanyard::cosmos_3__202,task,S4,1,2
key_lanyard::cosmos_3__202,physics,S1,0,2
key_lanyard::cosmos_3__202,physics,S2,NA,NA
key_lanyard::cosmos_3__202,physics,S3,0,2
key_lanyard::cosmos_3__202,physics,S4,NA,NA
key_lanyard::cosmos_3__202,physics,S5,0,2
key_lanyard::cosmos_3__303,task,S1,0,1
key_lanyard::cosmos_3__303,task,S2,0,0
key_lanyard::cosmos_3__303,task,S3,2,2
key_lanyard::cosmos_3__303,task,S4,0,1
key_lanyard::cosmos_3__303,physics,S1,0,2
key_lanyard::cosmos_3__303,physics,S2,0,0
key_lanyard::cosmos_3__303,physics,S3,0,1
key_lanyard::cosmos_3__303,physics,S4,NA,NA
key_lanyard::cosmos_3__303,physics,S5,NA,NA
key_lanyard::grok_imagine_video_1_5__101,task,S1,1,2
key_lanyard::grok_imagine_video_1_5__101,task,S2,3,3
key_lanyard::grok_imagine_video_1_5__101,task,S3,3,3
key_lanyard::grok_imagine_video_1_5__101,task,S4,3,3
key_lanyard::grok_imagine_video_1_5__101,physics,S1,4,4
key_lanyard::grok_imagine_video_1_5__101,physics,S2,0,1
key_lanyard::grok_imagine_video_1_5__101,physics,S3,4,4
key_lanyard::grok_imagine_video_1_5__101,physics,S4,4,4
key_lanyard::grok_imagine_video_1_5__101,physics,S5,4,4
key_lanyard::grok_imagine_video_1_5__202,task,S1,0,0
key_lanyard::grok_imagine_video_1_5__202,task,S2,0,0
key_lanyard::grok_imagine_video_1_5__202,task,S3,3,3
key_lanyard::grok_imagine_video_1_5__202,task,S4,3,3
key_lanyard::grok_imagine_video_1_5__202,physics,S1,1,2
key_lanyard::grok_imagine_video_1_5__202,physics,S2,NA,NA
key_lanyard::grok_imagine_video_1_5__202,physics,S3,1,2
key_lanyard::grok_imagine_video_1_5__202,physics,S4,2,3
key_lanyard::grok_imagine_video_1_5__202,physics,S5,4,4
key_lanyard::grok_imagine_video_1_5__303,task,S1,1,1
key_lanyard::grok_imagine_video_1_5__303,task,S2,1,1
key_lanyard::grok_imagine_video_1_5__303,task,S3,3,3
key_lanyard::grok_imagine_video_1_5__303,task,S4,3,3
key_lanyard::grok_imagine_video_1_5__303,physics,S1,4,4
key_lanyard::grok_imagine_video_1_5__303,physics,S2,4,4
key_lanyard::grok_imagine_video_1_5__303,physics,S3,4,4
key_lanyard::grok_imagine_video_1_5__303,physics,S4,4,4
key_lanyard::grok_imagine_video_1_5__303,physics,S5,4,4
key_lanyard::kling_v3_pro__101,task,S1,3,3
key_lanyard::kling_v3_pro__101,task,S2,3,3
key_lanyard::kling_v3_pro__101,task,S3,3,3
key_lanyard::kling_v3_pro__101,task,S4,1,1
key_lanyard::kling_v3_pro__101,physics,S1,4,4
key_lanyard::kling_v3_pro__101,physics,S2,4,4
key_lanyard::kling_v3_pro__101,physics,S3,4,4
key_lanyard::kling_v3_pro__101,physics,S4,1,1
key_lanyard::kling_v3_pro__101,physics,S5,4,4
key_lanyard::kling_v3_pro__303,task,S1,3,3
key_lanyard::kling_v3_pro__303,task,S2,3,3
key_lanyard::kling_v3_pro__303,task,S3,3,3
key_lanyard::kling_v3_pro__303,task,S4,3,3
key_lanyard::kling_v3_pro__303,physics,S1,4,4
key_lanyard::kling_v3_pro__303,physics,S2,4,4
key_lanyard::kling_v3_pro__303,physics,S3,4,4
key_lanyard::kling_v3_pro__303,physics,S4,4,4
key_lanyard::kling_v3_pro__303,physics,S5,4,4
key_lanyard::minimax_h3__101,task,S1,0,0
key_lanyard::minimax_h3__101,task,S2,3,3
key_lanyard::minimax_h3__101,task,S3,3,3
key_lanyard::minimax_h3__101,task,S4,0,0
key_lanyard::minimax_h3__101,physics,S1,4,4
key_lanyard::minimax_h3__101,physics,S2,0,0
key_lanyard::minimax_h3__101,physics,S3,4,4
key_lanyard::minimax_h3__101,physics,S4,0,0
key_lanyard::minimax_h3__101,physics,S5,4,4
key_lanyard::seedance_2_0__101,task,S1,3,3
key_lanyard::seedance_2_0__101,task,S2,3,3
key_lanyard::seedance_2_0__101,task,S3,3,3
key_lanyard::seedance_2_0__101,task,S4,3,3
key_lanyard::seedance_2_0__101,physics,S1,4,4
key_lanyard::seedance_2_0__101,physics,S2,4,4
key_lanyard::seedance_2_0__101,physics,S3,4,4
key_lanyard::seedance_2_0__101,physics,S4,NA,NA
key_lanyard::seedance_2_0__101,physics,S5,NA,NA
key_lanyard::seedance_2_0__202,task,S1,0,2
key_lanyard::seedance_2_0__202,task,S2,0,0
key_lanyard::seedance_2_0__202,task,S3,3,3
key_lanyard::seedance_2_0__202,task,S4,0,2
key_lanyard::seedance_2_0__202,physics,S1,1,1
key_lanyard::seedance_2_0__202,physics,S2,4,4
key_lanyard::seedance_2_0__202,physics,S3,4,4
key_lanyard::seedance_2_0__202,physics,S4,4,4
key_lanyard::seedance_2_0__202,physics,S5,4,4
key_lanyard::seedance_2_0__303,task,S1,1,1
key_lanyard::seedance_2_0__303,task,S2,2,2
key_lanyard::seedance_2_0__303,task,S3,3,3
key_lanyard::seedance_2_0__303,task,S4,0,0
key_lanyard::seedance_2_0__303,physics,S1,4,4
key_lanyard::seedance_2_0__303,physics,S2,4,4
key_lanyard::seedance_2_0__303,physics,S3,4,4
key_lanyard::seedance_2_0__303,physics,S4,NA,NA
key_lanyard::seedance_2_0__303,physics,S5,NA,NA
key_lanyard::wan_2_7__202,task,S1,0,1
key_lanyard::wan_2_7__202,task,S2,0,0
key_lanyard::wan_2_7__202,task,S3,0,0
key_lanyard::wan_2_7__202,task,S4,2,2
key_lanyard::wan_2_7__202,physics,S1,4,4
key_lanyard::wan_2_7__202,physics,S2,4,4
key_lanyard::wan_2_7__202,physics,S3,4,4
key_lanyard::wan_2_7__202,physics,S4,4,4
key_lanyard::wan_2_7__202,physics,S5,4,4
key_lanyard::wan_2_7__303,task,S1,0,1
key_lanyard::wan_2_7__303,task,S2,0,0
key_lanyard::wan_2_7__303,task,S3,0,0
key_lanyard::wan_2_7__303,task,S4,2,2
key_lanyard::wan_2_7__303,physics,S1,2,3
key_lanyard::wan_2_7__303,physics,S2,4,4
key_lanyard::wan_2_7__303,physics,S3,4,4
key_lanyard::wan_2_7__303,physics,S4,NA,NA
key_lanyard::wan_2_7__303,physics,S5,4,4
key_lanyard::wrong_1,task,S1,0,0
key_lanyard::wrong_1,task,S2,0,0
key_lanyard::wrong_1,task,S3,3,3
key_lanyard::wrong_1,task,S4,0,0
key_lanyard::wrong_1,physics,S1,4,4
key_lanyard::wrong_1,physics,S2,0,1
key_lanyard::wrong_1,physics,S3,2,2
key_lanyard::wrong_1,physics,S4,4,4
key_lanyard::wrong_1,physics,S5,0,1
key_lanyard::wrong_3,task,S1,0,0
key_lanyard::wrong_3,task,S2,0,0
key_lanyard::wrong_3,task,S3,3,3
key_lanyard::wrong_3,task,S4,3,3
key_lanyard::wrong_3,physics,S1,4,4
key_lanyard::wrong_3,physics,S2,NA,NA
key_lanyard::wrong_3,physics,S3,NA,NA
key_lanyard::wrong_3,physics,S4,NA,NA
key_lanyard::wrong_3,physics,S5,4,4
laptop_open::cosmos_3__101,task,S1,0,0
laptop_open::cosmos_3__101,task,S2,0,0
laptop_open::cosmos_3__101,task,S3,3,3
laptop_open::cosmos_3__101,physics,S1,NA,NA
laptop_open::cosmos_3__101,physics,S2,NA,NA
laptop_open::cosmos_3__101,physics,S3,0,2
laptop_open::cosmos_3__202,task,S1,0,0
laptop_open::cosmos_3__202,task,S2,0,0
laptop_open::cosmos_3__202,task,S3,3,3
laptop_open::cosmos_3__202,physics,S1,NA,NA
laptop_open::cosmos_3__202,physics,S2,NA,NA
laptop_open::cosmos_3__202,physics,S3,0,1
laptop_open::cosmos_3__303,task,S1,1,1
laptop_open::cosmos_3__303,task,S2,1,1
laptop_open::cosmos_3__303,task,S3,3,3
laptop_open::cosmos_3__303,physics,S1,0,0
laptop_open::cosmos_3__303,physics,S2,0,0
laptop_open::cosmos_3__303,physics,S3,0,1
laptop_open::grok_imagine_video_1_5__101,task,S1,3,3
laptop_open::grok_imagine_video_1_5__101,task,S2,3,3
laptop_open::grok_imagine_video_1_5__101,task,S3,3,3
laptop_open::grok_imagine_video_1_5__101,physics,S1,0,1
laptop_open::grok_imagine_video_1_5__101,physics,S2,0,2
laptop_open::grok_imagine_video_1_5__101,physics,S3,2,3
laptop_open::grok_imagine_video_1_5__303,task,S1,0,0
laptop_open::grok_imagine_video_1_5__303,task,S2,0,0
laptop_open::grok_imagine_video_1_5__303,task,S3,3,3
laptop_open::grok_imagine_video_1_5__303,physics,S1,NA,NA
laptop_open::grok_imagine_video_1_5__303,physics,S2,NA,NA
laptop_open::grok_imagine_video_1_5__303,physics,S3,0,2
laptop_open::kling_v3_pro__101,task,S1,3,3
laptop_open::kling_v3_pro__101,task,S2,3,3
laptop_open::kling_v3_pro__101,task,S3,3,3
laptop_open::kling_v3_pro__101,physics,S1,2,3
laptop_open::kling_v3_pro__101,physics,S2,2,3
laptop_open::kling_v3_pro__101,physics,S3,2,3
laptop_open::kling_v3_pro__303,task,S1,0,1
laptop_open::kling_v3_pro__303,task,S2,0,1
laptop_open::kling_v3_pro__303,task,S3,3,3
laptop_open::kling_v3_pro__303,physics,S1,0,2
laptop_open::kling_v3_pro__303,physics,S2,0,2
laptop_open::kling_v3_pro__303,physics,S3,0,2
laptop_open::minimax_h3__101,task,S1,3,3
laptop_open::minimax_h3__101,task,S2,3,3
laptop_open::minimax_h3__101,task,S3,3,3
laptop_open::minimax_h3__101,physics,S1,4,4
laptop_open::minimax_h3__101,physics,S2,4,4
laptop_open::minimax_h3__101,physics,S3,4,4
laptop_open::minimax_h3__202,task,S1,3,3
laptop_open::minimax_h3__202,task,S2,3,3
laptop_open::minimax_h3__202,task,S3,3,3
laptop_open::minimax_h3__202,physics,S1,4,4
laptop_open::minimax_h3__202,physics,S2,4,4
laptop_open::minimax_h3__202,physics,S3,4,4
laptop_open::minimax_h3__303,task,S1,0,0
laptop_open::minimax_h3__303,task,S2,2,2
laptop_open::minimax_h3__303,task,S3,3,3
laptop_open::minimax_h3__303,physics,S1,NA,NA
laptop_open::minimax_h3__303,physics,S2,2,3
laptop_open::minimax_h3__303,physics,S3,0,2
laptop_open::seedance_2_0__202,task,S1,3,3
laptop_open::seedance_2_0__202,task,S2,3,3
laptop_open::seedance_2_0__202,task,S3,3,3
laptop_open::seedance_2_0__202,physics,S1,3,3
laptop_open::seedance_2_0__202,physics,S2,3,3
laptop_open::seedance_2_0__202,physics,S3,4,4
laptop_open::seedance_2_0__303,task,S1,0,2
laptop_open::seedance_2_0__303,task,S2,3,3
laptop_open::seedance_2_0__303,task,S3,3,3
laptop_open::seedance_2_0__303,physics,S1,0,2
laptop_open::seedance_2_0__303,physics,S2,0,2
laptop_open::seedance_2_0__303,physics,S3,0,2
laptop_open::wan_2_7__101,task,S1,3,3
laptop_open::wan_2_7__101,task,S2,1,1
laptop_open::wan_2_7__101,task,S3,3,3
laptop_open::wan_2_7__101,physics,S1,4,4
laptop_open::wan_2_7__101,physics,S2,4,4
laptop_open::wan_2_7__101,physics,S3,2,3
laptop_open::wan_2_7__202,task,S1,1,1
laptop_open::wan_2_7__202,task,S2,1,1
laptop_open::wan_2_7__202,task,S3,3,3
laptop_open::wan_2_7__202,physics,S1,4,4
laptop_open::wan_2_7__202,physics,S2,4,4
laptop_open::wan_2_7__202,physics,S3,0,3
laptop_open::wan_2_7__303,task,S1,0,0
laptop_open::wan_2_7__303,task,S2,0,0
laptop_open::wan_2_7__303,task,S3,3,3
laptop_open::wan_2_7__303,physics,S1,0,2
laptop_open::wan_2_7__303,physics,S2,0,2
laptop_open::wan_2_7__303,physics,S3,0,2
laptop_open::wrong_3,task,S1,3,3
laptop_open::wrong_3,task,S2,0,0
laptop_open::wrong_3,task,S3,3,3
laptop_open::wrong_3,physics,S1,2,3
laptop_open::wrong_3,physics,S2,NA,NA
laptop_open::wrong_3,physics,S3,0,2
line_marker_calculator::cosmos_3__202,task,S1,1,1
line_marker_calculator::cosmos_3__202,task,S2,1,2
line_marker_calculator::cosmos_3__202,task,S3,0,0
line_marker_calculator::cosmos_3__202,task,S4,0,0
line_marker_calculator::cosmos_3__202,task,S5,0,0
line_marker_calculator::cosmos_3__202,task,S6,0,1
line_marker_calculator::cosmos_3__202,physics,S1,0,2
line_marker_calculator::cosmos_3__202,physics,S2,0,2
line_marker_calculator::cosmos_3__202,physics,S3,0,2
line_marker_calculator::cosmos_3__202,physics,S4,NA,NA
line_marker_calculator::cosmos_3__202,physics,S5,NA,NA
line_marker_calculator::cosmos_3__202,physics,S6,NA,NA
line_marker_calculator::cosmos_3__303,task,S1,0,0
line_marker_calculator::cosmos_3__303,task,S2,0,0
line_marker_calculator::cosmos_3__303,task,S3,0,0
line_marker_calculator::cosmos_3__303,task,S4,0,0
line_marker_calculator::cosmos_3__303,task,S5,0,0
line_marker_calculator::cosmos_3__303,task,S6,0,0
line_marker_calculator::cosmos_3__303,physics,S1,NA,NA
line_marker_calculator::cosmos_3__303,physics,S2,NA,NA
line_marker_calculator::cosmos_3__303,physics,S3,NA,NA
line_marker_calculator::cosmos_3__303,physics,S4,NA,NA
line_marker_calculator::cosmos_3__303,physics,S5,NA,NA
line_marker_calculator::cosmos_3__303,physics,S6,NA,NA
line_marker_calculator::grok_imagine_video_1_5__101,task,S1,3,3
line_marker_calculator::grok_imagine_video_1_5__101,task,S2,3,3
line_marker_calculator::grok_imagine_video_1_5__101,task,S3,0,0
line_marker_calculator::grok_imagine_video_1_5__101,task,S4,1,1
line_marker_calculator::grok_imagine_video_1_5__101,task,S5,3,3
line_marker_calculator::grok_imagine_video_1_5__101,task,S6,3,3
line_marker_calculator::grok_imagine_video_1_5__101,physics,S1,4,4
line_marker_calculator::grok_imagine_video_1_5__101,physics,S2,4,4
line_marker_calculator::grok_imagine_video_1_5__101,physics,S3,4,4
line_marker_calculator::grok_imagine_video_1_5__101,physics,S4,NA,NA
line_marker_calculator::grok_imagine_video_1_5__101,physics,S5,4,4
line_marker_calculator::grok_imagine_video_1_5__101,physics,S6,4,4
line_marker_calculator::grok_imagine_video_1_5__202,task,S1,0,1
line_marker_calculator::grok_imagine_video_1_5__202,task,S2,3,3
line_marker_calculator::grok_imagine_video_1_5__202,task,S3,0,0
line_marker_calculator::grok_imagine_video_1_5__202,task,S4,1,1
line_marker_calculator::grok_imagine_video_1_5__202,task,S5,3,3
line_marker_calculator::grok_imagine_video_1_5__202,task,S6,3,3
line_marker_calculator::grok_imagine_video_1_5__202,physics,S1,4,4
line_marker_calculator::grok_imagine_video_1_5__202,physics,S2,4,4
line_marker_calculator::grok_imagine_video_1_5__202,physics,S3,4,4
line_marker_calculator::grok_imagine_video_1_5__202,physics,S4,1,2
line_marker_calculator::grok_imagine_video_1_5__202,physics,S5,4,4
line_marker_calculator::grok_imagine_video_1_5__202,physics,S6,4,4
line_marker_calculator::grok_imagine_video_1_5__303,task,S1,0,1
line_marker_calculator::grok_imagine_video_1_5__303,task,S2,3,3
line_marker_calculator::grok_imagine_video_1_5__303,task,S3,0,1
line_marker_calculator::grok_imagine_video_1_5__303,task,S4,3,3
line_marker_calculator::grok_imagine_video_1_5__303,task,S5,0,1
line_marker_calculator::grok_imagine_video_1_5__303,task,S6,3,3
line_marker_calculator::grok_imagine_video_1_5__303,physics,S1,4,4
line_marker_calculator::grok_imagine_video_1_5__303,physics,S2,1,3
line_marker_calculator::grok_imagine_video_1_5__303,physics,S3,4,4
line_marker_calculator::grok_imagine_video_1_5__303,physics,S4,4,4
line_marker_calculator::grok_imagine_video_1_5__303,physics,S5,4,4
line_marker_calculator::grok_imagine_video_1_5__303,physics,S6,1,3
line_marker_calculator::kling_v3_pro__101,task,S1,0,2
line_marker_calculator::kling_v3_pro__101,task,S2,3,3
line_marker_calculator::kling_v3_pro__101,task,S3,0,0
line_marker_calculator::kling_v3_pro__101,task,S4,0,1
line_marker_calculator::kling_v3_pro__101,task,S5,1,1
line_marker_calculator::kling_v3_pro__101,task,S6,0,1
line_marker_calculator::kling_v3_pro__101,physics,S1,NA,NA
line_marker_calculator::kling_v3_pro__101,physics,S2,NA,NA
line_marker_calculator::kling_v3_pro__101,physics,S3,4,4
line_marker_calculator::kling_v3_pro__101,physics,S4,NA,NA
line_marker_calculator::kling_v3_pro__101,physics,S5,NA,NA
line_marker_calculator::kling_v3_pro__303,task,S1,3,3
line_marker_calculator::kling_v3_pro__303,task,S2,2,2
line_marker_calculator::kling_v3_pro__303,task,S3,0,1
line_marker_calculator::kling_v3_pro__303,task,S4,3,3
line_marker_calculator::kling_v3_pro__303,physics,S1,4,4
line_marker_calculator::kling_v3_pro__303,physics,S2,NA,NA
line_marker_calculator::kling_v3_pro__303,physics,S3,4,4
line_marker_calculator::kling_v3_pro__303,physics,S4,NA,NA
line_marker_calculator::kling_v3_pro__303,physics,S5,NA,NA
line_marker_calculator::kling_v3_pro__303,physics,S6,4,4
line_marker_calculator::minimax_h3__202,task,S1,0,1
line_marker_calculator::minimax_h3__202,task,S2,3,3
line_marker_calculator::minimax_h3__202,task,S3,0,0
line_marker_calculator::minimax_h3__202,task,S4,0,0
line_marker_calculator::minimax_h3__202,task,S5,0,1
line_marker_calculator::minimax_h3__202,task,S6,0,1
line_marker_calculator::minimax_h3__202,physics,S1,0,0
line_marker_calculator::minimax_h3__202,physics,S2,0,0
line_marker_calculator::minimax_h3__202,physics,S3,4,4
line_marker_calculator::minimax_h3__202,physics,S4,NA,NA
line_marker_calculator::minimax_h3__202,physics,S5,NA,NA
line_marker_calculator::minimax_h3__202,physics,S6,0,0
line_marker_calculator::seedance_2_0__101,task,S1,0,0
line_marker_calculator::seedance_2_0__101,task,S2,0,1
line_marker_calculator::seedance_2_0__101,task,S3,0,1
line_marker_calculator::seedance_2_0__101,task,S4,3,3
line_marker_calculator::seedance_2_0__101,task,S5,3,3
line_marker_calculator::seedance_2_0__101,task,S6,3,3
line_marker_calculator::seedance_2_0__101,physics,S1,4,4
line_marker_calculator::seedance_2_0__101,physics,S2,NA,NA
line_marker_calculator::seedance_2_0__101,physics,S3,NA,NA
line_marker_calculator::seedance_2_0__101,physics,S4,NA,NA
line_marker_calculator::seedance_2_0__101,physics,S5,4,4
line_marker_calculator::seedance_2_0__202,task,S1,3,3
line_marker_calculator::seedance_2_0__202,task,S2,3,3
line_marker_calculator::seedance_2_0__202,task,S3,3,3
line_marker_calculator::seedance_2_0__202,task,S4,3,3
line_marker_calculator::seedance_2_0__202,task,S5,3,3
line_marker_calculator::seedance_2_0__202,task,S6,3,3
line_marker_calculator::seedance_2_0__202,physics,S1,4,4
line_marker_calculator::seedance_2_0__202,physics,S2,4,4
line_marker_calculator::seedance_2_0__202,physics,S3,4,4
line_marker_calculator::seedance_2_0__202,physics,S4,4,4
line_marker_calculator::seedance_2_0__202,physics,S5,4,4
line_marker_calculator::wan_2_7__202,task,S1,3,3
line_marker_calculator::wan_2_7__202,task,S2,3,3
line_marker_calculator::wan_2_7__202,task,S3,3,3
line_marker_calculator::wan_2_7__202,task,S4,3,3
line_marker_calculator::wan_2_7__202,task,S5,3,3
line_marker_calculator::wan_2_7__202,task,S6,3,3
line_marker_calculator::wan_2_7__202,physics,S1,4,4
line_marker_calculator::wan_2_7__202,physics,S2,0,3
line_marker_calculator::wan_2_7__202,physics,S3,4,4
line_marker_calculator::wan_2_7__202,physics,S4,4,4
line_marker_calculator::wan_2_7__202,physics,S5,4,4
line_marker_calculator::wan_2_7__202,physics,S6,4,4
line_marker_calculator::wan_2_7__303,task,S1,3,3
line_marker_calculator::wan_2_7__303,task,S2,0,1
line_marker_calculator::wan_2_7__303,task,S3,2,2
line_marker_calculator::wan_2_7__303,task,S4,3,3
line_marker_calculator::wan_2_7__303,task,S5,3,3
line_marker_calculator::wan_2_7__303,physics,S1,4,4
line_marker_calculator::wan_2_7__303,physics,S2,4,4
line_marker_calculator::wan_2_7__303,physics,S3,4,4
line_marker_calculator::wan_2_7__303,physics,S4,4,4
line_marker_calculator::wan_2_7__303,physics,S5,4,4
line_marker_calculator::wan_2_7__303,physics,S6,4,4
line_marker_calculator::wrong_1,task,S1,3,3
line_marker_calculator::wrong_1,task,S2,3,3
line_marker_calculator::wrong_1,task,S3,3,3
line_marker_calculator::wrong_1,task,S4,3,3
line_marker_calculator::wrong_1,task,S5,0,1
line_marker_calculator::wrong_1,task,S6,0,0
line_marker_calculator::wrong_1,physics,S1,4,4
line_marker_calculator::wrong_1,physics,S2,4,4
line_marker_calculator::wrong_1,physics,S3,4,4
line_marker_calculator::wrong_1,physics,S4,4,4
line_marker_calculator::wrong_1,physics,S5,4,4
line_marker_calculator::wrong_1,physics,S6,NA,NA
line_marker_calculator::wrong_3,task,S1,3,3
line_marker_calculator::wrong_3,task,S2,2,2
line_marker_calculator::wrong_3,task,S3,3,3
line_marker_calculator::wrong_3,task,S4,2,2
line_marker_calculator::wrong_3,task,S5,2,2
line_marker_calculator::wrong_3,task,S6,2,2
line_marker_calculator::wrong_3,physics,S1,4,4
line_marker_calculator::wrong_3,physics,S2,4,4
line_marker_calculator::wrong_3,physics,S3,4,4
line_marker_calculator::wrong_3,physics,S4,4,4
line_marker_calculator::wrong_3,physics,S5,4,4
line_marker_calculator::wrong_3,physics,S6,4,4
paper_binder_book::cosmos_3__101,task,S1,0,0
paper_binder_book::cosmos_3__101,task,S2,0,0
paper_binder_book::cosmos_3__101,task,S3,0,0
paper_binder_book::cosmos_3__101,task,S4,0,0
paper_binder_book::cosmos_3__101,task,S5,0,0
paper_binder_book::cosmos_3__101,physics,S1,0,1
paper_binder_book::cosmos_3__101,physics,S2,NA,NA
paper_binder_book::cosmos_3__101,physics,S3,NA,NA
paper_binder_book::cosmos_3__101,physics,S4,NA,NA
paper_binder_book::cosmos_3__101,physics,S5,NA,NA
paper_binder_book::cosmos_3__101,physics,S6,NA,NA
paper_binder_book::cosmos_3__202,task,S1,3,3
paper_binder_book::cosmos_3__202,task,S2,0,0
paper_binder_book::cosmos_3__202,task,S3,0,0
paper_binder_book::cosmos_3__202,task,S4,0,0
paper_binder_book::cosmos_3__202,physics,S1,NA,NA
paper_binder_book::cosmos_3__202,physics,S2,NA,NA
paper_binder_book::cosmos_3__202,physics,S3,NA,NA
paper_binder_book::cosmos_3__202,physics,S4,4,4
paper_binder_book::cosmos_3__202,physics,S5,NA,NA
paper_binder_book::cosmos_3__202,physics,S6,NA,NA
paper_binder_book::cosmos_3__303,task,S1,3,3
paper_binder_book::cosmos_3__303,task,S2,0,0
paper_binder_book::cosmos_3__303,task,S3,0,0
paper_binder_book::cosmos_3__303,task,S4,0,0
paper_binder_book::cosmos_3__303,physics,S1,3,3
paper_binder_book::cosmos_3__303,physics,S2,0,0
paper_binder_book::cosmos_3__303,physics,S3,0,0
paper_binder_book::cosmos_3__303,physics,S4,0,0
paper_binder_book::cosmos_3__303,physics,S5,0,0
paper_binder_book::cosmos_3__303,physics,S6,0,0
paper_binder_book::grok_imagine_video_1_5__101,task,S1,2,2
paper_binder_book::grok_imagine_video_1_5__101,task,S2,2,2
paper_binder_book::grok_imagine_video_1_5__101,task,S3,3,3
paper_binder_book::grok_imagine_video_1_5__101,task,S4,3,3
paper_binder_book::grok_imagine_video_1_5__101,physics,S1,2,3
paper_binder_book::grok_imagine_video_1_5__101,physics,S2,4,4
paper_binder_book::grok_imagine_video_1_5__101,physics,S3,4,4
paper_binder_book::grok_imagine_video_1_5__101,physics,S4,4,4
paper_binder_book::grok_imagine_video_1_5__101,physics,S5,4,4
paper_binder_book::grok_imagine_video_1_5__101,physics,S6,4,4
paper_binder_book::grok_imagine_video_1_5__202,task,S1,1,1
paper_binder_book::grok_imagine_video_1_5__202,task,S2,0,0
paper_binder_book::grok_imagine_video_1_5__202,task,S3,0,0
paper_binder_book::grok_imagine_video_1_5__202,task,S4,3,3
paper_binder_book::grok_imagine_video_1_5__202,task,S5,3,3
paper_binder_book::grok_imagine_video_1_5__202,physics,S1,4,4
paper_binder_book::grok_imagine_video_1_5__202,physics,S2,4,4
paper_binder_book::grok_imagine_video_1_5__202,physics,S3,NA,NA
paper_binder_book::grok_imagine_video_1_5__202,physics,S4,NA,NA
paper_binder_book::grok_imagine_video_1_5__202,physics,S5,NA,NA
paper_binder_book::grok_imagine_video_1_5__202,physics,S6,4,4
paper_binder_book::grok_imagine_video_1_5__303,task,S1,2,2
paper_binder_book::grok_imagine_video_1_5__303,task,S2,3,3
paper_binder_book::grok_imagine_video_1_5__303,task,S3,3,3
paper_binder_book::grok_imagine_video_1_5__303,task,S4,0,0
paper_binder_book::grok_imagine_video_1_5__303,task,S5,0,0
paper_binder_book::grok_imagine_video_1_5__303,physics,S1,1,2
paper_binder_book::grok_imagine_video_1_5__303,physics,S2,4,4
paper_binder_book::grok_imagine_video_1_5__303,physics,S3,4,4
paper_binder_book::grok_imagine_video_1_5__303,physics,S4,2,3
paper_binder_book::grok_imagine_video_1_5__303,physics,S5,NA,NA
paper_binder_book::grok_imagine_video_1_5__303,physics,S6,NA,NA
paper_binder_book::kling_v3_pro__303,task,S1,1,1
paper_binder_book::kling_v3_pro__303,task,S2,3,3
paper_binder_book::kling_v3_pro__303,task,S3,3,3
paper_binder_book::kling_v3_pro__303,task,S4,3,3
paper_binder_book::kling_v3_pro__303,physics,S1,0,0
paper_binder_book::kling_v3_pro__303,physics,S2,2,3
paper_binder_book::kling_v3_pro__303,physics,S3,4,4
paper_binder_book::kling_v3_pro__303,physics,S4,2,3
paper_binder_book::kling_v3_pro__303,physics,S5,0,2
paper_binder_book::kling_v3_pro__303,physics,S6,4,4
paper_binder_book::minimax_h3__101,task,S1,1,2
paper_binder_book::minimax_h3__101,task,S2,1,1
paper_binder_book::minimax_h3__101,task,S3,0,0
paper_binder_book::minimax_h3__101,task,S4,0,0
paper_binder_book::minimax_h3__101,physics,S1,4,4
paper_binder_book::minimax_h3__101,physics,S2,0,2
paper_binder_book::minimax_h3__101,physics,S3,NA,NA
paper_binder_book::minimax_h3__101,physics,S4,4,4
paper_binder_book::minimax_h3__101,physics,S5,NA,NA
paper_binder_book::seedance_2_0__101,task,S1,3,3
paper_binder_book::seedance_2_0__101,task,S2,3,3
paper_binder_book::seedance_2_0__101,task,S3,3,3
paper_binder_book::seedance_2_0__101,task,S4,3,3
paper_binder_book::seedance_2_0__101,physics,S1,4,4
paper_binder_book::seedance_2_0__101,physics,S2,4,4
paper_binder_book::seedance_2_0__101,physics,S3,4,4
paper_binder_book::seedance_2_0__101,physics,S4,4,4
paper_binder_book::seedance_2_0__101,physics,S5,4,4
paper_binder_book::seedance_2_0__202,task,S1,2,2
paper_binder_book::seedance_2_0__202,task,S2,3,3
paper_binder_book::seedance_2_0__202,task,S3,3,3
paper_binder_book::seedance_2_0__202,task,S4,3,3
paper_binder_book::seedance_2_0__202,task,S5,3,3
paper_binder_book::seedance_2_0__202,physics,S1,4,4
paper_binder_book::seedance_2_0__202,physics,S2,4,4
paper_binder_book::seedance_2_0__202,physics,S3,4,4
paper_binder_book::seedance_2_0__202,physics,S4,4,4
paper_binder_book::seedance_2_0__202,physics,S5,4,4
paper_binder_book::seedance_2_0__202,physics,S6,4,4
paper_binder_book::seedance_2_0__303,task,S1,3,3
paper_binder_book::seedance_2_0__303,task,S2,3,3
paper_binder_book::seedance_2_0__303,task,S3,3,3
paper_binder_book::seedance_2_0__303,task,S4,0,0
paper_binder_book::seedance_2_0__303,task,S5,1,1
paper_binder_book::seedance_2_0__303,physics,S1,4,4
paper_binder_book::seedance_2_0__303,physics,S2,4,4
paper_binder_book::seedance_2_0__303,physics,S3,4,4
paper_binder_book::seedance_2_0__303,physics,S4,4,4
paper_binder_book::seedance_2_0__303,physics,S5,NA,NA
paper_binder_book::seedance_2_0__303,physics,S6,4,4
paper_binder_book::wan_2_7__101,task,S1,3,3
paper_binder_book::wan_2_7__101,task,S2,1,1
paper_binder_book::wan_2_7__101,task,S3,0,0
paper_binder_book::wan_2_7__101,task,S4,3,3
paper_binder_book::wan_2_7__101,task,S5,2,2
paper_binder_book::wan_2_7__101,physics,S1,4,4
paper_binder_book::wan_2_7__101,physics,S2,4,4
paper_binder_book::wan_2_7__101,physics,S3,0,3
paper_binder_book::wan_2_7__101,physics,S4,4,4
paper_binder_book::wan_2_7__101,physics,S5,4,4
paper_binder_book::wan_2_7__202,task,S1,3,3
paper_binder_book::wan_2_7__202,task,S2,0,0
paper_binder_book::wan_2_7__202,task,S3,0,0
paper_binder_book::wan_2_7__202,task,S4,3,3
paper_binder_book::wan_2_7__202,task,S5,3,3
paper_binder_book::wan_2_7__202,physics,S1,2,3
paper_binder_book::wan_2_7__202,physics,S2,NA,NA
paper_binder_book::wan_2_7__202,physics,S3,0,2
paper_binder_book::wan_2_7__202,physics,S4,0,1
paper_binder_book::wan_2_7__202,physics,S5,4,4
paper_binder_book::wan_2_7__202,physics,S6,4,4
paper_binder_book::wan_2_7__303,task,S1,2,2
paper_binder_book::wan_2_7__303,task,S2,0,0
paper_binder_book::wan_2_7__303,task,S3,0,0
paper_binder_book::wan_2_7__303,task,S4,1,1
paper_binder_book::wan_2_7__303,task,S5,0,0
paper_binder_book::wan_2_7__303,physics,S1,3,3
paper_binder_book::wan_2_7__303,physics,S2,0,1
paper_binder_book::wan_2_7__303,physics,S3,0,2
paper_binder_book::wan_2_7__303,physics,S4,0,1
paper_binder_book::wan_2_7__303,physics,S5,0,2
paper_binder_book::wan_2_7__303,physics,S6,0,1
paper_binder_book::wrong_1,task,S1,3,3
paper_binder_book::wrong_1,task,S2,0,0
paper_binder_book::wrong_1,task,S3,3,3
paper_binder_book::wrong_1,task,S4,2,2
paper_binder_book::wrong_1,physics,S1,4,4
paper_binder_book::wrong_1,physics,S2,NA,NA
paper_binder_book::wrong_1,physics,S3,NA,NA
paper_binder_book::wrong_1,physics,S4,NA,NA
paper_binder_book::wrong_1,physics,S5,4,4
paper_binder_book::wrong_1,physics,S6,4,4
racket_backpack::cosmos_3__101,task,S1,1,1
racket_backpack::cosmos_3__101,task,S2,0,0
racket_backpack::cosmos_3__101,task,S3,0,0
racket_backpack::cosmos_3__101,physics,S1,0,0
racket_backpack::cosmos_3__101,physics,S2,0,0
racket_backpack::cosmos_3__101,physics,S3,0,0
racket_backpack::cosmos_3__101,physics,S4,0,2
racket_backpack::cosmos_3__101,physics,S5,0,0
racket_backpack::cosmos_3__202,task,S1,0,0
racket_backpack::cosmos_3__202,task,S2,0,0
racket_backpack::cosmos_3__202,task,S3,0,0
racket_backpack::cosmos_3__202,physics,S1,NA,NA
racket_backpack::cosmos_3__202,physics,S2,NA,NA
racket_backpack::cosmos_3__202,physics,S3,NA,NA
racket_backpack::cosmos_3__303,task,S1,0,0
racket_backpack::cosmos_3__303,task,S2,0,0
racket_backpack::cosmos_3__303,task,S3,0,0
racket_backpack::cosmos_3__303,physics,S1,NA,NA
racket_backpack::cosmos_3__303,physics,S2,NA,NA
racket_backpack::cosmos_3__303,physics,S3,NA,NA
racket_backpack::grok_imagine_video_1_5__202,task,S1,2,2
racket_backpack::grok_imagine_video_1_5__202,task,S2,2,2
racket_backpack::grok_imagine_video_1_5__202,task,S3,2,2
racket_backpack::grok_imagine_video_1_5__202,physics,S1,4,4
racket_backpack::grok_imagine_video_1_5__202,physics,S2,4,4
racket_backpack::grok_imagine_video_1_5__202,physics,S3,4,4
racket_backpack::grok_imagine_video_1_5__303,task,S1,3,3
racket_backpack::grok_imagine_video_1_5__303,task,S2,3,3
racket_backpack::grok_imagine_video_1_5__303,task,S3,3,3
racket_backpack::grok_imagine_video_1_5__303,physics,S1,4,4
racket_backpack::grok_imagine_video_1_5__303,physics,S2,4,4
racket_backpack::grok_imagine_video_1_5__303,physics,S3,4,4
racket_backpack::kling_v3_pro__101,task,S1,2,2
racket_backpack::kling_v3_pro__101,task,S2,2,2
racket_backpack::kling_v3_pro__101,task,S3,2,2
racket_backpack::kling_v3_pro__101,physics,S1,4,4
racket_backpack::kling_v3_pro__101,physics,S2,4,4
racket_backpack::kling_v3_pro__101,physics,S3,4,4
racket_backpack::kling_v3_pro__303,task,S1,3,3
racket_backpack::kling_v3_pro__303,task,S2,3,3
racket_backpack::kling_v3_pro__303,task,S3,3,3
racket_backpack::kling_v3_pro__303,physics,S1,4,4
racket_backpack::kling_v3_pro__303,physics,S2,4,4
racket_backpack::kling_v3_pro__303,physics,S3,4,4
racket_backpack::minimax_h3__101,task,S1,2,2
racket_backpack::minimax_h3__101,task,S2,0,0
racket_backpack::minimax_h3__101,task,S3,3,3
racket_backpack::minimax_h3__101,physics,S1,4,4
racket_backpack::minimax_h3__101,physics,S2,0,1
racket_backpack::minimax_h3__101,physics,S3,4,4
racket_backpack::minimax_h3__202,task,S1,0,0
racket_backpack::minimax_h3__202,task,S2,0,0
racket_backpack::minimax_h3__202,task,S3,0,0
racket_backpack::minimax_h3__202,physics,S1,NA,NA
racket_backpack::minimax_h3__202,physics,S2,NA,NA
racket_backpack::minimax_h3__202,physics,S3,NA,NA
racket_backpack::seedance_2_0__101,task,S1,3,3
racket_backpack::seedance_2_0__101,task,S2,3,3
racket_backpack::seedance_2_0__101,task,S3,3,3
racket_backpack::seedance_2_0__101,physics,S1,4,4
racket_backpack::seedance_2_0__101,physics,S2,4,4
racket_backpack::seedance_2_0__101,physics,S3,4,4
racket_backpack::seedance_2_0__202,task,S1,3,3
racket_backpack::seedance_2_0__202,task,S2,3,3
racket_backpack::seedance_2_0__202,task,S3,3,3
racket_backpack::seedance_2_0__202,physics,S1,4,4
racket_backpack::seedance_2_0__202,physics,S2,4,4
racket_backpack::seedance_2_0__202,physics,S3,4,4
racket_backpack::seedance_2_0__303,task,S1,3,3
racket_backpack::seedance_2_0__303,task,S2,3,3
racket_backpack::seedance_2_0__303,task,S3,3,3
racket_backpack::seedance_2_0__303,physics,S1,4,4
racket_backpack::seedance_2_0__303,physics,S2,4,4
racket_backpack::seedance_2_0__303,physics,S3,4,4
racket_backpack::wan_2_7__101,task,S1,3,3
racket_backpack::wan_2_7__101,task,S2,3,3
racket_backpack::wan_2_7__101,task,S3,3,3
racket_backpack::wan_2_7__101,physics,S1,4,4
racket_backpack::wan_2_7__101,physics,S2,4,4
racket_backpack::wan_2_7__101,physics,S3,4,4
racket_backpack::wan_2_7__202,task,S1,2,2
racket_backpack::wan_2_7__202,task,S2,3,3
racket_backpack::wan_2_7__202,task,S3,3,3
racket_backpack::wan_2_7__202,physics,S1,4,4
racket_backpack::wan_2_7__202,physics,S2,4,4
racket_backpack::wan_2_7__202,physics,S3,4,4
racket_backpack::wan_2_7__202,physics,S4,4,4
racket_backpack::wan_2_7__202,physics,S5,NA,NA
racket_backpack::wan_2_7__303,task,S1,2,2
racket_backpack::wan_2_7__303,task,S2,0,0
racket_backpack::wan_2_7__303,task,S3,3,3
racket_backpack::wan_2_7__303,physics,S1,2,2
racket_backpack::wan_2_7__303,physics,S2,2,2
racket_backpack::wan_2_7__303,physics,S3,4,4
racket_backpack::wan_2_7__303,physics,S4,2,2
racket_backpack::wan_2_7__303,physics,S5,2,2
racket_backpack::wrong_2,task,S1,3,3
racket_backpack::wrong_2,task,S2,2,2
racket_backpack::wrong_2,task,S3,0,0
racket_backpack::wrong_2,physics,S1,4,4
racket_backpack::wrong_2,physics,S2,4,4
racket_backpack::wrong_2,physics,S3,NA,NA
racket_backpack::wrong_2,physics,S4,4,4
racket_backpack::wrong_2,physics,S5,4,4
remote_marker_stand::cosmos_3__101,task,S1,0,0
remote_marker_stand::cosmos_3__101,task,S2,0,0
remote_marker_stand::cosmos_3__101,task,S3,3,3
remote_marker_stand::cosmos_3__101,physics,S1,NA,NA
remote_marker_stand::cosmos_3__101,physics,S2,NA,NA
remote_marker_stand::cosmos_3__101,physics,S3,4,4
remote_marker_stand::cosmos_3__202,task,S1,0,0
remote_marker_stand::cosmos_3__202,task,S2,1,1
remote_marker_stand::cosmos_3__202,task,S3,2,2
remote_marker_stand::cosmos_3__202,physics,S1,NA,NA
remote_marker_stand::cosmos_3__202,physics,S2,0,2
remote_marker_stand::cosmos_3__202,physics,S3,1,2
remote_marker_stand::cosmos_3__303,task,S1,0,1
remote_marker_stand::cosmos_3__303,task,S2,0,0
remote_marker_stand::cosmos_3__303,task,S3,3,3
remote_marker_stand::cosmos_3__303,physics,S1,NA,NA
remote_marker_stand::cosmos_3__303,physics,S2,0,3
remote_marker_stand::cosmos_3__303,physics,S3,4,4
remote_marker_stand::grok_imagine_video_1_5__101,task,S1,3,3
remote_marker_stand::grok_imagine_video_1_5__101,task,S2,3,3
remote_marker_stand::grok_imagine_video_1_5__101,task,S3,3,3
remote_marker_stand::grok_imagine_video_1_5__101,physics,S1,4,4
remote_marker_stand::grok_imagine_video_1_5__101,physics,S2,4,4
remote_marker_stand::grok_imagine_video_1_5__101,physics,S3,4,4
remote_marker_stand::grok_imagine_video_1_5__303,task,S1,3,3
remote_marker_stand::grok_imagine_video_1_5__303,task,S2,2,2
remote_marker_stand::grok_imagine_video_1_5__303,task,S3,2,2
remote_marker_stand::grok_imagine_video_1_5__303,physics,S1,4,4
remote_marker_stand::grok_imagine_video_1_5__303,physics,S2,4,4
remote_marker_stand::grok_imagine_video_1_5__303,physics,S3,4,4
remote_marker_stand::kling_v3_pro__101,task,S1,3,3
remote_marker_stand::kling_v3_pro__101,task,S2,1,1
remote_marker_stand::kling_v3_pro__101,task,S3,1,1
remote_marker_stand::kling_v3_pro__101,physics,S1,1,3
remote_marker_stand::kling_v3_pro__101,physics,S2,1,3
remote_marker_stand::kling_v3_pro__101,physics,S3,1,3
remote_marker_stand::kling_v3_pro__202,task,S1,3,3
remote_marker_stand::kling_v3_pro__202,task,S2,3,3
remote_marker_stand::kling_v3_pro__202,task,S3,3,3
remote_marker_stand::kling_v3_pro__202,physics,S1,4,4
remote_marker_stand::kling_v3_pro__202,physics,S2,4,4
remote_marker_stand::kling_v3_pro__202,physics,S3,4,4
remote_marker_stand::kling_v3_pro__303,task,S1,3,3
remote_marker_stand::kling_v3_pro__303,task,S2,0,0
remote_marker_stand::kling_v3_pro__303,task,S3,0,0
remote_marker_stand::kling_v3_pro__303,physics,S1,4,4
remote_marker_stand::kling_v3_pro__303,physics,S2,unresolved,unresolved
remote_marker_stand::kling_v3_pro__303,physics,S3,4,4
remote_marker_stand::minimax_h3__101,task,S1,3,3
remote_marker_stand::minimax_h3__101,task,S2,3,3
remote_marker_stand::minimax_h3__101,task,S3,3,3
remote_marker_stand::minimax_h3__101,physics,S1,4,4
remote_marker_stand::minimax_h3__101,physics,S2,4,4
remote_marker_stand::minimax_h3__101,physics,S3,4,4
remote_marker_stand::minimax_h3__202,task,S1,3,3
remote_marker_stand::minimax_h3__202,task,S2,3,3
remote_marker_stand::minimax_h3__202,task,S3,3,3
remote_marker_stand::minimax_h3__202,physics,S1,4,4
remote_marker_stand::minimax_h3__202,physics,S2,4,4
remote_marker_stand::minimax_h3__202,physics,S3,4,4
remote_marker_stand::minimax_h3__303,task,S1,3,3
remote_marker_stand::minimax_h3__303,task,S2,3,3
remote_marker_stand::minimax_h3__303,task,S3,3,3
remote_marker_stand::minimax_h3__303,physics,S1,4,4
remote_marker_stand::minimax_h3__303,physics,S2,4,4
remote_marker_stand::minimax_h3__303,physics,S3,4,4
remote_marker_stand::seedance_2_0__303,task,S1,3,3
remote_marker_stand::seedance_2_0__303,task,S2,3,3
remote_marker_stand::seedance_2_0__303,task,S3,3,3
remote_marker_stand::seedance_2_0__303,physics,S1,4,4
remote_marker_stand::seedance_2_0__303,physics,S2,4,4
remote_marker_stand::seedance_2_0__303,physics,S3,4,4
remote_marker_stand::wan_2_7__101,task,S1,3,3
remote_marker_stand::wan_2_7__101,task,S2,0,0
remote_marker_stand::wan_2_7__101,task,S3,0,0
remote_marker_stand::wan_2_7__101,physics,S1,4,4
remote_marker_stand::wan_2_7__101,physics,S2,4,4
remote_marker_stand::wan_2_7__101,physics,S3,4,4
remote_marker_stand::wan_2_7__202,task,S1,3,3
remote_marker_stand::wan_2_7__202,task,S2,3,3
remote_marker_stand::wan_2_7__202,task,S3,3,3
remote_marker_stand::wan_2_7__202,physics,S1,4,4
remote_marker_stand::wan_2_7__202,physics,S2,4,4
remote_marker_stand::wan_2_7__202,physics,S3,4,4
remote_marker_stand::wrong_1,task,S1,3,3
remote_marker_stand::wrong_1,task,S2,0,0
remote_marker_stand::wrong_1,task,S3,3,3
remote_marker_stand::wrong_1,physics,S1,NA,NA
remote_marker_stand::wrong_1,physics,S2,4,4
remote_marker_stand::wrong_1,physics,S3,4,4
remote_marker_stand::wrong_2,task,S1,3,3
remote_marker_stand::wrong_2,task,S2,1,1
remote_marker_stand::wrong_2,task,S3,3,3
remote_marker_stand::wrong_2,physics,S1,4,4
remote_marker_stand::wrong_2,physics,S2,4,4
remote_marker_stand::wrong_2,physics,S3,4,4
remote_marker_stand::wrong_3,task,S1,3,3
remote_marker_stand::wrong_3,task,S2,0,0
remote_marker_stand::wrong_3,task,S3,3,3
remote_marker_stand::wrong_3,physics,S1,4,4
remote_marker_stand::wrong_3,physics,S2,4,4
remote_marker_stand::wrong_3,physics,S3,4,4
sanitary_face_wash::cosmos_3__202,task,S1,3,3
sanitary_face_wash::cosmos_3__202,task,S2,0,2
sanitary_face_wash::cosmos_3__202,task,S3,0,2
sanitary_face_wash::cosmos_3__202,task,S4,1,1
sanitary_face_wash::cosmos_3__202,task,S5,0,0
sanitary_face_wash::cosmos_3__202,task,S6,1,1
sanitary_face_wash::cosmos_3__202,task,S7,0,0
sanitary_face_wash::cosmos_3__202,physics,S1,4,4
sanitary_face_wash::cosmos_3__202,physics,S2,4,4
sanitary_face_wash::cosmos_3__202,physics,S3,1,3
sanitary_face_wash::cosmos_3__202,physics,S4,1,1
sanitary_face_wash::cosmos_3__202,physics,S5,0,0
sanitary_face_wash::cosmos_3__202,physics,S6,0,0
sanitary_face_wash::cosmos_3__202,physics,S7,0,0
sanitary_face_wash::cosmos_3__303,task,S1,3,3
sanitary_face_wash::cosmos_3__303,task,S2,0,0
sanitary_face_wash::cosmos_3__303,task,S3,0,0
sanitary_face_wash::cosmos_3__303,task,S4,3,3
sanitary_face_wash::cosmos_3__303,task,S5,1,1
sanitary_face_wash::cosmos_3__303,task,S6,0,0
sanitary_face_wash::cosmos_3__303,task,S7,0,0
sanitary_face_wash::cosmos_3__303,physics,S1,4,4
sanitary_face_wash::cosmos_3__303,physics,S2,0,0
sanitary_face_wash::cosmos_3__303,physics,S3,0,0
sanitary_face_wash::cosmos_3__303,physics,S4,4,4
sanitary_face_wash::cosmos_3__303,physics,S5,0,0
sanitary_face_wash::cosmos_3__303,physics,S6,0,0
sanitary_face_wash::cosmos_3__303,physics,S7,0,0
sanitary_face_wash::grok_imagine_video_1_5__202,task,S1,0,1
sanitary_face_wash::grok_imagine_video_1_5__202,task,S2,3,3
sanitary_face_wash::grok_imagine_video_1_5__202,task,S3,0,0
sanitary_face_wash::grok_imagine_video_1_5__202,task,S4,3,3
sanitary_face_wash::grok_imagine_video_1_5__202,task,S5,3,3
sanitary_face_wash::grok_imagine_video_1_5__202,task,S6,0,0
sanitary_face_wash::grok_imagine_video_1_5__202,task,S7,2,2
sanitary_face_wash::grok_imagine_video_1_5__202,physics,S1,NA,NA
sanitary_face_wash::grok_imagine_video_1_5__202,physics,S2,4,4
sanitary_face_wash::grok_imagine_video_1_5__202,physics,S3,NA,NA
sanitary_face_wash::grok_imagine_video_1_5__202,physics,S4,4,4
sanitary_face_wash::grok_imagine_video_1_5__202,physics,S5,4,4
sanitary_face_wash::grok_imagine_video_1_5__202,physics,S6,NA,NA
sanitary_face_wash::grok_imagine_video_1_5__202,physics,S7,4,4
sanitary_face_wash::kling_v3_pro__202,task,S1,0,1
sanitary_face_wash::kling_v3_pro__202,task,S2,3,3
sanitary_face_wash::kling_v3_pro__202,task,S3,3,3
sanitary_face_wash::kling_v3_pro__202,task,S4,3,3
sanitary_face_wash::kling_v3_pro__202,task,S5,3,3
sanitary_face_wash::kling_v3_pro__202,task,S6,0,0
sanitary_face_wash::kling_v3_pro__202,task,S7,2,2
sanitary_face_wash::kling_v3_pro__202,physics,S1,NA,NA
sanitary_face_wash::kling_v3_pro__202,physics,S2,4,4
sanitary_face_wash::kling_v3_pro__202,physics,S3,4,4
sanitary_face_wash::kling_v3_pro__202,physics,S4,4,4
sanitary_face_wash::kling_v3_pro__202,physics,S5,4,4
sanitary_face_wash::kling_v3_pro__202,physics,S6,NA,NA
sanitary_face_wash::kling_v3_pro__202,physics,S7,4,4
sanitary_face_wash::minimax_h3__202,task,S1,3,3
sanitary_face_wash::minimax_h3__202,task,S2,3,3
sanitary_face_wash::minimax_h3__202,task,S3,1,1
sanitary_face_wash::minimax_h3__202,task,S4,3,3
sanitary_face_wash::minimax_h3__202,task,S5,3,3
sanitary_face_wash::minimax_h3__202,task,S6,3,3
sanitary_face_wash::minimax_h3__202,task,S7,0,0
sanitary_face_wash::minimax_h3__202,physics,S1,4,4
sanitary_face_wash::minimax_h3__202,physics,S2,4,4
sanitary_face_wash::minimax_h3__202,physics,S3,NA,NA
sanitary_face_wash::minimax_h3__202,physics,S4,4,4
sanitary_face_wash::minimax_h3__202,physics,S5,4,4
sanitary_face_wash::minimax_h3__202,physics,S6,4,4
sanitary_face_wash::minimax_h3__202,physics,S7,3,3
sanitary_face_wash::minimax_h3__303,task,S1,0,1
sanitary_face_wash::minimax_h3__303,task,S2,3,3
sanitary_face_wash::minimax_h3__303,task,S3,0,1
sanitary_face_wash::minimax_h3__303,task,S4,3,3
sanitary_face_wash::minimax_h3__303,task,S5,3,3
sanitary_face_wash::minimax_h3__303,task,S6,0,0
sanitary_face_wash::minimax_h3__303,task,S7,1,1
sanitary_face_wash::minimax_h3__303,physics,S1,NA,NA
sanitary_face_wash::minimax_h3__303,physics,S2,4,4
sanitary_face_wash::minimax_h3__303,physics,S3,NA,NA
sanitary_face_wash::minimax_h3__303,physics,S4,4,4
sanitary_face_wash::minimax_h3__303,physics,S5,4,4
sanitary_face_wash::minimax_h3__303,physics,S6,NA,NA
sanitary_face_wash::minimax_h3__303,physics,S7,NA,NA
sanitary_face_wash::seedance_2_0__202,task,S1,3,3
sanitary_face_wash::seedance_2_0__202,task,S2,3,3
sanitary_face_wash::seedance_2_0__202,task,S3,3,3
sanitary_face_wash::seedance_2_0__202,task,S4,3,3
sanitary_face_wash::seedance_2_0__202,task,S5,3,3
sanitary_face_wash::seedance_2_0__202,task,S6,0,1
sanitary_face_wash::seedance_2_0__202,task,S7,3,3
sanitary_face_wash::seedance_2_0__202,physics,S1,4,4
sanitary_face_wash::seedance_2_0__202,physics,S2,4,4
sanitary_face_wash::seedance_2_0__202,physics,S3,NA,NA
sanitary_face_wash::seedance_2_0__202,physics,S4,4,4
sanitary_face_wash::seedance_2_0__202,physics,S5,4,4
sanitary_face_wash::seedance_2_0__202,physics,S6,NA,NA
sanitary_face_wash::seedance_2_0__202,physics,S7,4,4
sanitary_face_wash::wan_2_7__101,task,S1,0,1
sanitary_face_wash::wan_2_7__101,task,S2,3,3
sanitary_face_wash::wan_2_7__101,task,S3,3,3
sanitary_face_wash::wan_2_7__101,task,S4,3,3
sanitary_face_wash::wan_2_7__101,task,S5,3,3
sanitary_face_wash::wan_2_7__101,task,S6,0,2
sanitary_face_wash::wan_2_7__101,task,S7,3,3
sanitary_face_wash::wan_2_7__101,physics,S1,NA,NA
sanitary_face_wash::wan_2_7__101,physics,S2,4,4
sanitary_face_wash::wan_2_7__101,physics,S3,0,1
sanitary_face_wash::wan_2_7__101,physics,S4,4,4
sanitary_face_wash::wan_2_7__101,physics,S5,4,4
sanitary_face_wash::wan_2_7__101,physics,S6,0,1
sanitary_face_wash::wan_2_7__101,physics,S7,4,4
sanitary_face_wash::wan_2_7__202,task,S1,0,1
sanitary_face_wash::wan_2_7__202,task,S2,3,3
sanitary_face_wash::wan_2_7__202,task,S3,2,2
sanitary_face_wash::wan_2_7__202,task,S4,3,3
sanitary_face_wash::wan_2_7__202,task,S5,3,3
sanitary_face_wash::wan_2_7__202,task,S6,0,1
sanitary_face_wash::wan_2_7__202,task,S7,2,2
sanitary_face_wash::wan_2_7__202,physics,S1,NA,NA
sanitary_face_wash::wan_2_7__202,physics,S2,4,4
sanitary_face_wash::wan_2_7__202,physics,S3,NA,NA
sanitary_face_wash::wan_2_7__202,physics,S4,4,4
sanitary_face_wash::wan_2_7__202,physics,S5,4,4
sanitary_face_wash::wan_2_7__202,physics,S6,0,3
sanitary_face_wash::wan_2_7__202,physics,S7,4,4
sanitary_face_wash::wan_2_7__303,task,S1,0,1
sanitary_face_wash::wan_2_7__303,task,S2,3,3
sanitary_face_wash::wan_2_7__303,task,S3,1,2
sanitary_face_wash::wan_2_7__303,task,S4,3,3
sanitary_face_wash::wan_2_7__303,task,S5,3,3
sanitary_face_wash::wan_2_7__303,task,S6,3,3
sanitary_face_wash::wan_2_7__303,task,S7,3,3
sanitary_face_wash::wan_2_7__303,physics,S1,NA,NA
sanitary_face_wash::wan_2_7__303,physics,S2,4,4
sanitary_face_wash::wan_2_7__303,physics,S3,4,4
sanitary_face_wash::wan_2_7__303,physics,S4,4,4
sanitary_face_wash::wan_2_7__303,physics,S5,4,4
sanitary_face_wash::wan_2_7__303,physics,S6,4,4
sanitary_face_wash::wan_2_7__303,physics,S7,4,4
sanitary_face_wash::wrong_2,task,S1,0,1
sanitary_face_wash::wrong_2,task,S2,3,3
sanitary_face_wash::wrong_2,task,S3,0,1
sanitary_face_wash::wrong_2,task,S4,3,3
sanitary_face_wash::wrong_2,task,S5,3,3
sanitary_face_wash::wrong_2,task,S6,0,1
sanitary_face_wash::wrong_2,task,S7,0,0
sanitary_face_wash::wrong_2,physics,S1,NA,NA
sanitary_face_wash::wrong_2,physics,S2,4,4
sanitary_face_wash::wrong_2,physics,S3,NA,NA
sanitary_face_wash::wrong_2,physics,S4,4,4
sanitary_face_wash::wrong_2,physics,S5,4,4
sanitary_face_wash::wrong_2,physics,S6,4,4
sanitary_face_wash::wrong_2,physics,S7,NA,NA
sock_bucket::cosmos_3__101,task,S1,0,0
sock_bucket::cosmos_3__101,task,S2,1,1
sock_bucket::cosmos_3__101,task,S3,0,0
sock_bucket::cosmos_3__101,physics,S1,2,2
sock_bucket::cosmos_3__101,physics,S2,2,2
sock_bucket::cosmos_3__101,physics,S3,2,2
sock_bucket::cosmos_3__202,task,S1,1,1
sock_bucket::cosmos_3__202,task,S2,0,0
sock_bucket::cosmos_3__202,task,S3,0,0
sock_bucket::cosmos_3__202,physics,S1,4,4
sock_bucket::cosmos_3__202,physics,S2,4,4
sock_bucket::cosmos_3__202,physics,S3,4,4
sock_bucket::cosmos_3__303,task,S1,0,0
sock_bucket::cosmos_3__303,task,S2,0,0
sock_bucket::cosmos_3__303,task,S3,0,0
sock_bucket::cosmos_3__303,physics,S1,0,0
sock_bucket::cosmos_3__303,physics,S2,0,unresolved
sock_bucket::cosmos_3__303,physics,S3,0,unresolved
sock_bucket::grok_imagine_video_1_5__202,task,S1,3,3
sock_bucket::grok_imagine_video_1_5__202,task,S2,3,3
sock_bucket::grok_imagine_video_1_5__202,task,S3,3,3
sock_bucket::grok_imagine_video_1_5__202,physics,S1,4,4
sock_bucket::grok_imagine_video_1_5__202,physics,S2,4,4
sock_bucket::grok_imagine_video_1_5__202,physics,S3,4,4
sock_bucket::kling_v3_pro__101,task,S1,3,3
sock_bucket::kling_v3_pro__101,task,S2,3,3
sock_bucket::kling_v3_pro__101,task,S3,3,3
sock_bucket::kling_v3_pro__101,physics,S1,4,4
sock_bucket::kling_v3_pro__101,physics,S2,4,4
sock_bucket::kling_v3_pro__101,physics,S3,0,1
sock_bucket::kling_v3_pro__202,task,S1,3,3
sock_bucket::kling_v3_pro__202,task,S2,3,3
sock_bucket::kling_v3_pro__202,task,S3,3,3
sock_bucket::kling_v3_pro__202,physics,S1,3,3
sock_bucket::kling_v3_pro__202,physics,S2,4,4
sock_bucket::kling_v3_pro__202,physics,S3,4,4
sock_bucket::kling_v3_pro__303,task,S1,3,3
sock_bucket::kling_v3_pro__303,task,S2,3,3
sock_bucket::kling_v3_pro__303,task,S3,3,3
sock_bucket::kling_v3_pro__303,physics,S1,4,4
sock_bucket::kling_v3_pro__303,physics,S2,4,4
sock_bucket::kling_v3_pro__303,physics,S3,4,4
sock_bucket::minimax_h3__101,task,S1,3,3
sock_bucket::minimax_h3__101,task,S2,3,3
sock_bucket::minimax_h3__101,task,S3,3,3
sock_bucket::minimax_h3__101,physics,S1,4,4
sock_bucket::minimax_h3__101,physics,S2,4,4
sock_bucket::minimax_h3__101,physics,S3,4,4
sock_bucket::minimax_h3__303,task,S1,0,0
sock_bucket::minimax_h3__303,task,S2,3,3
sock_bucket::minimax_h3__303,task,S3,3,3
sock_bucket::minimax_h3__303,physics,S1,4,4
sock_bucket::minimax_h3__303,physics,S2,4,4
sock_bucket::minimax_h3__303,physics,S3,4,4
sock_bucket::seedance_2_0__101,task,S1,3,3
sock_bucket::seedance_2_0__101,task,S2,3,3
sock_bucket::seedance_2_0__101,task,S3,3,3
sock_bucket::seedance_2_0__101,physics,S1,4,4
sock_bucket::seedance_2_0__101,physics,S2,4,4
sock_bucket::seedance_2_0__101,physics,S3,4,4
sock_bucket::seedance_2_0__202,task,S1,3,3
sock_bucket::seedance_2_0__202,task,S2,3,3
sock_bucket::seedance_2_0__202,task,S3,3,3
sock_bucket::seedance_2_0__202,physics,S1,4,4
sock_bucket::seedance_2_0__202,physics,S2,4,4
sock_bucket::seedance_2_0__202,physics,S3,4,4
sock_bucket::seedance_2_0__303,task,S1,1,2
sock_bucket::seedance_2_0__303,task,S2,3,3
sock_bucket::seedance_2_0__303,task,S3,3,3
sock_bucket::seedance_2_0__303,physics,S1,4,4
sock_bucket::seedance_2_0__303,physics,S2,4,4
sock_bucket::seedance_2_0__303,physics,S3,4,4
sock_bucket::wan_2_7__303,task,S1,3,3
sock_bucket::wan_2_7__303,task,S2,3,3
sock_bucket::wan_2_7__303,task,S3,3,3
sock_bucket::wan_2_7__303,physics,S1,4,4
sock_bucket::wan_2_7__303,physics,S2,4,4
sock_bucket::wan_2_7__303,physics,S3,4,4
sock_bucket::wrong_1,task,S1,3,3
sock_bucket::wrong_1,task,S2,3,3
sock_bucket::wrong_1,task,S3,3,3
sock_bucket::wrong_1,physics,S1,4,4
sock_bucket::wrong_1,physics,S2,4,4
sock_bucket::wrong_1,physics,S3,4,4
sock_bucket::wrong_2,task,S1,3,3
sock_bucket::wrong_2,task,S2,3,3
sock_bucket::wrong_2,task,S3,0,0
sock_bucket::wrong_2,physics,S1,NA,NA
sock_bucket::wrong_2,physics,S2,2,3
sock_bucket::wrong_2,physics,S3,4,4
sock_bucket::wrong_3,task,S1,3,3
sock_bucket::wrong_3,task,S2,3,3
sock_bucket::wrong_3,task,S3,3,3
sock_bucket::wrong_3,physics,S1,4,4
sock_bucket::wrong_3,physics,S2,4,4
sock_bucket::wrong_3,physics,S3,4,4
stack_blocks::cosmos_3__101,task,S1,0,0
stack_blocks::cosmos_3__101,task,S2,0,0
stack_blocks::cosmos_3__101,task,S3,0,0
stack_blocks::cosmos_3__101,physics,S1,2,3
stack_blocks::cosmos_3__101,physics,S2,0,2
stack_blocks::cosmos_3__101,physics,S3,0,2
stack_blocks::cosmos_3__202,task,S1,0,0
stack_blocks::cosmos_3__202,task,S2,2,2
stack_blocks::cosmos_3__202,task,S3,0,0
stack_blocks::cosmos_3__202,physics,S1,0,1
stack_blocks::cosmos_3__202,physics,S2,0,1
stack_blocks::cosmos_3__202,physics,S3,0,1
stack_blocks::cosmos_3__303,task,S1,0,0
stack_blocks::cosmos_3__303,task,S2,0,0
stack_blocks::cosmos_3__303,task,S3,2,2
stack_blocks::cosmos_3__303,physics,S1,0,1
stack_blocks::cosmos_3__303,physics,S2,0,1
stack_blocks::cosmos_3__303,physics,S3,0,1
stack_blocks::grok_imagine_video_1_5__101,task,S1,0,2
stack_blocks::grok_imagine_video_1_5__101,task,S2,3,3
stack_blocks::grok_imagine_video_1_5__101,task,S3,0,0
stack_blocks::grok_imagine_video_1_5__101,physics,S1,0,1
stack_blocks::grok_imagine_video_1_5__101,physics,S2,4,4
stack_blocks::grok_imagine_video_1_5__101,physics,S3,0,1
stack_blocks::grok_imagine_video_1_5__202,task,S1,3,3
stack_blocks::grok_imagine_video_1_5__202,task,S2,1,2
stack_blocks::grok_imagine_video_1_5__202,task,S3,1,2
stack_blocks::grok_imagine_video_1_5__202,physics,S1,0,2
stack_blocks::grok_imagine_video_1_5__202,physics,S2,0,2
stack_blocks::grok_imagine_video_1_5__202,physics,S3,0,2
stack_blocks::grok_imagine_video_1_5__303,task,S1,3,3
stack_blocks::grok_imagine_video_1_5__303,task,S2,3,3
stack_blocks::grok_imagine_video_1_5__303,task,S3,3,3
stack_blocks::grok_imagine_video_1_5__303,physics,S1,4,4
stack_blocks::grok_imagine_video_1_5__303,physics,S2,4,4
stack_blocks::grok_imagine_video_1_5__303,physics,S3,4,4
stack_blocks::kling_v3_pro__101,task,S1,0,0
stack_blocks::kling_v3_pro__101,task,S2,0,0
stack_blocks::kling_v3_pro__101,task,S3,0,0
stack_blocks::kling_v3_pro__101,physics,S1,4,4
stack_blocks::kling_v3_pro__101,physics,S2,4,4
stack_blocks::kling_v3_pro__101,physics,S3,4,4
stack_blocks::minimax_h3__101,task,S1,3,3
stack_blocks::minimax_h3__101,task,S2,0,0
stack_blocks::minimax_h3__101,task,S3,3,3
stack_blocks::minimax_h3__101,physics,S1,4,4
stack_blocks::minimax_h3__101,physics,S2,4,4
stack_blocks::minimax_h3__101,physics,S3,0,3
stack_blocks::seedance_2_0__202,task,S1,3,3
stack_blocks::seedance_2_0__202,task,S2,3,3
stack_blocks::seedance_2_0__202,task,S3,3,3
stack_blocks::seedance_2_0__202,physics,S1,0,3
stack_blocks::seedance_2_0__202,physics,S2,4,4
stack_blocks::seedance_2_0__202,physics,S3,4,4
stack_blocks::wan_2_7__101,task,S1,3,3
stack_blocks::wan_2_7__101,task,S2,3,3
stack_blocks::wan_2_7__101,task,S3,3,3
stack_blocks::wan_2_7__101,physics,S1,4,4
stack_blocks::wan_2_7__101,physics,S2,4,4
stack_blocks::wan_2_7__101,physics,S3,4,4
stack_blocks::wan_2_7__202,task,S1,3,3
stack_blocks::wan_2_7__202,task,S2,3,3
stack_blocks::wan_2_7__202,task,S3,3,3
stack_blocks::wan_2_7__202,physics,S1,4,4
stack_blocks::wan_2_7__202,physics,S2,4,4
stack_blocks::wan_2_7__202,physics,S3,4,4
stack_blocks::wan_2_7__303,task,S1,0,0
stack_blocks::wan_2_7__303,task,S2,0,0
stack_blocks::wan_2_7__303,task,S3,0,1
stack_blocks::wan_2_7__303,physics,S1,0,2
stack_blocks::wan_2_7__303,physics,S2,0,0
stack_blocks::wan_2_7__303,physics,S3,3,3
stack_blocks::wrong_2,task,S1,3,3
stack_blocks::wrong_2,task,S2,0,0
stack_blocks::wrong_2,task,S3,1,1
stack_blocks::wrong_2,physics,S1,4,4
stack_blocks::wrong_2,physics,S2,2,3
stack_blocks::wrong_2,physics,S3,2,3
stack_blocks::wrong_3,task,S1,3,3
stack_blocks::wrong_3,task,S2,0,0
stack_blocks::wrong_3,task,S3,0,0
stack_blocks::wrong_3,physics,S1,4,4
stack_blocks::wrong_3,physics,S2,4,4
stack_blocks::wrong_3,physics,S3,4,4
toothbrush_case::cosmos_3__101,task,S1,0,0
toothbrush_case::cosmos_3__101,task,S2,0,0
toothbrush_case::cosmos_3__101,task,S3,1,1
toothbrush_case::cosmos_3__101,task,S4,0,0
toothbrush_case::cosmos_3__101,task,S5,0,0
toothbrush_case::cosmos_3__101,physics,S1,NA,NA
toothbrush_case::cosmos_3__101,physics,S2,NA,NA
toothbrush_case::cosmos_3__101,physics,S3,0,0
toothbrush_case::cosmos_3__101,physics,S4,NA,NA
toothbrush_case::cosmos_3__101,physics,S5,NA,NA
toothbrush_case::cosmos_3__202,task,S1,0,0
toothbrush_case::cosmos_3__202,task,S2,0,0
toothbrush_case::cosmos_3__202,task,S3,0,1
toothbrush_case::cosmos_3__202,task,S4,0,0
toothbrush_case::cosmos_3__202,task,S5,0,0
toothbrush_case::cosmos_3__202,physics,S1,0,0
toothbrush_case::cosmos_3__202,physics,S2,0,0
toothbrush_case::cosmos_3__202,physics,S3,0,0
toothbrush_case::cosmos_3__202,physics,S4,0,0
toothbrush_case::cosmos_3__202,physics,S5,NA,NA
toothbrush_case::cosmos_3__303,task,S1,0,0
toothbrush_case::cosmos_3__303,task,S2,0,0
toothbrush_case::cosmos_3__303,task,S3,0,0
toothbrush_case::cosmos_3__303,task,S4,0,0
toothbrush_case::cosmos_3__303,task,S5,0,0
toothbrush_case::cosmos_3__303,physics,S1,NA,NA
toothbrush_case::cosmos_3__303,physics,S2,NA,NA
toothbrush_case::cosmos_3__303,physics,S3,NA,NA
toothbrush_case::cosmos_3__303,physics,S4,NA,NA
toothbrush_case::cosmos_3__303,physics,S5,NA,NA
toothbrush_case::grok_imagine_video_1_5__101,task,S1,0,2
toothbrush_case::grok_imagine_video_1_5__101,task,S2,0,0
toothbrush_case::grok_imagine_video_1_5__101,task,S3,3,3
toothbrush_case::grok_imagine_video_1_5__101,task,S4,2,2
toothbrush_case::grok_imagine_video_1_5__101,task,S5,2,2
toothbrush_case::grok_imagine_video_1_5__101,physics,S1,4,4
toothbrush_case::grok_imagine_video_1_5__101,physics,S2,NA,NA
toothbrush_case::grok_imagine_video_1_5__101,physics,S3,4,4
toothbrush_case::grok_imagine_video_1_5__101,physics,S4,4,4
toothbrush_case::grok_imagine_video_1_5__101,physics,S5,4,4
toothbrush_case::grok_imagine_video_1_5__202,task,S1,0,0
toothbrush_case::grok_imagine_video_1_5__202,task,S2,0,0
toothbrush_case::grok_imagine_video_1_5__202,task,S3,2,2
toothbrush_case::grok_imagine_video_1_5__202,task,S4,2,2
toothbrush_case::grok_imagine_video_1_5__202,task,S5,2,2
toothbrush_case::grok_imagine_video_1_5__202,physics,S1,NA,NA
toothbrush_case::grok_imagine_video_1_5__202,physics,S2,2,3
toothbrush_case::grok_imagine_video_1_5__202,physics,S3,4,4
toothbrush_case::grok_imagine_video_1_5__202,physics,S4,4,4
toothbrush_case::grok_imagine_video_1_5__202,physics,S5,4,4
toothbrush_case::grok_imagine_video_1_5__303,task,S1,1,1
toothbrush_case::grok_imagine_video_1_5__303,task,S2,0,2
toothbrush_case::grok_imagine_video_1_5__303,task,S3,2,2
toothbrush_case::grok_imagine_video_1_5__303,task,S4,3,3
toothbrush_case::grok_imagine_video_1_5__303,task,S5,2,2
toothbrush_case::grok_imagine_video_1_5__303,physics,S1,2,2
toothbrush_case::grok_imagine_video_1_5__303,physics,S2,4,4
toothbrush_case::grok_imagine_video_1_5__303,physics,S3,4,4
toothbrush_case::grok_imagine_video_1_5__303,physics,S4,4,4
toothbrush_case::grok_imagine_video_1_5__303,physics,S5,4,4
toothbrush_case::kling_v3_pro__202,task,S1,3,3
toothbrush_case::kling_v3_pro__202,task,S2,3,3
toothbrush_case::kling_v3_pro__202,task,S3,3,3
toothbrush_case::kling_v3_pro__202,task,S4,3,3
toothbrush_case::kling_v3_pro__202,task,S5,3,3
toothbrush_case::kling_v3_pro__202,physics,S1,4,4
toothbrush_case::kling_v3_pro__202,physics,S2,4,4
toothbrush_case::kling_v3_pro__202,physics,S3,4,4
toothbrush_case::kling_v3_pro__202,physics,S4,4,4
toothbrush_case::kling_v3_pro__202,physics,S5,4,4
toothbrush_case::kling_v3_pro__303,task,S1,0,0
toothbrush_case::kling_v3_pro__303,task,S2,0,1
toothbrush_case::kling_v3_pro__303,task,S3,2,2
toothbrush_case::kling_v3_pro__303,task,S4,3,3
toothbrush_case::kling_v3_pro__303,task,S5,2,2
toothbrush_case::kling_v3_pro__303,physics,S1,NA,NA
toothbrush_case::kling_v3_pro__303,physics,S2,NA,NA
toothbrush_case::kling_v3_pro__303,physics,S3,4,4
toothbrush_case::kling_v3_pro__303,physics,S4,4,4
toothbrush_case::kling_v3_pro__303,physics,S5,4,4
toothbrush_case::minimax_h3__101,task,S1,0,0
toothbrush_case::minimax_h3__101,task,S2,0,0
toothbrush_case::minimax_h3__101,task,S3,2,2
toothbrush_case::minimax_h3__101,task,S4,2,2
toothbrush_case::minimax_h3__101,task,S5,2,2
toothbrush_case::minimax_h3__101,physics,S1,NA,NA
toothbrush_case::minimax_h3__101,physics,S2,NA,NA
toothbrush_case::minimax_h3__101,physics,S3,4,4
toothbrush_case::minimax_h3__101,physics,S4,4,4
toothbrush_case::minimax_h3__101,physics,S5,4,4
toothbrush_case::minimax_h3__202,task,S1,3,3
toothbrush_case::minimax_h3__202,task,S2,0,0
toothbrush_case::minimax_h3__202,task,S3,3,3
toothbrush_case::minimax_h3__202,task,S4,2,2
toothbrush_case::minimax_h3__202,task,S5,2,2
toothbrush_case::minimax_h3__202,physics,S1,4,4
toothbrush_case::minimax_h3__202,physics,S2,0,3
toothbrush_case::minimax_h3__202,physics,S3,4,4
toothbrush_case::minimax_h3__202,physics,S4,4,4
toothbrush_case::minimax_h3__202,physics,S5,4,4
toothbrush_case::minimax_h3__303,task,S1,3,3
toothbrush_case::minimax_h3__303,task,S2,3,3
toothbrush_case::minimax_h3__303,task,S3,3,3
toothbrush_case::minimax_h3__303,task,S4,3,3
toothbrush_case::minimax_h3__303,task,S5,3,3
toothbrush_case::minimax_h3__303,physics,S1,4,4
toothbrush_case::minimax_h3__303,physics,S2,4,4
toothbrush_case::minimax_h3__303,physics,S3,4,4
toothbrush_case::minimax_h3__303,physics,S4,4,4
toothbrush_case::minimax_h3__303,physics,S5,4,4
toothbrush_case::seedance_2_0__101,task,S1,3,3
toothbrush_case::seedance_2_0__101,task,S2,3,3
toothbrush_case::seedance_2_0__101,task,S3,3,3
toothbrush_case::seedance_2_0__101,task,S4,3,3
toothbrush_case::seedance_2_0__101,task,S5,3,3
toothbrush_case::seedance_2_0__101,physics,S1,4,4
toothbrush_case::seedance_2_0__101,physics,S2,4,4
toothbrush_case::seedance_2_0__101,physics,S3,4,4
toothbrush_case::seedance_2_0__101,physics,S4,4,4
toothbrush_case::seedance_2_0__101,physics,S5,4,4
toothbrush_case::seedance_2_0__202,task,S1,0,0
toothbrush_case::seedance_2_0__202,task,S2,3,3
toothbrush_case::seedance_2_0__202,task,S3,1,1
toothbrush_case::seedance_2_0__202,task,S4,3,3
toothbrush_case::seedance_2_0__202,task,S5,2,2
toothbrush_case::seedance_2_0__202,physics,S1,0,1
toothbrush_case::seedance_2_0__202,physics,S2,2,2
toothbrush_case::seedance_2_0__202,physics,S3,0,1
toothbrush_case::seedance_2_0__202,physics,S4,4,4
toothbrush_case::seedance_2_0__202,physics,S5,4,4
toothbrush_case::wan_2_7__101,task,S1,0,1
toothbrush_case::wan_2_7__101,task,S2,1,2
toothbrush_case::wan_2_7__101,task,S3,0,2
toothbrush_case::wan_2_7__101,task,S4,3,3
toothbrush_case::wan_2_7__101,task,S5,3,3
toothbrush_case::wan_2_7__101,physics,S1,4,4
toothbrush_case::wan_2_7__101,physics,S2,3,3
toothbrush_case::wan_2_7__101,physics,S3,4,4
toothbrush_case::wan_2_7__101,physics,S4,4,4
toothbrush_case::wan_2_7__101,physics,S5,4,4
toothbrush_case::wan_2_7__202,task,S1,3,3
toothbrush_case::wan_2_7__202,task,S2,3,3
toothbrush_case::wan_2_7__202,task,S3,3,3
toothbrush_case::wan_2_7__202,task,S4,3,3
toothbrush_case::wan_2_7__202,task,S5,3,3
toothbrush_case::wan_2_7__202,physics,S1,4,4
toothbrush_case::wan_2_7__202,physics,S2,4,4
toothbrush_case::wan_2_7__202,physics,S3,4,4
toothbrush_case::wan_2_7__202,physics,S4,4,4
toothbrush_case::wan_2_7__202,physics,S5,4,4
toothbrush_case::wan_2_7__303,task,S1,0,0
toothbrush_case::wan_2_7__303,task,S2,0,0
toothbrush_case::wan_2_7__303,task,S3,2,2
toothbrush_case::wan_2_7__303,task,S4,2,2
toothbrush_case::wan_2_7__303,task,S5,2,2
toothbrush_case::wan_2_7__303,physics,S1,4,4
toothbrush_case::wan_2_7__303,physics,S2,NA,NA
toothbrush_case::wan_2_7__303,physics,S3,4,4
toothbrush_case::wan_2_7__303,physics,S4,4,4
toothbrush_case::wan_2_7__303,physics,S5,4,4
toothbrush_case::wrong_2,task,S1,3,3
toothbrush_case::wrong_2,task,S2,0,0
toothbrush_case::wrong_2,task,S3,3,3
toothbrush_case::wrong_2,task,S4,2,2
toothbrush_case::wrong_2,task,S5,2,2
toothbrush_case::wrong_2,physics,S1,4,4
toothbrush_case::wrong_2,physics,S2,0,0
toothbrush_case::wrong_2,physics,S3,4,4
toothbrush_case::wrong_2,physics,S4,4,4
toothbrush_case::wrong_2,physics,S5,4,4
toothbrush_case::wrong_3,task,S1,3,3
toothbrush_case::wrong_3,task,S2,3,3
toothbrush_case::wrong_3,task,S3,2,2
toothbrush_case::wrong_3,task,S4,2,2
toothbrush_case::wrong_3,task,S5,1,1
toothbrush_case::wrong_3,physics,S1,4,4
toothbrush_case::wrong_3,physics,S2,4,4
toothbrush_case::wrong_3,physics,S3,2,3
toothbrush_case::wrong_3,physics,S4,2,3
toothbrush_case::wrong_3,physics,S5,2,3
toothpaste_water::cosmos_3__101,task,S1,0,1
toothpaste_water::cosmos_3__101,task,S2,2,2
toothpaste_water::cosmos_3__101,task,S3,0,0
toothpaste_water::cosmos_3__101,task,S4,0,0
toothpaste_water::cosmos_3__101,physics,S1,NA,NA
toothpaste_water::cosmos_3__101,physics,S2,NA,NA
toothpaste_water::cosmos_3__101,physics,S3,NA,NA
toothpaste_water::cosmos_3__101,physics,S4,NA,NA
toothpaste_water::cosmos_3__101,physics,S5,4,4
toothpaste_water::cosmos_3__101,physics,S6,NA,NA
toothpaste_water::cosmos_3__202,task,S1,0,0
toothpaste_water::cosmos_3__202,task,S2,3,3
toothpaste_water::cosmos_3__202,task,S3,0,0
toothpaste_water::cosmos_3__202,task,S4,0,0
toothpaste_water::cosmos_3__202,physics,S1,NA,NA
toothpaste_water::cosmos_3__202,physics,S2,NA,NA
toothpaste_water::cosmos_3__202,physics,S3,NA,NA
toothpaste_water::cosmos_3__202,physics,S4,NA,NA
toothpaste_water::cosmos_3__202,physics,S5,4,4
toothpaste_water::cosmos_3__202,physics,S6,NA,NA
toothpaste_water::cosmos_3__303,task,S1,0,2
toothpaste_water::cosmos_3__303,task,S2,3,3
toothpaste_water::cosmos_3__303,task,S3,0,0
toothpaste_water::cosmos_3__303,task,S4,0,0
toothpaste_water::cosmos_3__303,physics,S1,NA,NA
toothpaste_water::cosmos_3__303,physics,S2,NA,NA
toothpaste_water::cosmos_3__303,physics,S3,NA,NA
toothpaste_water::cosmos_3__303,physics,S4,0,1
toothpaste_water::cosmos_3__303,physics,S5,2,2
toothpaste_water::cosmos_3__303,physics,S6,NA,NA
toothpaste_water::grok_imagine_video_1_5__202,task,S1,0,2
toothpaste_water::grok_imagine_video_1_5__202,task,S2,3,3
toothpaste_water::grok_imagine_video_1_5__202,task,S3,3,3
toothpaste_water::grok_imagine_video_1_5__202,task,S4,0,0
toothpaste_water::grok_imagine_video_1_5__202,physics,S1,4,4
toothpaste_water::grok_imagine_video_1_5__202,physics,S2,0,3
toothpaste_water::grok_imagine_video_1_5__202,physics,S3,4,4
toothpaste_water::grok_imagine_video_1_5__202,physics,S4,0,3
toothpaste_water::grok_imagine_video_1_5__202,physics,S5,4,4
toothpaste_water::grok_imagine_video_1_5__202,physics,S6,0,3
toothpaste_water::grok_imagine_video_1_5__303,task,S1,0,1
toothpaste_water::grok_imagine_video_1_5__303,task,S2,3,3
toothpaste_water::grok_imagine_video_1_5__303,task,S3,0,1
toothpaste_water::grok_imagine_video_1_5__303,task,S4,3,3
toothpaste_water::grok_imagine_video_1_5__303,physics,S1,2,3
toothpaste_water::grok_imagine_video_1_5__303,physics,S2,2,3
toothpaste_water::grok_imagine_video_1_5__303,physics,S3,2,3
toothpaste_water::grok_imagine_video_1_5__303,physics,S4,4,4
toothpaste_water::grok_imagine_video_1_5__303,physics,S5,4,4
toothpaste_water::grok_imagine_video_1_5__303,physics,S6,4,4
toothpaste_water::kling_v3_pro__101,task,S1,0,1
toothpaste_water::kling_v3_pro__101,task,S2,3,3
toothpaste_water::kling_v3_pro__101,task,S3,0,1
toothpaste_water::kling_v3_pro__101,task,S4,3,3
toothpaste_water::kling_v3_pro__101,task,S5,3,3
toothpaste_water::kling_v3_pro__101,physics,S1,4,4
toothpaste_water::kling_v3_pro__101,physics,S2,4,4
toothpaste_water::kling_v3_pro__101,physics,S3,4,4
toothpaste_water::kling_v3_pro__101,physics,S4,4,4
toothpaste_water::kling_v3_pro__101,physics,S5,4,4
toothpaste_water::kling_v3_pro__101,physics,S6,4,4
toothpaste_water::kling_v3_pro__202,task,S1,0,0
toothpaste_water::kling_v3_pro__202,task,S2,1,2
toothpaste_water::kling_v3_pro__202,task,S3,0,0
toothpaste_water::kling_v3_pro__202,task,S4,3,3
toothpaste_water::kling_v3_pro__202,task,S5,3,3
toothpaste_water::kling_v3_pro__202,physics,S1,4,4
toothpaste_water::kling_v3_pro__202,physics,S2,4,4
toothpaste_water::kling_v3_pro__202,physics,S3,1,2
toothpaste_water::kling_v3_pro__202,physics,S4,NA,NA
toothpaste_water::kling_v3_pro__202,physics,S5,0,2
toothpaste_water::kling_v3_pro__202,physics,S6,NA,NA
toothpaste_water::minimax_h3__101,task,S1,3,3
toothpaste_water::minimax_h3__101,task,S2,0,0
toothpaste_water::minimax_h3__101,task,S3,1,2
toothpaste_water::minimax_h3__101,task,S4,3,3
toothpaste_water::minimax_h3__101,physics,S1,0,1
toothpaste_water::minimax_h3__101,physics,S2,4,4
toothpaste_water::minimax_h3__101,physics,S3,NA,NA
toothpaste_water::minimax_h3__101,physics,S4,4,4
toothpaste_water::minimax_h3__101,physics,S5,0,0
toothpaste_water::minimax_h3__101,physics,S6,4,4
toothpaste_water::minimax_h3__303,task,S1,0,1
toothpaste_water::minimax_h3__303,task,S2,3,3
toothpaste_water::minimax_h3__303,task,S3,0,0
toothpaste_water::minimax_h3__303,task,S4,0,0
toothpaste_water::minimax_h3__303,physics,S1,NA,NA
toothpaste_water::minimax_h3__303,physics,S2,NA,NA
toothpaste_water::minimax_h3__303,physics,S3,NA,NA
toothpaste_water::minimax_h3__303,physics,S4,NA,NA
toothpaste_water::minimax_h3__303,physics,S5,4,4
toothpaste_water::minimax_h3__303,physics,S6,0,0
toothpaste_water::seedance_2_0__101,task,S1,3,3
toothpaste_water::seedance_2_0__101,task,S2,3,3
toothpaste_water::seedance_2_0__101,task,S3,0,2
toothpaste_water::seedance_2_0__101,task,S4,3,3
toothpaste_water::seedance_2_0__101,physics,S1,4,4
toothpaste_water::seedance_2_0__101,physics,S2,4,4
toothpaste_water::seedance_2_0__101,physics,S3,4,4
toothpaste_water::seedance_2_0__101,physics,S4,4,4
toothpaste_water::seedance_2_0__101,physics,S5,4,4
toothpaste_water::seedance_2_0__101,physics,S6,4,4
toothpaste_water::seedance_2_0__202,task,S1,3,3
toothpaste_water::seedance_2_0__202,task,S2,3,3
toothpaste_water::seedance_2_0__202,task,S3,3,3
toothpaste_water::seedance_2_0__202,task,S4,3,3
toothpaste_water::seedance_2_0__202,physics,S1,4,4
toothpaste_water::seedance_2_0__202,physics,S2,4,4
toothpaste_water::seedance_2_0__202,physics,S3,4,4
toothpaste_water::seedance_2_0__202,physics,S4,4,4
toothpaste_water::seedance_2_0__202,physics,S5,4,4
toothpaste_water::seedance_2_0__202,physics,S6,4,4
toothpaste_water::seedance_2_0__303,task,S1,3,3
toothpaste_water::seedance_2_0__303,task,S2,3,3
toothpaste_water::seedance_2_0__303,task,S3,3,3
toothpaste_water::seedance_2_0__303,task,S4,3,3
toothpaste_water::seedance_2_0__303,physics,S1,0,3
toothpaste_water::seedance_2_0__303,physics,S2,0,3
toothpaste_water::seedance_2_0__303,physics,S3,0,3
toothpaste_water::seedance_2_0__303,physics,S4,4,4
toothpaste_water::seedance_2_0__303,physics,S5,4,4
toothpaste_water::seedance_2_0__303,physics,S6,4,4
toothpaste_water::wan_2_7__101,task,S1,1,1
toothpaste_water::wan_2_7__101,task,S2,0,0
toothpaste_water::wan_2_7__101,task,S3,0,0
toothpaste_water::wan_2_7__101,task,S4,2,2
toothpaste_water::wan_2_7__101,physics,S1,0,3
toothpaste_water::wan_2_7__101,physics,S2,0,2
toothpaste_water::wan_2_7__101,physics,S3,NA,NA
toothpaste_water::wan_2_7__101,physics,S4,NA,NA
toothpaste_water::wan_2_7__101,physics,S5,NA,NA
toothpaste_water::wan_2_7__101,physics,S6,NA,NA
toothpaste_water::wan_2_7__303,task,S1,0,2
toothpaste_water::wan_2_7__303,task,S2,3,3
toothpaste_water::wan_2_7__303,task,S3,0,1
toothpaste_water::wan_2_7__303,task,S4,0,0
toothpaste_water::wan_2_7__303,physics,S1,4,4
toothpaste_water::wan_2_7__303,physics,S2,1,3
toothpaste_water::wan_2_7__303,physics,S3,4,4
toothpaste_water::wan_2_7__303,physics,S4,1,3
toothpaste_water::wan_2_7__303,physics,S5,4,4
toothpaste_water::wan_2_7__303,physics,S6,1,3
toothpaste_water::wrong_1,task,S1,0,0
toothpaste_water::wrong_1,task,S2,0,0
toothpaste_water::wrong_1,task,S3,0,0
toothpaste_water::wrong_1,task,S4,3,3
toothpaste_water::wrong_1,physics,S1,4,4
toothpaste_water::wrong_1,physics,S2,4,4
toothpaste_water::wrong_1,physics,S3,4,4
toothpaste_water::wrong_1,physics,S4,NA,NA
toothpaste_water::wrong_1,physics,S5,NA,NA
toothpaste_water::wrong_1,physics,S6,NA,NA
toothpaste_water::wrong_3,task,S1,0,0
toothpaste_water::wrong_3,task,S2,0,0
toothpaste_water::wrong_3,task,S3,0,0
toothpaste_water::wrong_3,task,S4,0,0
toothpaste_water::wrong_3,physics,S1,4,4
toothpaste_water::wrong_3,physics,S2,4,4
toothpaste_water::wrong_3,physics,S3,4,4
toothpaste_water::wrong_3,physics,S4,NA,NA
toothpaste_water::wrong_3,physics,S5,NA,NA
toothpaste_water::wrong_3,physics,S6,NA,NA
