Aggregation rule: 600-row denominator = 450 generated + 75 human-wrong + 75 canonical ground-truth reference recordings (3 per benchmark case). Up to 3 distinct non-admin rater tabs are used; missing rater slots stay blank; means use all nonblank scores; aggregated_score = SQRT(mean_task * mean_phy).,,,,,,,,,,,,,,,,,,,,,,,,,,,
video_id,case_id,model,seed,source_type,primary_action_category,clutter_level,goal,ground_truth_model,ground_truth_seed,ground_truth_source_type,ground_truth_filename,ground_truth_url,rater_1_task,rater_1_phy,rater_2_task,rater_2_phy,rater_3_task,rater_3_phy,final_task,final_phy,mean_task,mean_phy,aggregated_score,annotation_status,source_tabs,video_link,reference_recording_count
V0001,acoustic_electric_guitar,cosmos_3,303,ai,A4,,"The acoustic and electric guitars are each secured in separate holders on the double guitar stand, with the black cap hanging from the electric guitar’s headstock.",cosmos_3,303,ai,cosmos_3__seed_303.mp4,,0.00,0.00,,,,,0.00,0.00,0.00,0.00,0.00,partial,rater_7; rater_8; rater_1,,3
V0002,acoustic_electric_guitar,grok_imagine_video_1_5,303,ai,A4,,"The acoustic and electric guitars are each secured in separate holders on the double guitar stand, with the black cap hanging from the electric guitar’s headstock.",grok_imagine_video_1_5,303,ai,grok_imagine_video_1_5.seed_303.mp4,,1.00,1.33,1.33,2.67,1.00,1.80,1.11,1.93,1.11,1.93,1.47,complete,rater_7; rater_2; rater_8,,3
V0003,acoustic_electric_guitar,seedance_2_0,303,ai,A4,,"The acoustic and electric guitars are each secured in separate holders on the double guitar stand, with the black cap hanging from the electric guitar’s headstock.",seedance_2_0,303,ai,seedance_2_0.seed_303.mp4,,,,,,,,,,,,,empty,rater_5; rater_9; rater_2,,3
V0004,acoustic_electric_guitar,wan_2_7,303,ai,A4,,"The acoustic and electric guitars are each secured in separate holders on the double guitar stand, with the black cap hanging from the electric guitar’s headstock.",wan_2_7,303,ai,wan_2_7.seed_303.mp4,,,,,,1.00,1.33,1.00,1.33,1.00,1.33,1.15,partial,rater_5; rater_9; rater_7,,3
V0005,acoustic_electric_guitar,human_wrong,3,human_wrong,A4,,"The acoustic and electric guitars are each secured in separate holders on the double guitar stand, with the black cap hanging from the electric guitar’s headstock.",,3,human_wrong,wrong_3.mp4,,,,2.67,4.00,,,2.67,4.00,2.67,4.00,3.27,partial,rater_9; rater_2; rater_8,,3
V0006,acoustic_electric_guitar,wan_2_7,202,ai,A4,,"The acoustic and electric guitars are each secured in separate holders on the double guitar stand, with the black cap hanging from the electric guitar’s headstock.",wan_2_7,202,ai,wan_2_7.seed_202.mp4,,,,,,,,,,,,,empty,rater_5; rater_8; rater_1,,3
V0007,acoustic_electric_guitar,seedance_2_0,101,ai,A4,,"The acoustic and electric guitars are each secured in separate holders on the double guitar stand, with the black cap hanging from the electric guitar’s headstock.",seedance_2_0,101,ai,seedance_2_0.seed_101.mp4,,,,,,,,,,,,,empty,rater_5; rater_9; rater_1,,3
V0008,acoustic_electric_guitar,grok_imagine_video_1_5,101,ai,A4,,"The acoustic and electric guitars are each secured in separate holders on the double guitar stand, with the black cap hanging from the electric guitar’s headstock.",grok_imagine_video_1_5,101,ai,grok_imagine_video_1_5.seed_101.mp4,,,,,,,,,,,,,empty,rater_5; rater_9; rater_2,,3
V0009,acoustic_electric_guitar,grok_imagine_video_1_5,202,ai,A4,,"The acoustic and electric guitars are each secured in separate holders on the double guitar stand, with the black cap hanging from the electric guitar’s headstock.",grok_imagine_video_1_5,202,ai,grok_imagine_video_1_5.seed_202.mp4,,,,,,,,,,,,,empty,rater_5; rater_7; rater_1,,3
V0010,acoustic_electric_guitar,kling_v3_pro,101,ai,A4,,"The acoustic and electric guitars are each secured in separate holders on the double guitar stand, with the black cap hanging from the electric guitar’s headstock.",kling_v3_pro,101,ai,kling_v3_pro.seed_101.mp4,,1.00,1.33,,,,,1.00,1.33,1.00,1.33,1.15,partial,rater_7; rater_8; rater_1,,3
V0011,acoustic_electric_guitar,kling_v3_pro,202,ai,A4,,"The acoustic and electric guitars are each secured in separate holders on the double guitar stand, with the black cap hanging from the electric guitar’s headstock.",kling_v3_pro,202,ai,kling_v3_pro.seed_202.mp4,,,,,,,,,,,,,empty,rater_5; rater_9; rater_8,,3
V0012,acoustic_electric_guitar,seedance_2_0,202,ai,A4,,"The acoustic and electric guitars are each secured in separate holders on the double guitar stand, with the black cap hanging from the electric guitar’s headstock.",seedance_2_0,202,ai,seedance_2_0.seed_202.mp4,,,,2.33,2.67,,,2.33,2.67,2.33,2.67,2.49,partial,rater_9; rater_7; rater_1,,3
V0013,acoustic_electric_guitar,cosmos_3,202,ai,A4,,"The acoustic and electric guitars are each secured in separate holders on the double guitar stand, with the black cap hanging from the electric guitar’s headstock.",cosmos_3,202,ai,cosmos_3__seed_202.mp4,,0.33,0.00,0.67,0.00,,,0.50,0.00,0.50,0.00,0.00,partial,rater_7; rater_2; rater_8,,3
V0014,acoustic_electric_guitar,kling_v3_pro,303,ai,A4,,"The acoustic and electric guitars are each secured in separate holders on the double guitar stand, with the black cap hanging from the electric guitar’s headstock.",kling_v3_pro,303,ai,kling_v3_pro.seed_303.mp4,,,,1.67,3.33,,,1.67,3.33,1.67,3.33,2.36,partial,rater_9; rater_7; rater_8,,3
V0015,acoustic_electric_guitar,cosmos_3,101,ai,A4,,"The acoustic and electric guitars are each secured in separate holders on the double guitar stand, with the black cap hanging from the electric guitar’s headstock.",cosmos_3,101,ai,cosmos_3__seed_101.mp4,,,,,,,,,,,,,empty,rater_5; rater_2; rater_8,,3
V0016,acoustic_electric_guitar,human_wrong,2,human_wrong,A4,,"The acoustic and electric guitars are each secured in separate holders on the double guitar stand, with the black cap hanging from the electric guitar’s headstock.",,2,human_wrong,wrong_2.mp4,,,,,,,,,,,,,empty,rater_9; rater_2; rater_1,,3
V0017,acoustic_electric_guitar,wan_2_7,101,ai,A4,,"The acoustic and electric guitars are each secured in separate holders on the double guitar stand, with the black cap hanging from the electric guitar’s headstock.",wan_2_7,101,ai,wan_2_7.seed_101.mp4,,,,,,,,,,,,,empty,rater_5; rater_2; rater_1,,3
V0018,acoustic_electric_guitar,human_wrong,1,human_wrong,A4,,"The acoustic and electric guitars are each secured in separate holders on the double guitar stand, with the black cap hanging from the electric guitar’s headstock.",,1,human_wrong,wrong_1.mp4,,,,,,,,,,,,,empty,rater_7; rater_2; rater_1,,3
V0019,air_freshener_dispenser,cosmos_3,101,ai,A2,,"The green air freshener is installed in the automatic dispenser, and the white air freshener and green cap are inside the green tote bag.",cosmos_3,101,ai,cosmos_3__seed_101.mp4,,0.33,0.00,0.17,0.00,0.17,0.00,0.22,0.00,0.22,0.00,0.00,complete,rater_5; rater_7; rater_1,,3
V0020,air_freshener_dispenser,wan_2_7,101,ai,A2,,"The green air freshener is installed in the automatic dispenser, and the white air freshener and green cap are inside the green tote bag.",wan_2_7,101,ai,wan_2_7.seed_101.mp4,,0.50,0.00,0.00,0.00,0.50,0.00,0.33,0.00,0.33,0.00,0.00,complete,rater_5; rater_7; rater_1,,3
V0021,air_freshener_dispenser,wan_2_7,303,ai,A2,,"The green air freshener is installed in the automatic dispenser, and the white air freshener and green cap are inside the green tote bag.",wan_2_7,303,ai,wan_2_7.seed_303.mp4,,0.83,3.00,1.17,1.50,,,1.00,2.25,1.00,2.25,1.50,partial,rater_5; rater_7; rater_2,,3
V0022,air_freshener_dispenser,cosmos_3,202,ai,A2,,"The green air freshener is installed in the automatic dispenser, and the white air freshener and green cap are inside the green tote bag.",cosmos_3,202,ai,cosmos_3__seed_202.mp4,,,,0.67,0.00,0.17,0.00,0.42,0.00,0.42,0.00,0.00,partial,rater_9; rater_2; rater_1,,3
V0023,air_freshener_dispenser,grok_imagine_video_1_5,202,ai,A2,,"The green air freshener is installed in the automatic dispenser, and the white air freshener and green cap are inside the green tote bag.",grok_imagine_video_1_5,202,ai,grok_imagine_video_1_5.seed_202.mp4,,1.50,2.00,,,1.50,0.40,1.50,1.20,1.50,1.20,1.34,partial,rater_5; rater_9; rater_7,,3
V0024,air_freshener_dispenser,seedance_2_0,101,ai,A2,,"The green air freshener is installed in the automatic dispenser, and the white air freshener and green cap are inside the green tote bag.",seedance_2_0,101,ai,seedance_2_0.seed_101.mp4,,0.83,1.00,,,2.00,3.00,1.42,2.00,1.42,2.00,1.68,partial,rater_5; rater_8; rater_1,,3
V0025,air_freshener_dispenser,kling_v3_pro,303,ai,A2,,"The green air freshener is installed in the automatic dispenser, and the white air freshener and green cap are inside the green tote bag.",kling_v3_pro,303,ai,kling_v3_pro.seed_303.mp4,,,,,,,,,,,,,empty,rater_9; rater_2; rater_8,,3
V0026,air_freshener_dispenser,wan_2_7,202,ai,A2,,"The green air freshener is installed in the automatic dispenser, and the white air freshener and green cap are inside the green tote bag.",wan_2_7,202,ai,wan_2_7.seed_202.mp4,,1.50,2.00,,,1.50,1.33,1.50,1.67,1.50,1.67,1.58,partial,rater_5; rater_2; rater_1,,3
V0027,air_freshener_dispenser,human_wrong,1,human_wrong,A2,,"The green air freshener is installed in the automatic dispenser, and the white air freshener and green cap are inside the green tote bag.",,1,human_wrong,wrong_1.mp4,,1.00,4.00,,,1.00,4.00,1.00,4.00,1.00,4.00,2.00,partial,rater_7; rater_2; rater_1,,3
V0028,air_freshener_dispenser,human_wrong,3,human_wrong,A2,,"The green air freshener is installed in the automatic dispenser, and the white air freshener and green cap are inside the green tote bag.",,3,human_wrong,wrong_3.mp4,,1.50,4.00,1.67,4.00,0.83,4.00,1.33,4.00,1.33,4.00,2.31,complete,rater_5; rater_7; rater_8,,3
V0029,air_freshener_dispenser,kling_v3_pro,101,ai,A2,,"The green air freshener is installed in the automatic dispenser, and the white air freshener and green cap are inside the green tote bag.",kling_v3_pro,101,ai,kling_v3_pro.seed_101.mp4,,,,,,,,,,,,,empty,rater_9; rater_2; rater_8,,3
V0030,air_freshener_dispenser,seedance_2_0,202,ai,A2,,"The green air freshener is installed in the automatic dispenser, and the white air freshener and green cap are inside the green tote bag.",seedance_2_0,202,ai,seedance_2_0.seed_202.mp4,,,,,,1.17,1.33,1.17,1.33,1.17,1.33,1.25,partial,rater_9; rater_2; rater_1,,3
V0031,air_freshener_dispenser,kling_v3_pro,202,ai,A2,,"The green air freshener is installed in the automatic dispenser, and the white air freshener and green cap are inside the green tote bag.",kling_v3_pro,202,ai,kling_v3_pro.seed_202.mp4,,,,0.33,1.00,,,0.33,1.00,0.33,1.00,0.58,partial,rater_9; rater_7; rater_8,,3
V0032,air_freshener_dispenser,grok_imagine_video_1_5,303,ai,A2,,"The green air freshener is installed in the automatic dispenser, and the white air freshener and green cap are inside the green tote bag.",grok_imagine_video_1_5,303,ai,grok_imagine_video_1_5.seed_303.mp4,,1.00,3.20,,,1.00,1.60,1.00,2.40,1.00,2.40,1.55,partial,rater_7; rater_8; rater_1,,3
V0033,air_freshener_dispenser,human_wrong,2,human_wrong,A2,,"The green air freshener is installed in the automatic dispenser, and the white air freshener and green cap are inside the green tote bag.",,2,human_wrong,wrong_2.mp4,,2.50,4.00,,,,,2.50,4.00,2.50,4.00,3.16,partial,rater_5; rater_9; rater_2,,3
V0034,air_freshener_dispenser,cosmos_3,303,ai,A2,,"The green air freshener is installed in the automatic dispenser, and the white air freshener and green cap are inside the green tote bag.",cosmos_3,303,ai,cosmos_3__seed_303.mp4,,,,,,0.67,0.00,0.67,0.00,0.67,0.00,0.00,partial,rater_9; rater_8; rater_1,,3
V0035,air_freshener_dispenser,seedance_2_0,303,ai,A2,,"The green air freshener is installed in the automatic dispenser, and the white air freshener and green cap are inside the green tote bag.",seedance_2_0,303,ai,seedance_2_0.seed_303.mp4,,1.33,4.00,1.67,2.00,0.57,1.00,1.19,2.33,1.19,2.33,1.67,complete,rater_5; rater_7; rater_8,,3
V0036,air_freshener_dispenser,grok_imagine_video_1_5,101,ai,A2,,"The green air freshener is installed in the automatic dispenser, and the white air freshener and green cap are inside the green tote bag.",grok_imagine_video_1_5,101,ai,grok_imagine_video_1_5.seed_101.mp4,,,,,,,,,,,,,empty,rater_9; rater_2; rater_8,,3
V0037,aromatic_cube_leaf,kling_v3_pro,101,ai,A2,,"The diffuser stick is in the diffuser bottle, the orange cube from the white container is in the blue calendar case beside the other cube, and the diffuser leaf is on top of the brown powder in the white container.",kling_v3_pro,101,ai,kling_v3_pro.seed_101.mp4,,3.00,4.00,0.33,2.00,,,1.67,3.00,1.67,3.00,2.24,partial,rater_5; rater_8; rater_1,,3
V0038,aromatic_cube_leaf,grok_imagine_video_1_5,303,ai,A2,,"The diffuser stick is in the diffuser bottle, the orange cube from the white container is in the blue calendar case beside the other cube, and the diffuser leaf is on top of the brown powder in the white container.",grok_imagine_video_1_5,303,ai,grok_imagine_video_1_5.seed_303.mp4,,3.00,4.00,3.00,2.67,,3.33,3.00,3.33,3.00,3.33,3.16,partial,rater_5; rater_7; rater_8,,3
V0039,aromatic_cube_leaf,wan_2_7,101,ai,A2,,"The diffuser stick is in the diffuser bottle, the orange cube from the white container is in the blue calendar case beside the other cube, and the diffuser leaf is on top of the brown powder in the white container.",wan_2_7,101,ai,wan_2_7.seed_101.mp4,,1.00,0.00,,,,,1.00,0.00,1.00,0.00,0.00,partial,rater_7; rater_2; rater_1,,3
V0040,aromatic_cube_leaf,cosmos_3,202,ai,A2,,"The diffuser stick is in the diffuser bottle, the orange cube from the white container is in the blue calendar case beside the other cube, and the diffuser leaf is on top of the brown powder in the white container.",cosmos_3,202,ai,cosmos_3__seed_202.mp4,,0.00,,,,,,0.00,,0.00,,,partial,rater_5; rater_2; rater_1,,3
V0041,aromatic_cube_leaf,human_wrong,3,human_wrong,A2,,"The diffuser stick is in the diffuser bottle, the orange cube from the white container is in the blue calendar case beside the other cube, and the diffuser leaf is on top of the brown powder in the white container.",,3,human_wrong,wrong_3.mp4,,1.00,4.00,,,,,1.00,4.00,1.00,4.00,2.00,partial,rater_5; rater_2; rater_8,,3
V0042,aromatic_cube_leaf,cosmos_3,303,ai,A2,,"The diffuser stick is in the diffuser bottle, the orange cube from the white container is in the blue calendar case beside the other cube, and the diffuser leaf is on top of the brown powder in the white container.",cosmos_3,303,ai,cosmos_3__seed_303.mp4,,1.00,0.00,0.33,0.00,,,0.67,0.00,0.67,0.00,0.00,partial,rater_9; rater_7; rater_1,,3
V0043,aromatic_cube_leaf,seedance_2_0,303,ai,A2,,"The diffuser stick is in the diffuser bottle, the orange cube from the white container is in the blue calendar case beside the other cube, and the diffuser leaf is on top of the brown powder in the white container.",seedance_2_0,303,ai,seedance_2_0.seed_303.mp4,,2.67,2.67,,4.00,,,2.67,3.33,2.67,3.33,2.98,partial,rater_5; rater_8; rater_1,,3
V0044,aromatic_cube_leaf,kling_v3_pro,303,ai,A2,,"The diffuser stick is in the diffuser bottle, the orange cube from the white container is in the blue calendar case beside the other cube, and the diffuser leaf is on top of the brown powder in the white container.",kling_v3_pro,303,ai,kling_v3_pro.seed_303.mp4,,3.00,4.00,3.00,3.00,2.33,4.00,2.78,3.67,2.78,3.67,3.19,complete,rater_5; rater_9; rater_2,,3
V0045,aromatic_cube_leaf,grok_imagine_video_1_5,202,ai,A2,,"The diffuser stick is in the diffuser bottle, the orange cube from the white container is in the blue calendar case beside the other cube, and the diffuser leaf is on top of the brown powder in the white container.",grok_imagine_video_1_5,202,ai,grok_imagine_video_1_5.seed_202.mp4,,3.00,3.33,3.00,3.67,,3.33,3.00,3.44,3.00,3.44,3.21,partial,rater_5; rater_9; rater_8,,3
V0046,aromatic_cube_leaf,wan_2_7,202,ai,A2,,"The diffuser stick is in the diffuser bottle, the orange cube from the white container is in the blue calendar case beside the other cube, and the diffuser leaf is on top of the brown powder in the white container.",wan_2_7,202,ai,wan_2_7.seed_202.mp4,,0.67,0.00,0.67,0.67,,,0.67,0.33,0.67,0.33,0.47,partial,rater_7; rater_8; rater_1,,3
V0047,aromatic_cube_leaf,grok_imagine_video_1_5,101,ai,A2,,"The diffuser stick is in the diffuser bottle, the orange cube from the white container is in the blue calendar case beside the other cube, and the diffuser leaf is on top of the brown powder in the white container.",grok_imagine_video_1_5,101,ai,grok_imagine_video_1_5.seed_101.mp4,,2.33,3.00,1.33,1.33,,,1.83,2.17,1.83,2.17,1.99,partial,rater_9; rater_8; rater_1,,3
V0048,aromatic_cube_leaf,cosmos_3,101,ai,A2,,"The diffuser stick is in the diffuser bottle, the orange cube from the white container is in the blue calendar case beside the other cube, and the diffuser leaf is on top of the brown powder in the white container.",cosmos_3,101,ai,cosmos_3__seed_101.mp4,,1.00,0.00,0.67,0.00,0.33,0.33,0.67,0.11,0.67,0.11,0.27,complete,rater_9; rater_2; rater_8,,3
V0049,aromatic_cube_leaf,seedance_2_0,101,ai,A2,,"The diffuser stick is in the diffuser bottle, the orange cube from the white container is in the blue calendar case beside the other cube, and the diffuser leaf is on top of the brown powder in the white container.",seedance_2_0,101,ai,seedance_2_0.seed_101.mp4,,3.00,4.00,3.00,4.00,,,3.00,4.00,3.00,4.00,3.46,partial,rater_9; rater_7; rater_2,,3
V0050,aromatic_cube_leaf,seedance_2_0,202,ai,A2,,"The diffuser stick is in the diffuser bottle, the orange cube from the white container is in the blue calendar case beside the other cube, and the diffuser leaf is on top of the brown powder in the white container.",seedance_2_0,202,ai,seedance_2_0.seed_202.mp4,,1.67,4.00,2.00,4.00,,,1.83,4.00,1.83,4.00,2.71,partial,rater_9; rater_7; rater_2,,3
V0051,aromatic_cube_leaf,human_wrong,1,human_wrong,A2,,"The diffuser stick is in the diffuser bottle, the orange cube from the white container is in the blue calendar case beside the other cube, and the diffuser leaf is on top of the brown powder in the white container.",,1,human_wrong,wrong_1.mp4,,2.00,4.00,2.00,4.00,,,2.00,4.00,2.00,4.00,2.83,partial,rater_9; rater_7; rater_1,,3
V0052,aromatic_cube_leaf,kling_v3_pro,202,ai,A2,,"The diffuser stick is in the diffuser bottle, the orange cube from the white container is in the blue calendar case beside the other cube, and the diffuser leaf is on top of the brown powder in the white container.",kling_v3_pro,202,ai,kling_v3_pro.seed_202.mp4,,2.67,3.33,3.00,4.00,,,2.83,3.67,2.83,3.67,3.22,partial,rater_9; rater_2; rater_1,,3
V0053,aromatic_cube_leaf,human_wrong,2,human_wrong,A2,,"The diffuser stick is in the diffuser bottle, the orange cube from the white container is in the blue calendar case beside the other cube, and the diffuser leaf is on top of the brown powder in the white container.",,2,human_wrong,wrong_2.mp4,,2.67,4.00,2.67,4.00,,,2.67,4.00,2.67,4.00,3.27,partial,rater_5; rater_7; rater_2,,3
V0054,aromatic_cube_leaf,wan_2_7,303,ai,A2,,"The diffuser stick is in the diffuser bottle, the orange cube from the white container is in the blue calendar case beside the other cube, and the diffuser leaf is on top of the brown powder in the white container.",wan_2_7,303,ai,wan_2_7.seed_303.mp4,,2.00,0.00,0.33,0.00,0.67,0.33,1.00,0.11,1.00,0.11,0.33,complete,rater_5; rater_7; rater_8,,3
V0055,banknote_card_coin,seedance_2_0,101,ai,A2,,"Banknote and card in the wallet's visible bill and card compartments, with the coin in the small bowl.",seedance_2_0,101,ai,seedance_2_0.seed_101.mp4,,2.25,2.50,,,,,2.25,2.50,2.25,2.50,2.37,partial,rater_5; rater_7; rater_8,,3
V0056,banknote_card_coin,wan_2_7,101,ai,A2,,"Banknote and card in the wallet's visible bill and card compartments, with the coin in the small bowl.",wan_2_7,101,ai,wan_2_7.seed_101.mp4,,1.75,1.67,,,0.40,1.40,1.08,1.53,1.08,1.53,1.28,partial,rater_5; rater_7; rater_8,,3
V0057,banknote_card_coin,human_wrong,1,human_wrong,A2,,"Banknote and card in the wallet's visible bill and card compartments, with the coin in the small bowl.",,1,human_wrong,wrong_1.mp4,,1.75,4.00,1.75,4.00,1.20,2.20,1.57,3.40,1.57,3.40,2.31,complete,rater_5; rater_2; rater_1,,3
V0058,banknote_card_coin,cosmos_3,303,ai,A2,,"Banknote and card in the wallet's visible bill and card compartments, with the coin in the small bowl.",cosmos_3,303,ai,cosmos_3__seed_303.mp4,,,,,,0.25,0.00,0.25,0.00,0.25,0.00,0.00,partial,rater_9; rater_7; rater_2,,3
V0059,banknote_card_coin,kling_v3_pro,101,ai,A2,,"Banknote and card in the wallet's visible bill and card compartments, with the coin in the small bowl.",kling_v3_pro,101,ai,kling_v3_pro.seed_101.mp4,,1.75,2.67,,,3.00,3.20,2.38,2.93,2.38,2.93,2.64,partial,rater_5; rater_8; rater_1,,3
V0060,banknote_card_coin,grok_imagine_video_1_5,303,ai,A2,,"Banknote and card in the wallet's visible bill and card compartments, with the coin in the small bowl.",grok_imagine_video_1_5,303,ai,grok_imagine_video_1_5.seed_303.mp4,,,,2.25,0.00,1.00,1.00,1.63,0.50,1.63,0.50,0.90,partial,rater_7; rater_2; rater_1,,3
V0061,banknote_card_coin,cosmos_3,101,ai,A2,,"Banknote and card in the wallet's visible bill and card compartments, with the coin in the small bowl.",cosmos_3,101,ai,cosmos_3__seed_101.mp4,,,,,,,,,,,,,empty,rater_9; rater_7; rater_8,,3
V0062,banknote_card_coin,kling_v3_pro,202,ai,A2,,"Banknote and card in the wallet's visible bill and card compartments, with the coin in the small bowl.",kling_v3_pro,202,ai,kling_v3_pro.seed_202.mp4,,1.75,1.33,,,1.75,1.33,1.75,1.33,1.75,1.33,1.53,partial,rater_5; rater_7; rater_2,,3
V0063,banknote_card_coin,wan_2_7,303,ai,A2,,"Banknote and card in the wallet's visible bill and card compartments, with the coin in the small bowl.",wan_2_7,303,ai,wan_2_7.seed_303.mp4,,,,,,3.00,1.20,3.00,1.20,3.00,1.20,1.90,partial,rater_9; rater_8; rater_1,,3
V0064,banknote_card_coin,human_wrong,2,human_wrong,A2,,"Banknote and card in the wallet's visible bill and card compartments, with the coin in the small bowl.",,2,human_wrong,wrong_2.mp4,,2.25,4.00,,,1.80,4.00,2.03,4.00,2.03,4.00,2.85,partial,rater_2; rater_8; rater_1,,3
V0065,banknote_card_coin,grok_imagine_video_1_5,101,ai,A2,,"Banknote and card in the wallet's visible bill and card compartments, with the coin in the small bowl.",grok_imagine_video_1_5,101,ai,grok_imagine_video_1_5.seed_101.mp4,,,,1.00,2.00,,,1.00,2.00,1.00,2.00,1.41,partial,rater_9; rater_2; rater_8,,3
V0066,banknote_card_coin,wan_2_7,202,ai,A2,,"Banknote and card in the wallet's visible bill and card compartments, with the coin in the small bowl.",wan_2_7,202,ai,wan_2_7.seed_202.mp4,,1.25,0.00,0.20,0.80,1.80,2.40,1.08,1.07,1.08,1.07,1.07,complete,rater_2; rater_8; rater_1,,3
V0067,banknote_card_coin,seedance_2_0,303,ai,A2,,"Banknote and card in the wallet's visible bill and card compartments, with the coin in the small bowl.",seedance_2_0,303,ai,seedance_2_0.seed_303.mp4,,1.00,2.50,,,1.00,2.80,1.00,2.65,1.00,2.65,1.63,partial,rater_5; rater_7; rater_1,,3
V0068,banknote_card_coin,human_wrong,3,human_wrong,A2,,"Banknote and card in the wallet's visible bill and card compartments, with the coin in the small bowl.",,3,human_wrong,wrong_3.mp4,,2.25,4.00,,,2.25,4.00,2.25,4.00,2.25,4.00,3.00,partial,rater_5; rater_9; rater_2,,3
V0069,banknote_card_coin,cosmos_3,202,ai,A2,,"Banknote and card in the wallet's visible bill and card compartments, with the coin in the small bowl.",cosmos_3,202,ai,cosmos_3__seed_202.mp4,,,,0.25,0.00,0.40,0.00,0.33,0.00,0.33,0.00,0.00,partial,rater_9; rater_2; rater_1,,3
V0070,banknote_card_coin,seedance_2_0,202,ai,A2,,"Banknote and card in the wallet's visible bill and card compartments, with the coin in the small bowl.",seedance_2_0,202,ai,seedance_2_0.seed_202.mp4,,1.00,2.75,,,,,1.00,2.75,1.00,2.75,1.66,partial,rater_5; rater_9; rater_7,,3
V0071,banknote_card_coin,grok_imagine_video_1_5,202,ai,A2,,"Banknote and card in the wallet's visible bill and card compartments, with the coin in the small bowl.",grok_imagine_video_1_5,202,ai,grok_imagine_video_1_5.seed_202.mp4,,2.25,2.00,,,,,2.25,2.00,2.25,2.00,2.12,partial,rater_5; rater_9; rater_7,,3
V0072,banknote_card_coin,kling_v3_pro,303,ai,A2,,"Banknote and card in the wallet's visible bill and card compartments, with the coin in the small bowl.",kling_v3_pro,303,ai,kling_v3_pro.seed_303.mp4,,,,,,1.80,2.67,1.80,2.67,1.80,2.67,2.19,partial,rater_9; rater_8; rater_1,,3
V0073,candle_lighter,wan_2_7,202,ai,A9,,"Fire-lit candle, with the lighter and key stored inside the jeans pocket and the jeans positioned to the left of the candle.",wan_2_7,202,ai,wan_2_7.seed_202.mp4,,,,1.00,1.00,,,1.00,1.00,1.00,1.00,1.00,partial,rater_9; rater_7; rater_1,,3
V0074,candle_lighter,wan_2_7,303,ai,A9,,"Fire-lit candle, with the lighter and key stored inside the jeans pocket and the jeans positioned to the left of the candle.",wan_2_7,303,ai,wan_2_7.seed_303.mp4,,,,,,,,,,,,,empty,rater_9; rater_2; rater_1,,3
V0075,candle_lighter,cosmos_3,101,ai,A9,,"Fire-lit candle, with the lighter and key stored inside the jeans pocket and the jeans positioned to the left of the candle.",cosmos_3,101,ai,cosmos_3__seed_101.mp4,,,,0.25,0.00,,,0.25,0.00,0.25,0.00,0.00,partial,rater_9; rater_7; rater_1,,3
V0076,candle_lighter,seedance_2_0,303,ai,A9,,"Fire-lit candle, with the lighter and key stored inside the jeans pocket and the jeans positioned to the left of the candle.",seedance_2_0,303,ai,seedance_2_0.seed_303.mp4,,,,,,,,,,,,,empty,rater_5; rater_9; rater_2,,3
V0077,candle_lighter,grok_imagine_video_1_5,303,ai,A9,,"Fire-lit candle, with the lighter and key stored inside the jeans pocket and the jeans positioned to the left of the candle.",grok_imagine_video_1_5,303,ai,grok_imagine_video_1_5.seed_303.mp4,,2.25,2.50,,,,,2.25,2.50,2.25,2.50,2.37,partial,rater_7; rater_2; rater_1,,3
V0078,candle_lighter,human_wrong,2,human_wrong,A9,,"Fire-lit candle, with the lighter and key stored inside the jeans pocket and the jeans positioned to the left of the candle.",,2,human_wrong,wrong_2.mp4,,,,2.75,4.00,,,2.75,4.00,2.75,4.00,3.32,partial,rater_9; rater_7; rater_8,,3
V0079,candle_lighter,kling_v3_pro,101,ai,A9,,"Fire-lit candle, with the lighter and key stored inside the jeans pocket and the jeans positioned to the left of the candle.",kling_v3_pro,101,ai,kling_v3_pro.seed_101.mp4,,,,1.25,4.00,,,1.25,4.00,1.25,4.00,2.24,partial,rater_5; rater_7; rater_8,,3
V0080,candle_lighter,kling_v3_pro,303,ai,A9,,"Fire-lit candle, with the lighter and key stored inside the jeans pocket and the jeans positioned to the left of the candle.",kling_v3_pro,303,ai,kling_v3_pro.seed_303.mp4,,,,,,,,,,,,,empty,rater_5; rater_9; rater_1,,3
V0081,candle_lighter,human_wrong,1,human_wrong,A9,,"Fire-lit candle, with the lighter and key stored inside the jeans pocket and the jeans positioned to the left of the candle.",,1,human_wrong,wrong_1.mp4,,,,,,,,,,,,,empty,rater_5; rater_9; rater_8,,3
V0082,candle_lighter,seedance_2_0,202,ai,A9,,"Fire-lit candle, with the lighter and key stored inside the jeans pocket and the jeans positioned to the left of the candle.",seedance_2_0,202,ai,seedance_2_0.seed_202.mp4,,2.50,3.00,,,,,2.50,3.00,2.50,3.00,2.74,partial,rater_7; rater_2; rater_8,,3
V0083,candle_lighter,grok_imagine_video_1_5,202,ai,A9,,"Fire-lit candle, with the lighter and key stored inside the jeans pocket and the jeans positioned to the left of the candle.",grok_imagine_video_1_5,202,ai,grok_imagine_video_1_5.seed_202.mp4,,,,1.00,0.00,,,1.00,0.00,1.00,0.00,0.00,partial,rater_5; rater_7; rater_2,,3
V0084,candle_lighter,wan_2_7,101,ai,A9,,"Fire-lit candle, with the lighter and key stored inside the jeans pocket and the jeans positioned to the left of the candle.",wan_2_7,101,ai,wan_2_7.seed_101.mp4,,,,,,,,,,,,,empty,rater_5; rater_2; rater_1,,3
V0085,candle_lighter,kling_v3_pro,202,ai,A9,,"Fire-lit candle, with the lighter and key stored inside the jeans pocket and the jeans positioned to the left of the candle.",kling_v3_pro,202,ai,kling_v3_pro.seed_202.mp4,,,,,,,,,,,,,empty,rater_5; rater_2; rater_8,,3
V0086,candle_lighter,seedance_2_0,101,ai,A9,,"Fire-lit candle, with the lighter and key stored inside the jeans pocket and the jeans positioned to the left of the candle.",seedance_2_0,101,ai,seedance_2_0.seed_101.mp4,,,,,,,,,,,,,empty,rater_5; rater_8; rater_1,,3
V0087,candle_lighter,cosmos_3,202,ai,A9,,"Fire-lit candle, with the lighter and key stored inside the jeans pocket and the jeans positioned to the left of the candle.",cosmos_3,202,ai,cosmos_3__seed_202.mp4,,,,,,,,,,,,,empty,rater_9; rater_8; rater_1,,3
V0088,candle_lighter,grok_imagine_video_1_5,101,ai,A9,,"Fire-lit candle, with the lighter and key stored inside the jeans pocket and the jeans positioned to the left of the candle.",grok_imagine_video_1_5,101,ai,grok_imagine_video_1_5.seed_101.mp4,,1.00,2.75,,,,,1.00,2.75,1.00,2.75,1.66,partial,rater_7; rater_8; rater_1,,3
V0089,candle_lighter,human_wrong,3,human_wrong,A9,,"Fire-lit candle, with the lighter and key stored inside the jeans pocket and the jeans positioned to the left of the candle.",,3,human_wrong,wrong_3.mp4,,,,2.00,4.00,,,2.00,4.00,2.00,4.00,2.83,partial,rater_9; rater_7; rater_2,,3
V0090,candle_lighter,cosmos_3,303,ai,A9,,"Fire-lit candle, with the lighter and key stored inside the jeans pocket and the jeans positioned to the left of the candle.",cosmos_3,303,ai,cosmos_3__seed_303.mp4,,,,,,,,,,,,,empty,rater_5; rater_2; rater_8,,3
V0091,cooking_oil,cosmos_3,101,ai,A6,,Cup containing one tablespoon of cooking oil.,cosmos_3,101,ai,cosmos_3__seed_101.mp4,,0.50,0.00,0.25,0.00,,,0.38,0.00,0.38,0.00,0.00,partial,rater_7; rater_2; rater_8,,3
V0092,cooking_oil,cosmos_3,303,ai,A6,,Cup containing one tablespoon of cooking oil.,cosmos_3,303,ai,cosmos_3__seed_303.mp4,,,,0.50,2.00,0.00,0.00,0.25,1.00,0.25,1.00,0.50,partial,rater_5; rater_9; rater_8,,3
V0093,cooking_oil,grok_imagine_video_1_5,303,ai,A6,,Cup containing one tablespoon of cooking oil.,grok_imagine_video_1_5,303,ai,grok_imagine_video_1_5.seed_303.mp4,,,,2.25,2.00,1.00,2.67,1.63,2.33,1.63,2.33,1.95,partial,rater_5; rater_2; rater_1,,3
V0094,cooking_oil,kling_v3_pro,202,ai,A6,,Cup containing one tablespoon of cooking oil.,kling_v3_pro,202,ai,kling_v3_pro.seed_202.mp4,,1.00,2.00,,,1.25,2.00,1.13,2.00,1.13,2.00,1.50,partial,rater_7; rater_8; rater_1,,3
V0095,cooking_oil,human_wrong,2,human_wrong,A6,,Cup containing one tablespoon of cooking oil.,,2,human_wrong,wrong_2.mov,,1.50,4.00,1.50,4.00,1.75,4.00,1.58,4.00,1.58,4.00,2.52,complete,rater_9; rater_2; rater_1,,3
V0096,cooking_oil,grok_imagine_video_1_5,101,ai,A6,,Cup containing one tablespoon of cooking oil.,grok_imagine_video_1_5,101,ai,grok_imagine_video_1_5.seed_101.mp4,,,,2.00,0.67,1.00,1.33,1.50,1.00,1.50,1.00,1.22,partial,rater_5; rater_2; rater_1,,3
V0097,cooking_oil,cosmos_3,202,ai,A6,,Cup containing one tablespoon of cooking oil.,cosmos_3,202,ai,cosmos_3__seed_202.mp4,,,,0.00,,0.00,,0.00,,0.00,,,partial,rater_5; rater_9; rater_2,,3
V0098,cooking_oil,human_wrong,1,human_wrong,A6,,Cup containing one tablespoon of cooking oil.,,1,human_wrong,wrong_1.mov,,,,1.75,4.00,1.00,4.00,1.38,4.00,1.38,4.00,2.35,partial,rater_5; rater_9; rater_7,,3
V0099,coffee_beans,seedance_2_0,303,ai,,,"Some coffee beans are inside the orange jar, with no beans outside either jar.",seedance_2_0,303,ai,seedance_2_0.seed_303.mp4,,,,3.00,4.00,,,3.00,4.00,3.00,4.00,3.46,partial,rater_9; rater_7; rater_8,,3
V0100,coffee_beans,seedance_2_0,101,ai,,,"Some coffee beans are inside the orange jar, with no beans outside either jar.",seedance_2_0,101,ai,seedance_2_0.seed_101.mp4,,,,,,,,,,,,,empty,rater_5; rater_8; rater_1,,3
V0101,cooking_oil,kling_v3_pro,303,ai,A6,,Cup containing one tablespoon of cooking oil.,kling_v3_pro,303,ai,kling_v3_pro.seed_303.mp4,,,,0.75,2.00,0.00,0.40,0.38,1.20,0.38,1.20,0.67,partial,rater_5; rater_7; rater_8,,3
V0102,cooking_oil,grok_imagine_video_1_5,202,ai,A6,,Cup containing one tablespoon of cooking oil.,grok_imagine_video_1_5,202,ai,grok_imagine_video_1_5.seed_202.mp4,,1.50,4.00,1.50,0.50,1.50,1.00,1.50,1.83,1.50,1.83,1.66,complete,rater_9; rater_7; rater_2,,3
V0103,cooking_oil,wan_2_7,202,ai,A6,,Cup containing one tablespoon of cooking oil.,wan_2_7,202,ai,wan_2_7.seed_202.mp4,,1.75,2.00,1.75,0.33,1.00,2.50,1.50,1.61,1.50,1.61,1.55,complete,rater_9; rater_2; rater_1,,3
V0104,coffee_beans,seedance_2_0,202,ai,,,"Some coffee beans are inside the orange jar, with no beans outside either jar.",seedance_2_0,202,ai,seedance_2_0.seed_202.mp4,,,,3.00,3.33,,,3.00,3.33,3.00,3.33,3.16,partial,rater_5; rater_7; rater_1,,3
V0105,cooking_oil,kling_v3_pro,101,ai,A6,,Cup containing one tablespoon of cooking oil.,kling_v3_pro,101,ai,kling_v3_pro.seed_101.mp4,,2.50,2.50,1.00,2.50,1.20,1.40,1.57,2.13,1.57,2.13,1.83,complete,rater_9; rater_7; rater_8,,3
V0106,cooking_oil,wan_2_7,101,ai,A6,,Cup containing one tablespoon of cooking oil.,wan_2_7,101,ai,wan_2_7.seed_101.mp4,,1.00,4.00,,,2.00,2.75,1.50,3.38,1.50,3.38,2.25,partial,rater_9; rater_8; rater_1,,3
V0107,cooking_oil,human_wrong,3,human_wrong,A6,,Cup containing one tablespoon of cooking oil.,,3,human_wrong,wrong_3.mov,,,,2.00,3.33,1.83,4.00,1.92,3.67,1.92,3.67,2.65,partial,rater_5; rater_2; rater_8,,3
V0108,cooking_oil,wan_2_7,303,ai,A6,,Cup containing one tablespoon of cooking oil.,wan_2_7,303,ai,wan_2_7.seed_303.mp4,,1.25,2.00,1.25,0.00,1.00,2.67,1.17,1.56,1.17,1.56,1.35,complete,rater_7; rater_2; rater_1,,3
V0109,cut_chocolate_bar,seedance_2_0,202,ai,A8,,"The unwrapped chocolate bar is cut into two halves, both then placed inside the closed yellow container",seedance_2_0,202,ai,seedance_2_0.seed_202.mp4,,2.40,1.00,,,1.00,1.75,1.70,1.38,1.70,1.38,1.53,partial,rater_5; rater_9; rater_1,,3
V0110,cut_chocolate_bar,seedance_2_0,101,ai,A8,,"The unwrapped chocolate bar is cut into two halves, both then placed inside the closed yellow container",seedance_2_0,101,ai,seedance_2_0.seed_101.mp4,,,,,,1.00,1.50,1.00,1.50,1.00,1.50,1.22,partial,rater_9; rater_8; rater_1,,3
V0111,cut_chocolate_bar,grok_imagine_video_1_5,202,ai,A8,,"The unwrapped chocolate bar is cut into two halves, both then placed inside the closed yellow container",grok_imagine_video_1_5,202,ai,grok_imagine_video_1_5.seed_202.mp4,,2.40,2.00,3.00,0.20,,,2.70,1.10,2.70,1.10,1.72,partial,rater_5; rater_7; rater_8,,3
V0112,cut_chocolate_bar,kling_v3_pro,101,ai,A8,,"The unwrapped chocolate bar is cut into two halves, both then placed inside the closed yellow container",kling_v3_pro,101,ai,kling_v3_pro.seed_101.mp4,,,,2.80,3.20,,,2.80,3.20,2.80,3.20,2.99,partial,rater_9; rater_7; rater_8,,3
V0113,cut_chocolate_bar,wan_2_7,303,ai,A8,,"The unwrapped chocolate bar is cut into two halves, both then placed inside the closed yellow container",wan_2_7,303,ai,wan_2_7.seed_303.mp4,,1.80,1.50,,,1.00,2.00,1.40,1.75,1.40,1.75,1.57,partial,rater_7; rater_2; rater_1,,3
V0114,cut_chocolate_bar,wan_2_7,202,ai,A8,,"The unwrapped chocolate bar is cut into two halves, both then placed inside the closed yellow container",wan_2_7,202,ai,wan_2_7.seed_202.mp4,,,,1.80,0.00,,,1.80,0.00,1.80,0.00,0.00,partial,rater_9; rater_7; rater_2,,3
V0115,cut_chocolate_bar,cosmos_3,101,ai,A8,,"The unwrapped chocolate bar is cut into two halves, both then placed inside the closed yellow container",cosmos_3,101,ai,cosmos_3__seed_101.mp4,,0.20,0.00,,,0.60,0.00,0.40,0.00,0.40,0.00,0.00,partial,rater_5; rater_9; rater_1,,3
V0116,cut_chocolate_bar,wan_2_7,101,ai,A8,,"The unwrapped chocolate bar is cut into two halves, both then placed inside the closed yellow container",wan_2_7,101,ai,wan_2_7.seed_101.mp4,,2.40,2.25,,,,,2.40,2.25,2.40,2.25,2.32,partial,rater_5; rater_2; rater_8,,3
V0117,cut_chocolate_bar,grok_imagine_video_1_5,303,ai,A8,,"The unwrapped chocolate bar is cut into two halves, both then placed inside the closed yellow container",grok_imagine_video_1_5,303,ai,grok_imagine_video_1_5.seed_303.mp4,,,,,,1.00,0.50,1.00,0.50,1.00,0.50,0.71,partial,rater_2; rater_8; rater_1,,3
V0118,cut_chocolate_bar,human_wrong,1,human_wrong,A8,,"The unwrapped chocolate bar is cut into two halves, both then placed inside the closed yellow container",,1,human_wrong,wrong_1.mov,,1.80,4.00,,,1.80,4.00,1.80,4.00,1.80,4.00,2.68,partial,rater_7; rater_8; rater_1,,3
V0119,cut_chocolate_bar,grok_imagine_video_1_5,101,ai,A8,,"The unwrapped chocolate bar is cut into two halves, both then placed inside the closed yellow container",grok_imagine_video_1_5,101,ai,grok_imagine_video_1_5.seed_101.mp4,,1.80,0.00,,,1.00,1.50,1.40,0.75,1.40,0.75,1.02,partial,rater_7; rater_2; rater_1,,3
V0120,cut_chocolate_bar,seedance_2_0,303,ai,A8,,"The unwrapped chocolate bar is cut into two halves, both then placed inside the closed yellow container",seedance_2_0,303,ai,seedance_2_0.seed_303.mp4,,2.40,3.00,,,2.40,1.60,2.40,2.30,2.40,2.30,2.35,partial,rater_5; rater_9; rater_7,,3
V0121,cut_chocolate_bar,cosmos_3,202,ai,A8,,"The unwrapped chocolate bar is cut into two halves, both then placed inside the closed yellow container",cosmos_3,202,ai,cosmos_3__seed_202.mp4,,1.20,0.00,,,1.00,0.00,1.10,0.00,1.10,0.00,0.00,partial,rater_5; rater_9; rater_7,,3
V0122,cut_chocolate_bar,human_wrong,2,human_wrong,A8,,"The unwrapped chocolate bar is cut into two halves, both then placed inside the closed yellow container",,2,human_wrong,wrong_2.mov,,,,,,0.20,4.00,0.20,4.00,0.20,4.00,0.89,partial,rater_9; rater_2; rater_1,,3
V0123,cut_chocolate_bar,human_wrong,3,human_wrong,A8,,"The unwrapped chocolate bar is cut into two halves, both then placed inside the closed yellow container",,3,human_wrong,wrong_3.mov,,2.40,4.00,,,,,2.40,4.00,2.40,4.00,3.10,partial,rater_5; rater_9; rater_8,,3
V0124,cut_chocolate_bar,cosmos_3,303,ai,A8,,"The unwrapped chocolate bar is cut into two halves, both then placed inside the closed yellow container",cosmos_3,303,ai,cosmos_3__seed_303.mp4,,1.00,1.33,,,,,1.00,1.33,1.00,1.33,1.15,partial,rater_5; rater_2; rater_8,,3
V0125,cut_chocolate_bar,kling_v3_pro,202,ai,A8,,"The unwrapped chocolate bar is cut into two halves, both then placed inside the closed yellow container",kling_v3_pro,202,ai,kling_v3_pro.seed_202.mp4,,,,,,1.00,1.00,1.00,1.00,1.00,1.00,1.00,partial,rater_2; rater_8; rater_1,,3
V0126,cut_chocolate_bar,kling_v3_pro,303,ai,A8,,"The unwrapped chocolate bar is cut into two halves, both then placed inside the closed yellow container",kling_v3_pro,303,ai,kling_v3_pro.seed_303.mp4,,2.40,1.00,1.60,0.40,,,2.00,0.70,2.00,0.70,1.18,partial,rater_5; rater_7; rater_2,,3
V0127,desk_mat_tablet,seedance_2_0,202,ai,A1,,"Rolled-up desk mat to the left of the tablet, with the book on top of the tablet.",seedance_2_0,202,ai,seedance_2_0.seed_202.mp4,,,,1.00,3.00,1.20,1.00,1.10,2.00,1.10,2.00,1.48,partial,rater_5; rater_7; rater_8,,3
V0128,desk_mat_tablet,wan_2_7,303,ai,A1,,"Rolled-up desk mat to the left of the tablet, with the book on top of the tablet.",wan_2_7,303,ai,wan_2_7.seed_303.mp4,,,,,,,,,,,,,empty,rater_9; rater_2; rater_8,,3
V0129,desk_mat_tablet,seedance_2_0,101,ai,A1,,"Rolled-up desk mat to the left of the tablet, with the book on top of the tablet.",seedance_2_0,101,ai,seedance_2_0.seed_101.mp4,,,,,,,,,,,,,empty,rater_5; rater_9; rater_2,,3
V0130,desk_mat_tablet,seedance_2_0,303,ai,A1,,"Rolled-up desk mat to the left of the tablet, with the book on top of the tablet.",seedance_2_0,303,ai,seedance_2_0.seed_303.mp4,,,,0.20,0.20,,,0.20,0.20,0.20,0.20,0.20,partial,rater_2; rater_8; rater_1,,3
V0131,desk_mat_tablet,grok_imagine_video_1_5,101,ai,A1,,"Rolled-up desk mat to the left of the tablet, with the book on top of the tablet.",grok_imagine_video_1_5,101,ai,grok_imagine_video_1_5.seed_101.mp4,,1.00,3.00,,,,,1.00,3.00,1.00,3.00,1.73,partial,rater_7; rater_2; rater_8,,3
V0132,desk_mat_tablet,cosmos_3,101,ai,A1,,"Rolled-up desk mat to the left of the tablet, with the book on top of the tablet.",cosmos_3,101,ai,cosmos_3__seed_101.mp4,,,,0.67,0.00,,,0.67,0.00,0.67,0.00,0.00,partial,rater_9; rater_7; rater_1,,3
V0133,desk_mat_tablet,kling_v3_pro,101,ai,A1,,"Rolled-up desk mat to the left of the tablet, with the book on top of the tablet.",kling_v3_pro,101,ai,kling_v3_pro.seed_101.mp4,,,,,,,,,,,,,empty,rater_9; rater_8; rater_1,,3
V0134,desk_mat_tablet,kling_v3_pro,303,ai,A1,,"Rolled-up desk mat to the left of the tablet, with the book on top of the tablet.",kling_v3_pro,303,ai,kling_v3_pro.seed_303.mp4,,,,,,,,,,,,,empty,rater_5; rater_2; rater_8,,3
V0135,desk_mat_tablet,human_wrong,3,human_wrong,A1,,"Rolled-up desk mat to the left of the tablet, with the book on top of the tablet.",,3,human_wrong,wrong_3.mp4,,2.00,4.00,,,,,2.00,4.00,2.00,4.00,2.83,partial,rater_7; rater_2; rater_8,,3
V0136,desk_mat_tablet,grok_imagine_video_1_5,303,ai,A1,,"Rolled-up desk mat to the left of the tablet, with the book on top of the tablet.",grok_imagine_video_1_5,303,ai,grok_imagine_video_1_5.seed_303.mp4,,,,,,,,,,,,,empty,rater_5; rater_9; rater_1,,3
V0137,desk_mat_tablet,human_wrong,2,human_wrong,A1,,"Rolled-up desk mat to the left of the tablet, with the book on top of the tablet.",,2,human_wrong,wrong_2.mp4,,,,1.33,4.00,,,1.33,4.00,1.33,4.00,2.31,partial,rater_9; rater_7; rater_1,,3
V0138,desk_mat_tablet,wan_2_7,101,ai,A1,,"Rolled-up desk mat to the left of the tablet, with the book on top of the tablet.",wan_2_7,101,ai,wan_2_7.seed_101.mp4,,,,1.33,2.00,,,1.33,2.00,1.33,2.00,1.63,partial,rater_5; rater_7; rater_8,,3
V0139,desk_mat_tablet,human_wrong,1,human_wrong,A1,,"Rolled-up desk mat to the left of the tablet, with the book on top of the tablet.",,1,human_wrong,wrong_1.mp4,,,,,,,,,,,,,empty,rater_5; rater_9; rater_1,,3
V0140,desk_mat_tablet,cosmos_3,202,ai,A1,,"Rolled-up desk mat to the left of the tablet, with the book on top of the tablet.",cosmos_3,202,ai,cosmos_3__seed_202.mp4,,,,0.33,2.00,,,0.33,2.00,0.33,2.00,0.82,partial,rater_9; rater_7; rater_2,,3
V0141,desk_mat_tablet,wan_2_7,202,ai,A1,,"Rolled-up desk mat to the left of the tablet, with the book on top of the tablet.",wan_2_7,202,ai,wan_2_7.seed_202.mp4,,,,,,,,,,,,,empty,rater_5; rater_8; rater_1,,3
V0142,desk_mat_tablet,cosmos_3,303,ai,A1,,"Rolled-up desk mat to the left of the tablet, with the book on top of the tablet.",cosmos_3,303,ai,cosmos_3__seed_303.mp4,,,,,,,,,,,,,empty,rater_5; rater_9; rater_2,,3
V0143,desk_mat_tablet,kling_v3_pro,202,ai,A1,,"Rolled-up desk mat to the left of the tablet, with the book on top of the tablet.",kling_v3_pro,202,ai,kling_v3_pro.seed_202.mp4,,,,,,,,,,,,,empty,rater_5; rater_7; rater_1,,3
V0144,desk_mat_tablet,grok_imagine_video_1_5,202,ai,A1,,"Rolled-up desk mat to the left of the tablet, with the book on top of the tablet.",grok_imagine_video_1_5,202,ai,grok_imagine_video_1_5.seed_202.mp4,,1.00,2.00,,,,,1.00,2.00,1.00,2.00,1.41,partial,rater_7; rater_2; rater_1,,3
V0145,dish_washdry,wan_2_7,303,ai,A7,,"Dish and spoon clean and dry on the counter, with the drying towel beside them.",wan_2_7,303,ai,wan_2_7.seed_303.mp4,,,,,,,,,,,,,empty,rater_2; rater_8; rater_1,,3
V0146,dish_washdry,kling_v3_pro,303,ai,A7,,"Dish and spoon clean and dry on the counter, with the drying towel beside them.",kling_v3_pro,303,ai,kling_v3_pro.seed_303.mp4,,0.80,4.00,,,,,0.80,4.00,0.80,4.00,1.79,partial,rater_5; rater_9; rater_7,,3
V0147,dish_washdry,seedance_2_0,101,ai,A7,,"Dish and spoon clean and dry on the counter, with the drying towel beside them.",seedance_2_0,101,ai,seedance_2_0.seed_101.mp4,,1.80,3.33,,,,,1.80,3.33,1.80,3.33,2.45,partial,rater_5; rater_7; rater_1,,3
V0148,dish_washdry,cosmos_3,101,ai,A7,,"Dish and spoon clean and dry on the counter, with the drying towel beside them.",cosmos_3,101,ai,cosmos_3__seed_101.mp4,,0.30,0.00,,,,,0.30,0.00,0.30,0.00,0.00,partial,rater_5; rater_7; rater_2,,3
V0149,dish_washdry,grok_imagine_video_1_5,303,ai,A7,,"Dish and spoon clean and dry on the counter, with the drying towel beside them.",grok_imagine_video_1_5,303,ai,grok_imagine_video_1_5.seed_303.mp4,,,,,,,,,,,,,empty,rater_9; rater_7; rater_2,,3
V0150,dish_washdry,human_wrong,2,human_wrong,A7,,"Dish and spoon clean and dry on the counter, with the drying towel beside them.",,2,human_wrong,wrong_2.mp4,,,4.00,2.67,4.00,2.60,3.70,2.63,3.90,2.63,3.90,3.20,partial,rater_5; rater_8; rater_1,,3
V0151,dish_washdry,cosmos_3,202,ai,A7,,"Dish and spoon clean and dry on the counter, with the drying towel beside them.",cosmos_3,202,ai,cosmos_3__seed_202.mp4,,,,,,,,,,,,,empty,rater_9; rater_7; rater_1,,3
V0152,dish_washdry,seedance_2_0,303,ai,A7,,"Dish and spoon clean and dry on the counter, with the drying towel beside them.",seedance_2_0,303,ai,seedance_2_0.seed_303.mp4,,,,,,,,,,,,,empty,rater_9; rater_7; rater_8,,3
V0153,dish_washdry,kling_v3_pro,101,ai,A7,,"Dish and spoon clean and dry on the counter, with the drying towel beside them.",kling_v3_pro,101,ai,kling_v3_pro.seed_101.mp4,,,,,,,,,,,,,empty,rater_9; rater_2; rater_1,,3
V0154,dish_washdry,grok_imagine_video_1_5,101,ai,A7,,"Dish and spoon clean and dry on the counter, with the drying towel beside them.",grok_imagine_video_1_5,101,ai,grok_imagine_video_1_5.seed_101.mp4,,,,,,,,,,,,,empty,rater_9; rater_2; rater_1,,3
V0155,dish_washdry,human_wrong,1,human_wrong,A7,,"Dish and spoon clean and dry on the counter, with the drying towel beside them.",,1,human_wrong,wrong_1.mp4,,,,,,,,,,,,,empty,rater_7; rater_2; rater_8,,3
V0156,dish_washdry,cosmos_3,303,ai,A7,,"Dish and spoon clean and dry on the counter, with the drying towel beside them.",cosmos_3,303,ai,cosmos_3__seed_303.mp4,,0.20,,,,,,0.20,,0.20,,,partial,rater_5; rater_2; rater_1,,3
V0157,dish_washdry,grok_imagine_video_1_5,202,ai,A7,,"Dish and spoon clean and dry on the counter, with the drying towel beside them.",grok_imagine_video_1_5,202,ai,grok_imagine_video_1_5.seed_202.mp4,,,,,,,,,,,,,empty,rater_9; rater_2; rater_8,,3
V0158,dish_washdry,wan_2_7,101,ai,A7,,"Dish and spoon clean and dry on the counter, with the drying towel beside them.",wan_2_7,101,ai,wan_2_7.seed_101.mp4,,1.50,2.40,,,1.00,2.00,1.25,2.20,1.25,2.20,1.66,partial,rater_5; rater_9; rater_1,,3
V0159,dish_washdry,human_wrong,3,human_wrong,A7,,"Dish and spoon clean and dry on the counter, with the drying towel beside them.",,3,human_wrong,wrong_3.mp4,,2.10,4.00,,,,,2.10,4.00,2.10,4.00,2.90,partial,rater_5; rater_2; rater_8,,3
V0160,dish_washdry,seedance_2_0,202,ai,A7,,"Dish and spoon clean and dry on the counter, with the drying towel beside them.",seedance_2_0,202,ai,seedance_2_0.seed_202.mp4,,2.60,3.33,,,,,2.60,3.33,2.60,3.33,2.94,partial,rater_5; rater_7; rater_8,,3
V0161,dish_washdry,wan_2_7,202,ai,A7,,"Dish and spoon clean and dry on the counter, with the drying towel beside them.",wan_2_7,202,ai,wan_2_7.seed_202.mp4,,,,,,,,,,,,,empty,rater_9; rater_8; rater_1,,3
V0162,dish_washdry,kling_v3_pro,202,ai,A7,,"Dish and spoon clean and dry on the counter, with the drying towel beside them.",kling_v3_pro,202,ai,kling_v3_pro.seed_202.mp4,,2.00,3.43,,,,,2.00,3.43,2.00,3.43,2.62,partial,rater_5; rater_7; rater_8,,3
V0163,double_shoe_box,wan_2_7,101,ai,A2,,"The closed shoe box containing the yellow-black shoe is placed on the blue chair, with the red shoe on top of the box",wan_2_7,101,ai,wan_2_7.seed_101.mp4,,1.00,2.50,2.40,2.00,,1.60,1.70,2.03,1.70,2.03,1.86,partial,rater_9; rater_7; rater_2,,3
V0164,double_shoe_box,seedance_2_0,303,ai,A2,,"The closed shoe box containing the yellow-black shoe is placed on the blue chair, with the red shoe on top of the box",seedance_2_0,303,ai,seedance_2_0.seed_303.mp4,,1.00,3.20,,,,,1.00,3.20,1.00,3.20,1.79,partial,rater_5; rater_8; rater_1,,3
V0165,double_shoe_box,grok_imagine_video_1_5,202,ai,A2,,"The closed shoe box containing the yellow-black shoe is placed on the blue chair, with the red shoe on top of the box",grok_imagine_video_1_5,202,ai,grok_imagine_video_1_5.seed_202.mp4,,1.40,4.00,0.60,2.00,,2.40,1.00,2.80,1.00,2.80,1.67,partial,rater_5; rater_7; rater_2,,3
V0166,double_shoe_box,human_wrong,1,human_wrong,A2,,"The closed shoe box containing the yellow-black shoe is placed on the blue chair, with the red shoe on top of the box",,1,human_wrong,wrong_1.mp4,,1.20,4.00,1.40,4.00,,,1.30,4.00,1.30,4.00,2.28,partial,rater_5; rater_7; rater_1,,3
V0167,double_shoe_box,grok_imagine_video_1_5,101,ai,A2,,"The closed shoe box containing the yellow-black shoe is placed on the blue chair, with the red shoe on top of the box",grok_imagine_video_1_5,101,ai,grok_imagine_video_1_5.seed_101.mp4,,1.80,1.33,1.00,1.00,,,1.40,1.17,1.40,1.17,1.28,partial,rater_7; rater_8; rater_1,,3
V0168,double_shoe_box,human_wrong,3,human_wrong,A2,,"The closed shoe box containing the yellow-black shoe is placed on the blue chair, with the red shoe on top of the box",,3,human_wrong,wrong_3.mp4,,1.80,4.00,1.80,2.00,1.60,2.00,1.73,2.67,1.73,2.67,2.15,complete,rater_9; rater_2; rater_8,,3
V0169,double_shoe_box,grok_imagine_video_1_5,303,ai,A2,,"The closed shoe box containing the yellow-black shoe is placed on the blue chair, with the red shoe on top of the box",grok_imagine_video_1_5,303,ai,grok_imagine_video_1_5.seed_303.mp4,,3.00,3.20,,2.40,,,3.00,2.80,3.00,2.80,2.90,partial,rater_5; rater_2; rater_1,,3
V0170,double_shoe_box,cosmos_3,101,ai,A2,,"The closed shoe box containing the yellow-black shoe is placed on the blue chair, with the red shoe on top of the box",cosmos_3,101,ai,cosmos_3__seed_101.mp4,,1.00,0.00,0.60,0.00,,,0.80,0.00,0.80,0.00,0.00,partial,rater_9; rater_2; rater_8,,3
V0171,double_shoe_box,wan_2_7,303,ai,A2,,"The closed shoe box containing the yellow-black shoe is placed on the blue chair, with the red shoe on top of the box",wan_2_7,303,ai,wan_2_7.seed_303.mp4,,1.80,2.67,1.60,1.33,,,1.70,2.00,1.70,2.00,1.84,partial,rater_5; rater_9; rater_1,,3
V0172,double_shoe_box,seedance_2_0,202,ai,A2,,"The closed shoe box containing the yellow-black shoe is placed on the blue chair, with the red shoe on top of the box",seedance_2_0,202,ai,seedance_2_0.seed_202.mp4,,3.00,3.00,2.60,1.20,,2.20,2.80,2.13,2.80,2.13,2.44,partial,rater_5; rater_2; rater_8,,3
V0173,double_shoe_box,cosmos_3,303,ai,A2,,"The closed shoe box containing the yellow-black shoe is placed on the blue chair, with the red shoe on top of the box",cosmos_3,303,ai,cosmos_3__seed_303.mp4,,1.60,0.00,0.80,0.00,0.60,0.00,1.00,0.00,1.00,0.00,0.00,complete,rater_5; rater_7; rater_2,,3
V0174,double_shoe_box,wan_2_7,202,ai,A2,,"The closed shoe box containing the yellow-black shoe is placed on the blue chair, with the red shoe on top of the box",wan_2_7,202,ai,wan_2_7.seed_202.mp4,,2.20,0.50,1.60,1.60,,,1.90,1.05,1.90,1.05,1.41,partial,rater_7; rater_8; rater_1,,3
V0175,double_shoe_box,kling_v3_pro,303,ai,A2,,"The closed shoe box containing the yellow-black shoe is placed on the blue chair, with the red shoe on top of the box",kling_v3_pro,303,ai,kling_v3_pro.seed_303.mp4,,2.40,4.00,,2.00,,,2.40,3.00,2.40,3.00,2.68,partial,rater_9; rater_8; rater_1,,3
V0176,double_shoe_box,human_wrong,2,human_wrong,A2,,"The closed shoe box containing the yellow-black shoe is placed on the blue chair, with the red shoe on top of the box",,2,human_wrong,wrong_2.mp4,,2.40,4.00,2.40,4.00,,2.50,2.40,3.50,2.40,3.50,2.90,partial,rater_5; rater_9; rater_2,,3
V0177,double_shoe_box,kling_v3_pro,101,ai,A2,,"The closed shoe box containing the yellow-black shoe is placed on the blue chair, with the red shoe on top of the box",kling_v3_pro,101,ai,kling_v3_pro.seed_101.mp4,,3.00,3.20,3.00,3.60,,,3.00,3.40,3.00,3.40,3.19,partial,rater_9; rater_7; rater_1,,3
V0178,double_shoe_box,cosmos_3,202,ai,A2,,"The closed shoe box containing the yellow-black shoe is placed on the blue chair, with the red shoe on top of the box",cosmos_3,202,ai,cosmos_3__seed_202.mp4,,1.40,0.00,1.00,0.00,1.20,0.00,1.20,0.00,1.20,0.00,0.00,complete,rater_9; rater_7; rater_2,,3
V0179,double_shoe_box,seedance_2_0,101,ai,A2,,"The closed shoe box containing the yellow-black shoe is placed on the blue chair, with the red shoe on top of the box",seedance_2_0,101,ai,seedance_2_0.seed_101.mp4,,3.00,3.00,1.60,1.80,,,2.30,2.40,2.30,2.40,2.35,partial,rater_5; rater_8; rater_1,,3
V0180,double_shoe_box,kling_v3_pro,202,ai,A2,,"The closed shoe box containing the yellow-black shoe is placed on the blue chair, with the red shoe on top of the box",kling_v3_pro,202,ai,kling_v3_pro.seed_202.mp4,,1.00,3.00,1.00,3.00,0.60,0.60,0.87,2.20,0.87,2.20,1.38,complete,rater_9; rater_7; rater_8,,3
V0181,egg_candy_air_fryer,grok_imagine_video_1_5,202,ai,A2,,"Egg and candy placed inside the bowl, with the bowl stored inside the closed air fryer and the black electrical plug connected to the white outlet.",grok_imagine_video_1_5,202,ai,grok_imagine_video_1_5.seed_202.mp4,,3.00,3.20,3.00,4.00,,,3.00,3.60,3.00,3.60,3.29,partial,rater_5; rater_9; rater_1,,3
V0182,egg_candy_air_fryer,grok_imagine_video_1_5,101,ai,A2,,"Egg and candy placed inside the bowl, with the bowl stored inside the closed air fryer and the black electrical plug connected to the white outlet.",grok_imagine_video_1_5,101,ai,grok_imagine_video_1_5.seed_101.mp4,,3.00,3.80,2.80,3.60,3.00,3.40,2.93,3.60,2.93,3.60,3.25,complete,rater_5; rater_7; rater_1,,3
V0183,egg_candy_air_fryer,grok_imagine_video_1_5,303,ai,A2,,"Egg and candy placed inside the bowl, with the bowl stored inside the closed air fryer and the black electrical plug connected to the white outlet.",grok_imagine_video_1_5,303,ai,grok_imagine_video_1_5.seed_303.mp4,,2.80,4.00,2.60,2.80,,2.83,2.70,3.21,2.70,3.21,2.94,partial,rater_9; rater_7; rater_8,,3
V0184,egg_candy_air_fryer,kling_v3_pro,101,ai,A2,,"Egg and candy placed inside the bowl, with the bowl stored inside the closed air fryer and the black electrical plug connected to the white outlet.",kling_v3_pro,101,ai,kling_v3_pro.seed_101.mp4,,3.00,4.00,3.00,4.00,,2.83,3.00,3.61,3.00,3.61,3.29,partial,rater_5; rater_7; rater_8,,3
V0185,egg_candy_air_fryer,seedance_2_0,101,ai,A2,,"Egg and candy placed inside the bowl, with the bowl stored inside the closed air fryer and the black electrical plug connected to the white outlet.",seedance_2_0,101,ai,seedance_2_0.seed_101.mp4,,3.00,3.20,,3.33,,,3.00,3.27,3.00,3.27,3.13,partial,rater_9; rater_8; rater_1,,3
V0186,egg_candy_air_fryer,cosmos_3,101,ai,A2,,"Egg and candy placed inside the bowl, with the bowl stored inside the closed air fryer and the black electrical plug connected to the white outlet.",cosmos_3,101,ai,cosmos_3__seed_101.mp4,,1.60,1.00,,,,,1.60,1.00,1.60,1.00,1.26,partial,rater_7; rater_2; rater_1,,3
V0187,egg_candy_air_fryer,human_wrong,3,human_wrong,A2,,"Egg and candy placed inside the bowl, with the bowl stored inside the closed air fryer and the black electrical plug connected to the white outlet.",,3,human_wrong,wrong_3.MOV,,1.00,4.00,1.00,4.00,,,1.00,4.00,1.00,4.00,2.00,partial,rater_5; rater_7; rater_2,,3
V0188,egg_candy_air_fryer,wan_2_7,101,ai,A2,,"Egg and candy placed inside the bowl, with the bowl stored inside the closed air fryer and the black electrical plug connected to the white outlet.",wan_2_7,101,ai,wan_2_7.seed_101.mp4,,2.80,3.20,,,,,2.80,3.20,2.80,3.20,2.99,partial,rater_7; rater_2; rater_1,,3
V0189,egg_candy_air_fryer,seedance_2_0,202,ai,A2,,"Egg and candy placed inside the bowl, with the bowl stored inside the closed air fryer and the black electrical plug connected to the white outlet.",seedance_2_0,202,ai,seedance_2_0.seed_202.mp4,,3.00,4.00,3.00,4.00,3.00,4.00,3.00,4.00,3.00,4.00,3.46,complete,rater_5; rater_9; rater_7,,3
V0190,egg_candy_air_fryer,cosmos_3,303,ai,A2,,"Egg and candy placed inside the bowl, with the bowl stored inside the closed air fryer and the black electrical plug connected to the white outlet.",cosmos_3,303,ai,cosmos_3__seed_303.mp4,,1.00,0.00,,,0.33,0.33,0.67,0.17,0.67,0.17,0.33,partial,rater_9; rater_2; rater_8,,3
V0191,egg_candy_air_fryer,kling_v3_pro,303,ai,A2,,"Egg and candy placed inside the bowl, with the bowl stored inside the closed air fryer and the black electrical plug connected to the white outlet.",kling_v3_pro,303,ai,kling_v3_pro.seed_303.mp4,,3.00,4.00,3.00,4.00,,3.33,3.00,3.78,3.00,3.78,3.37,partial,rater_9; rater_7; rater_8,,3
V0192,egg_candy_air_fryer,human_wrong,1,human_wrong,A2,,"Egg and candy placed inside the bowl, with the bowl stored inside the closed air fryer and the black electrical plug connected to the white outlet.",,1,human_wrong,wrong_1.MOV,,1.00,4.00,2.00,3.60,1.50,1.83,1.50,3.14,1.50,3.14,2.17,complete,rater_9; rater_2; rater_8,,3
V0193,egg_candy_air_fryer,kling_v3_pro,202,ai,A2,,"Egg and candy placed inside the bowl, with the bowl stored inside the closed air fryer and the black electrical plug connected to the white outlet.",kling_v3_pro,202,ai,kling_v3_pro.seed_202.mp4,,3.00,4.00,3.00,3.60,,,3.00,3.80,3.00,3.80,3.38,partial,rater_5; rater_9; rater_1,,3
V0194,egg_candy_air_fryer,cosmos_3,202,ai,A2,,"Egg and candy placed inside the bowl, with the bowl stored inside the closed air fryer and the black electrical plug connected to the white outlet.",cosmos_3,202,ai,cosmos_3__seed_202.mp4,,1.20,1.33,,,0.00,0.33,0.60,0.83,0.60,0.83,0.71,partial,rater_7; rater_2; rater_8,,3
V0195,egg_candy_air_fryer,human_wrong,2,human_wrong,A2,,"Egg and candy placed inside the bowl, with the bowl stored inside the closed air fryer and the black electrical plug connected to the white outlet.",,2,human_wrong,wrong_2.MOV,,2.40,4.00,,,1.50,1.67,1.95,2.83,1.95,2.83,2.35,partial,rater_5; rater_2; rater_8,,3
V0196,egg_candy_air_fryer,wan_2_7,202,ai,A2,,"Egg and candy placed inside the bowl, with the bowl stored inside the closed air fryer and the black electrical plug connected to the white outlet.",wan_2_7,202,ai,wan_2_7.seed_202.mp4,,3.00,2.80,,2.67,,,3.00,2.73,3.00,2.73,2.86,partial,rater_5; rater_8; rater_1,,3
V0197,egg_candy_air_fryer,seedance_2_0,303,ai,A2,,"Egg and candy placed inside the bowl, with the bowl stored inside the closed air fryer and the black electrical plug connected to the white outlet.",seedance_2_0,303,ai,seedance_2_0.seed_303.mp4,,3.00,3.20,3.00,2.40,,,3.00,2.80,3.00,2.80,2.90,partial,rater_9; rater_2; rater_1,,3
V0198,egg_candy_air_fryer,wan_2_7,303,ai,A2,,"Egg and candy placed inside the bowl, with the bowl stored inside the closed air fryer and the black electrical plug connected to the white outlet.",wan_2_7,303,ai,wan_2_7.seed_303.mp4,,3.00,4.00,,,,,3.00,4.00,3.00,4.00,3.46,partial,rater_5; rater_2; rater_1,,3
V0199,egg_sauce_container,wan_2_7,303,ai,A2,,"Egg stored inside the closed container beside the sauces, with the sauce bottles and pepper bottle standing upright.",wan_2_7,303,ai,wan_2_7.seed_303.mp4,,1.20,2.00,1.29,3.25,,,1.24,2.63,1.24,2.63,1.81,partial,rater_5; rater_9; rater_2,,3
V0200,egg_sauce_container,seedance_2_0,202,ai,A2,,"Egg stored inside the closed container beside the sauces, with the sauce bottles and pepper bottle standing upright.",seedance_2_0,202,ai,seedance_2_0.seed_202.mp4,,1.00,3.40,1.00,2.40,,,1.00,2.90,1.00,2.90,1.70,partial,rater_9; rater_7; rater_1,,3
V0201,egg_sauce_container,cosmos_3,202,ai,A2,,"Egg stored inside the closed container beside the sauces, with the sauce bottles and pepper bottle standing upright.",cosmos_3,202,ai,cosmos_3__seed_202.mp4,,0.14,0.00,,,,,0.14,0.00,0.14,0.00,0.00,partial,rater_7; rater_2; rater_8,,3
V0202,egg_sauce_container,seedance_2_0,101,ai,A2,,"Egg stored inside the closed container beside the sauces, with the sauce bottles and pepper bottle standing upright.",seedance_2_0,101,ai,seedance_2_0.seed_101.mp4,,2.00,2.50,,,,,2.00,2.50,2.00,2.50,2.24,partial,rater_5; rater_2; rater_8,,3
V0203,egg_sauce_container,wan_2_7,202,ai,A2,,"Egg stored inside the closed container beside the sauces, with the sauce bottles and pepper bottle standing upright.",wan_2_7,202,ai,wan_2_7.seed_202.mp4,,1.60,2.67,1.43,1.50,1.86,2.40,1.63,2.19,1.63,2.19,1.89,complete,rater_5; rater_9; rater_7,,3
V0204,egg_sauce_container,cosmos_3,101,ai,A2,,"Egg stored inside the closed container beside the sauces, with the sauce bottles and pepper bottle standing upright.",cosmos_3,101,ai,cosmos_3__seed_101.mp4,,0.57,0.00,0.00,0.00,,,0.29,0.00,0.29,0.00,0.00,partial,rater_9; rater_8; rater_1,,3
V0205,egg_sauce_container,wan_2_7,101,ai,A2,,"Egg stored inside the closed container beside the sauces, with the sauce bottles and pepper bottle standing upright.",wan_2_7,101,ai,wan_2_7.seed_101.mp4,,2.29,0.00,,,,,2.29,0.00,2.29,0.00,0.00,partial,rater_7; rater_2; rater_1,,3
V0206,egg_sauce_container,grok_imagine_video_1_5,202,ai,A2,,"Egg stored inside the closed container beside the sauces, with the sauce bottles and pepper bottle standing upright.",grok_imagine_video_1_5,202,ai,grok_imagine_video_1_5.seed_202.mp4,,2.20,1.00,1.00,1.00,1.13,0.88,1.44,0.96,1.44,0.96,1.18,complete,rater_5; rater_9; rater_8,,3
V0207,egg_sauce_container,human_wrong,2,human_wrong,A2,,"Egg stored inside the closed container beside the sauces, with the sauce bottles and pepper bottle standing upright.",,2,human_wrong,wrong_2.mp4,,,,,,,,,,,,,empty,rater_5; rater_2; rater_1,,3
V0208,egg_sauce_container,human_wrong,1,human_wrong,A2,,"Egg stored inside the closed container beside the sauces, with the sauce bottles and pepper bottle standing upright.",,1,human_wrong,wrong_1.mp4,,,,2.14,4.00,,,2.14,4.00,2.14,4.00,2.93,partial,rater_5; rater_9; rater_2,,3
V0209,egg_sauce_container,kling_v3_pro,202,ai,A2,,"Egg stored inside the closed container beside the sauces, with the sauce bottles and pepper bottle standing upright.",kling_v3_pro,202,ai,kling_v3_pro.seed_202.mp4,,1.29,2.00,,,,,1.29,2.00,1.29,2.00,1.60,partial,rater_7; rater_8; rater_1,,3
V0210,egg_sauce_container,seedance_2_0,303,ai,A2,,"Egg stored inside the closed container beside the sauces, with the sauce bottles and pepper bottle standing upright.",seedance_2_0,303,ai,seedance_2_0.seed_303.mp4,,1.80,2.00,,,1.00,1.38,1.40,1.69,1.40,1.69,1.54,partial,rater_5; rater_2; rater_8,,3
V0211,egg_sauce_container,kling_v3_pro,101,ai,A2,,"Egg stored inside the closed container beside the sauces, with the sauce bottles and pepper bottle standing upright.",kling_v3_pro,101,ai,kling_v3_pro.seed_101.mp4,,2.40,3.00,1.00,2.67,1.50,1.50,1.63,2.39,1.63,2.39,1.98,complete,rater_5; rater_9; rater_8,,3
V0212,egg_sauce_container,grok_imagine_video_1_5,303,ai,A2,,"Egg stored inside the closed container beside the sauces, with the sauce bottles and pepper bottle standing upright.",grok_imagine_video_1_5,303,ai,grok_imagine_video_1_5.seed_303.mp4,,1.43,1.00,1.29,1.60,,,1.36,1.30,1.36,1.30,1.33,partial,rater_9; rater_7; rater_1,,3
V0213,egg_sauce_container,human_wrong,3,human_wrong,A2,,"Egg stored inside the closed container beside the sauces, with the sauce bottles and pepper bottle standing upright.",,3,human_wrong,wrong_3.mp4,,2.86,4.00,,,,,2.86,4.00,2.86,4.00,3.38,partial,rater_7; rater_2; rater_1,,3
V0214,egg_sauce_container,kling_v3_pro,303,ai,A2,,"Egg stored inside the closed container beside the sauces, with the sauce bottles and pepper bottle standing upright.",kling_v3_pro,303,ai,kling_v3_pro.seed_303.mp4,,0.86,4.00,0.86,4.00,,,0.86,4.00,0.86,4.00,1.85,partial,rater_9; rater_7; rater_1,,3
V0215,egg_sauce_container,grok_imagine_video_1_5,101,ai,A2,,"Egg stored inside the closed container beside the sauces, with the sauce bottles and pepper bottle standing upright.",grok_imagine_video_1_5,101,ai,grok_imagine_video_1_5.seed_101.mp4,,,,,,,,,,,,,empty,rater_2; rater_8; rater_1,,3
V0216,egg_sauce_container,cosmos_3,303,ai,A2,,"Egg stored inside the closed container beside the sauces, with the sauce bottles and pepper bottle standing upright.",cosmos_3,303,ai,cosmos_3__seed_303.mp4,,0.40,0.00,0.00,,0.00,0.00,0.13,0.00,0.13,0.00,0.00,partial,rater_5; rater_7; rater_8,,3
V0217,handcuffs_stethoscope,cosmos_3,303,ai,A2,,"Handcuffs and stethoscope stored inside the tote bag, with the tote bag placed inside the closed top drawer of the desktop storage and the belt positioned on top of the storage.",cosmos_3,303,ai,cosmos_3__seed_303.mp4,,,,,,0.40,0.40,0.40,0.40,0.40,0.40,0.40,partial,rater_5; rater_2; rater_8,,3
V0218,handcuffs_stethoscope,human_wrong,2,human_wrong,A2,,"Handcuffs and stethoscope stored inside the tote bag, with the tote bag placed inside the closed top drawer of the desktop storage and the belt positioned on top of the storage.",,2,human_wrong,wrong_2.MOV,,,,1.00,4.00,,,1.00,4.00,1.00,4.00,2.00,partial,rater_5; rater_7; rater_1,,3
V0219,handcuffs_stethoscope,wan_2_7,202,ai,A2,,"Handcuffs and stethoscope stored inside the tote bag, with the tote bag placed inside the closed top drawer of the desktop storage and the belt positioned on top of the storage.",wan_2_7,202,ai,wan_2_7.seed_202.mp4,,1.80,1.60,,,,,1.80,1.60,1.80,1.60,1.70,partial,rater_7; rater_2; rater_1,,3
V0220,handcuffs_stethoscope,wan_2_7,101,ai,A2,,"Handcuffs and stethoscope stored inside the tote bag, with the tote bag placed inside the closed top drawer of the desktop storage and the belt positioned on top of the storage.",wan_2_7,101,ai,wan_2_7.seed_101.mp4,,,,,,,,,,,,,empty,rater_9; rater_2; rater_1,,3
V0221,handcuffs_stethoscope,seedance_2_0,303,ai,A2,,"Handcuffs and stethoscope stored inside the tote bag, with the tote bag placed inside the closed top drawer of the desktop storage and the belt positioned on top of the storage.",seedance_2_0,303,ai,seedance_2_0.seed_303.mp4,,,,1.60,2.40,,,1.60,2.40,1.60,2.40,1.96,partial,rater_9; rater_7; rater_1,,3
V0222,handcuffs_stethoscope,cosmos_3,202,ai,A2,,"Handcuffs and stethoscope stored inside the tote bag, with the tote bag placed inside the closed top drawer of the desktop storage and the belt positioned on top of the storage.",cosmos_3,202,ai,cosmos_3__seed_202.mp4,,,,0.40,0.00,,,0.40,0.00,0.40,0.00,0.00,partial,rater_5; rater_7; rater_1,,3
V0223,handcuffs_stethoscope,human_wrong,1,human_wrong,A2,,"Handcuffs and stethoscope stored inside the tote bag, with the tote bag placed inside the closed top drawer of the desktop storage and the belt positioned on top of the storage.",,1,human_wrong,wrong_1.MOV,,2.67,4.00,,3.20,,,2.67,3.60,2.67,3.60,3.10,partial,rater_7; rater_8; rater_1,,3
V0224,handcuffs_stethoscope,grok_imagine_video_1_5,202,ai,A2,,"Handcuffs and stethoscope stored inside the tote bag, with the tote bag placed inside the closed top drawer of the desktop storage and the belt positioned on top of the storage.",grok_imagine_video_1_5,202,ai,grok_imagine_video_1_5.seed_202.mp4,,,,,,1.80,1.80,1.80,1.80,1.80,1.80,1.80,partial,rater_9; rater_2; rater_8,,3
V0225,handcuffs_stethoscope,grok_imagine_video_1_5,303,ai,A2,,"Handcuffs and stethoscope stored inside the tote bag, with the tote bag placed inside the closed top drawer of the desktop storage and the belt positioned on top of the storage.",grok_imagine_video_1_5,303,ai,grok_imagine_video_1_5.seed_303.mp4,,,,,,1.83,1.20,1.83,1.20,1.83,1.20,1.48,partial,rater_5; rater_9; rater_2,,3
V0226,handcuffs_stethoscope,cosmos_3,101,ai,A2,,"Handcuffs and stethoscope stored inside the tote bag, with the tote bag placed inside the closed top drawer of the desktop storage and the belt positioned on top of the storage.",cosmos_3,101,ai,cosmos_3__seed_101.mp4,,,,,,,,,,,,,empty,rater_5; rater_2; rater_1,,3
V0227,handcuffs_stethoscope,kling_v3_pro,202,ai,A2,,"Handcuffs and stethoscope stored inside the tote bag, with the tote bag placed inside the closed top drawer of the desktop storage and the belt positioned on top of the storage.",kling_v3_pro,202,ai,kling_v3_pro.seed_202.mp4,,,,,,,,,,,,,empty,rater_5; rater_2; rater_1,,3
V0228,handcuffs_stethoscope,seedance_2_0,202,ai,A2,,"Handcuffs and stethoscope stored inside the tote bag, with the tote bag placed inside the closed top drawer of the desktop storage and the belt positioned on top of the storage.",seedance_2_0,202,ai,seedance_2_0.seed_202.mp4,,,,1.00,0.80,,,1.00,0.80,1.00,0.80,0.89,partial,rater_9; rater_8; rater_1,,3
V0229,handcuffs_stethoscope,kling_v3_pro,303,ai,A2,,"Handcuffs and stethoscope stored inside the tote bag, with the tote bag placed inside the closed top drawer of the desktop storage and the belt positioned on top of the storage.",kling_v3_pro,303,ai,kling_v3_pro.seed_303.mp4,,,,2.00,3.00,1.80,2.40,1.90,2.70,1.90,2.70,2.26,partial,rater_9; rater_7; rater_8,,3
V0230,handcuffs_stethoscope,seedance_2_0,101,ai,A2,,"Handcuffs and stethoscope stored inside the tote bag, with the tote bag placed inside the closed top drawer of the desktop storage and the belt positioned on top of the storage.",seedance_2_0,101,ai,seedance_2_0.seed_101.mp4,,,,,,1.80,2.20,1.80,2.20,1.80,2.20,1.99,partial,rater_9; rater_2; rater_8,,3
V0231,handcuffs_stethoscope,wan_2_7,303,ai,A2,,"Handcuffs and stethoscope stored inside the tote bag, with the tote bag placed inside the closed top drawer of the desktop storage and the belt positioned on top of the storage.",wan_2_7,303,ai,wan_2_7.seed_303.mp4,,,,,,1.60,1.00,1.60,1.00,1.60,1.00,1.26,partial,rater_5; rater_9; rater_7,,3
V0232,handcuffs_stethoscope,human_wrong,3,human_wrong,A2,,"Handcuffs and stethoscope stored inside the tote bag, with the tote bag placed inside the closed top drawer of the desktop storage and the belt positioned on top of the storage.",,3,human_wrong,wrong_3.MOV,,,,1.50,4.00,1.00,1.00,1.25,2.50,1.25,2.50,1.77,partial,rater_5; rater_7; rater_8,,3
V0233,handcuffs_stethoscope,grok_imagine_video_1_5,101,ai,A2,,"Handcuffs and stethoscope stored inside the tote bag, with the tote bag placed inside the closed top drawer of the desktop storage and the belt positioned on top of the storage.",grok_imagine_video_1_5,101,ai,grok_imagine_video_1_5.seed_101.mp4,,,,,,1.00,0.60,1.00,0.60,1.00,0.60,0.77,partial,rater_9; rater_2; rater_8,,3
V0234,handcuffs_stethoscope,kling_v3_pro,101,ai,A2,,"Handcuffs and stethoscope stored inside the tote bag, with the tote bag placed inside the closed top drawer of the desktop storage and the belt positioned on top of the storage.",kling_v3_pro,101,ai,kling_v3_pro.seed_101.mp4,,,,2.60,3.20,1.20,1.00,1.90,2.10,1.90,2.10,2.00,partial,rater_5; rater_7; rater_8,,3
V0235,kendama_can,human_wrong,3,human_wrong,A4,,"Kendama ball properly attached to the standing kendama stick that was originally laid down, with the yellow can stacked on top of the other can.",,3,human_wrong,wrong_3.mp4,,1.33,4.00,,,,,1.33,4.00,1.33,4.00,2.31,partial,rater_7; rater_8; rater_1,,3
V0236,kendama_can,kling_v3_pro,101,ai,A4,,"Kendama ball properly attached to the standing kendama stick that was originally laid down, with the yellow can stacked on top of the other can.",kling_v3_pro,101,ai,kling_v3_pro.seed_101.mp4,,2.67,2.67,1.67,0.00,,,2.17,1.33,2.17,1.33,1.70,partial,rater_5; rater_2; rater_8,,3
V0237,kendama_can,wan_2_7,101,ai,A4,,"Kendama ball properly attached to the standing kendama stick that was originally laid down, with the yellow can stacked on top of the other can.",wan_2_7,101,ai,wan_2_7.seed_101.mp4,,1.00,0.00,,,,,1.00,0.00,1.00,0.00,0.00,partial,rater_7; rater_8; rater_1,,3
V0238,kendama_can,grok_imagine_video_1_5,303,ai,A4,,"Kendama ball properly attached to the standing kendama stick that was originally laid down, with the yellow can stacked on top of the other can.",grok_imagine_video_1_5,303,ai,grok_imagine_video_1_5.seed_303.mp4,,2.33,2.67,2.33,2.00,,,2.33,2.33,2.33,2.33,2.33,partial,rater_9; rater_7; rater_8,,3
V0239,kendama_can,wan_2_7,202,ai,A4,,"Kendama ball properly attached to the standing kendama stick that was originally laid down, with the yellow can stacked on top of the other can.",wan_2_7,202,ai,wan_2_7.seed_202.mp4,,1.67,0.00,,,,,1.67,0.00,1.67,0.00,0.00,partial,rater_9; rater_8; rater_1,,3
V0240,kendama_can,kling_v3_pro,303,ai,A4,,"Kendama ball properly attached to the standing kendama stick that was originally laid down, with the yellow can stacked on top of the other can.",kling_v3_pro,303,ai,kling_v3_pro.seed_303.mp4,,1.00,1.67,1.67,2.67,,,1.33,2.17,1.33,2.17,1.70,partial,rater_5; rater_9; rater_1,,3
V0241,kendama_can,cosmos_3,303,ai,A4,,"Kendama ball properly attached to the standing kendama stick that was originally laid down, with the yellow can stacked on top of the other can.",cosmos_3,303,ai,cosmos_3__seed_303.mp4,,0.00,,0.00,0.00,,,0.00,0.00,0.00,0.00,0.00,partial,rater_9; rater_7; rater_1,,3
V0242,kendama_can,seedance_2_0,303,ai,A4,,"Kendama ball properly attached to the standing kendama stick that was originally laid down, with the yellow can stacked on top of the other can.",seedance_2_0,303,ai,seedance_2_0.seed_303.mp4,,2.00,1.33,1.33,1.00,,,1.67,1.17,1.67,1.17,1.39,partial,rater_7; rater_2; rater_1,,3
V0243,kendama_can,grok_imagine_video_1_5,101,ai,A4,,"Kendama ball properly attached to the standing kendama stick that was originally laid down, with the yellow can stacked on top of the other can.",grok_imagine_video_1_5,101,ai,grok_imagine_video_1_5.seed_101.mp4,,2.67,2.67,2.00,1.00,,,2.33,1.83,2.33,1.83,2.07,partial,rater_7; rater_2; rater_8,,3
V0244,kendama_can,human_wrong,1,human_wrong,A4,,"Kendama ball properly attached to the standing kendama stick that was originally laid down, with the yellow can stacked on top of the other can.",,1,human_wrong,wrong_1.mp4,,2.67,4.00,2.00,4.00,,4.00,2.33,4.00,2.33,4.00,3.06,partial,rater_5; rater_9; rater_2,,3
V0245,kendama_can,seedance_2_0,202,ai,A4,,"Kendama ball properly attached to the standing kendama stick that was originally laid down, with the yellow can stacked on top of the other can.",seedance_2_0,202,ai,seedance_2_0.seed_202.mp4,,2.67,2.67,1.67,1.33,1.67,1.33,2.00,1.78,2.00,1.78,1.89,complete,rater_5; rater_7; rater_2,,3
V0246,kendama_can,wan_2_7,303,ai,A4,,"Kendama ball properly attached to the standing kendama stick that was originally laid down, with the yellow can stacked on top of the other can.",wan_2_7,303,ai,wan_2_7.seed_303.mp4,,0.67,0.00,1.00,1.50,,,0.83,0.75,0.83,0.75,0.79,partial,rater_9; rater_2; rater_1,,3
V0247,kendama_can,cosmos_3,202,ai,A4,,"Kendama ball properly attached to the standing kendama stick that was originally laid down, with the yellow can stacked on top of the other can.",cosmos_3,202,ai,cosmos_3__seed_202.mp4,,,,0.00,,,,0.00,,0.00,,,partial,rater_5; rater_2; rater_1,,3
V0248,kendama_can,kling_v3_pro,202,ai,A4,,"Kendama ball properly attached to the standing kendama stick that was originally laid down, with the yellow can stacked on top of the other can.",kling_v3_pro,202,ai,kling_v3_pro.seed_202.mp4,,2.67,4.00,1.00,1.33,1.67,4.00,1.78,3.11,1.78,3.11,2.35,complete,rater_5; rater_7; rater_2,,3
V0249,kendama_can,seedance_2_0,101,ai,A4,,"Kendama ball properly attached to the standing kendama stick that was originally laid down, with the yellow can stacked on top of the other can.",seedance_2_0,101,ai,seedance_2_0.seed_101.mp4,,2.00,2.67,2.67,2.00,1.67,1.67,2.11,2.11,2.11,2.11,2.11,complete,rater_5; rater_9; rater_2,,3
V0250,kendama_can,cosmos_3,101,ai,A4,,"Kendama ball properly attached to the standing kendama stick that was originally laid down, with the yellow can stacked on top of the other can.",cosmos_3,101,ai,cosmos_3__seed_101.mp4,,0.00,0.00,,,,,0.00,0.00,0.00,0.00,0.00,partial,rater_7; rater_8; rater_1,,3
V0251,kendama_can,grok_imagine_video_1_5,202,ai,A4,,"Kendama ball properly attached to the standing kendama stick that was originally laid down, with the yellow can stacked on top of the other can.",grok_imagine_video_1_5,202,ai,grok_imagine_video_1_5.seed_202.mp4,,2.67,0.33,3.00,1.33,,,2.83,0.83,2.83,0.83,1.54,partial,rater_5; rater_9; rater_8,,3
V0252,kendama_can,human_wrong,2,human_wrong,A4,,"Kendama ball properly attached to the standing kendama stick that was originally laid down, with the yellow can stacked on top of the other can.",,2,human_wrong,wrong_2.mp4,,2.33,4.00,2.33,4.00,,,2.33,4.00,2.33,4.00,3.06,partial,rater_5; rater_9; rater_8,,3
V0253,key_lanyard,seedance_2_0,202,ai,A2,,"Lanyard and toy car inside the jar, with the detached key from the lanyard inside the trash can.",seedance_2_0,202,ai,seedance_2_0.seed_202.mp4,,1.00,2.00,3.00,1.60,3.00,2.40,2.33,2.00,2.33,2.00,2.16,complete,rater_5; rater_9; rater_7,,3
V0254,key_lanyard,kling_v3_pro,303,ai,A2,,"Lanyard and toy car inside the jar, with the detached key from the lanyard inside the trash can.",kling_v3_pro,303,ai,kling_v3_pro.seed_303.mp4,,1.80,1.33,2.60,2.40,,,2.20,1.87,2.20,1.87,2.03,partial,rater_5; rater_7; rater_8,,3
V0255,key_lanyard,grok_imagine_video_1_5,303,ai,A2,,"Lanyard and toy car inside the jar, with the detached key from the lanyard inside the trash can.",grok_imagine_video_1_5,303,ai,grok_imagine_video_1_5.seed_303.mp4,,1.80,3.00,2.40,0.80,,,2.10,1.90,2.10,1.90,2.00,partial,rater_5; rater_2; rater_1,,3
V0256,key_lanyard,wan_2_7,303,ai,A2,,"Lanyard and toy car inside the jar, with the detached key from the lanyard inside the trash can.",wan_2_7,303,ai,wan_2_7.seed_303.mp4,,1.80,2.00,1.60,1.00,,,1.70,1.50,1.70,1.50,1.60,partial,rater_9; rater_2; rater_1,,3
V0257,key_lanyard,wan_2_7,101,ai,A2,,"Lanyard and toy car inside the jar, with the detached key from the lanyard inside the trash can.",wan_2_7,101,ai,wan_2_7.seed_101.mp4,,1.60,0.33,1.40,3.00,,,1.50,1.67,1.50,1.67,1.58,partial,rater_9; rater_7; rater_1,,3
V0258,key_lanyard,kling_v3_pro,101,ai,A2,,"Lanyard and toy car inside the jar, with the detached key from the lanyard inside the trash can.",kling_v3_pro,101,ai,kling_v3_pro.seed_101.mp4,,1.00,2.80,1.00,2.40,,,1.00,2.60,1.00,2.60,1.61,partial,rater_5; rater_9; rater_8,,3
V0259,key_lanyard,seedance_2_0,303,ai,A2,,"Lanyard and toy car inside the jar, with the detached key from the lanyard inside the trash can.",seedance_2_0,303,ai,seedance_2_0.seed_303.mp4,,2.40,3.00,1.00,2.50,,,1.70,2.75,1.70,2.75,2.16,partial,rater_5; rater_2; rater_1,,3
V0260,key_lanyard,seedance_2_0,101,ai,A2,,"Lanyard and toy car inside the jar, with the detached key from the lanyard inside the trash can.",seedance_2_0,101,ai,seedance_2_0.seed_101.mp4,,1.00,3.00,1.00,2.00,,,1.00,2.50,1.00,2.50,1.58,partial,rater_5; rater_9; rater_8,,3
V0261,key_lanyard,human_wrong,2,human_wrong,A2,,"Lanyard and toy car inside the jar, with the detached key from the lanyard inside the trash can.",,2,human_wrong,wrong_2.mp4,,2.40,4.00,1.00,3.00,,,1.70,3.50,1.70,3.50,2.44,partial,rater_7; rater_2; rater_1,,3
V0262,key_lanyard,grok_imagine_video_1_5,101,ai,A2,,"Lanyard and toy car inside the jar, with the detached key from the lanyard inside the trash can.",grok_imagine_video_1_5,101,ai,grok_imagine_video_1_5.seed_101.mp4,,3.00,1.80,2.20,2.60,,,2.60,2.20,2.60,2.20,2.39,partial,rater_9; rater_7; rater_8,,3
V0263,key_lanyard,cosmos_3,101,ai,A2,,"Lanyard and toy car inside the jar, with the detached key from the lanyard inside the trash can.",cosmos_3,101,ai,cosmos_3__seed_101.mp4,,0.60,0.00,0.00,0.00,,,0.30,0.00,0.30,0.00,0.00,partial,rater_2; rater_8; rater_1,,3
V0264,key_lanyard,wan_2_7,202,ai,A2,,"Lanyard and toy car inside the jar, with the detached key from the lanyard inside the trash can.",wan_2_7,202,ai,wan_2_7.seed_202.mp4,,1.00,1.50,1.60,1.00,0.60,0.60,1.07,1.03,1.07,1.03,1.05,complete,rater_5; rater_9; rater_8,,3
V0265,key_lanyard,human_wrong,1,human_wrong,A2,,"Lanyard and toy car inside the jar, with the detached key from the lanyard inside the trash can.",,1,human_wrong,wrong_1.mp4,,2.00,4.00,1.00,3.00,,,1.50,3.50,1.50,3.50,2.29,partial,rater_7; rater_2; rater_1,,3
V0266,key_lanyard,kling_v3_pro,202,ai,A2,,"Lanyard and toy car inside the jar, with the detached key from the lanyard inside the trash can.",kling_v3_pro,202,ai,kling_v3_pro.seed_202.mp4,,2.80,2.00,,,,,2.80,2.00,2.80,2.00,2.37,partial,rater_2; rater_8; rater_1,,3
V0267,key_lanyard,cosmos_3,303,ai,A2,,"Lanyard and toy car inside the jar, with the detached key from the lanyard inside the trash can.",cosmos_3,303,ai,cosmos_3__seed_303.mp4,,0.40,0.00,0.40,0.00,0.20,0.00,0.33,0.00,0.33,0.00,0.00,complete,rater_5; rater_7; rater_2,,3
V0268,key_lanyard,human_wrong,3,human_wrong,A2,,"Lanyard and toy car inside the jar, with the detached key from the lanyard inside the trash can.",,3,human_wrong,wrong_3.mp4,,1.20,4.00,1.40,4.00,,,1.30,4.00,1.30,4.00,2.28,partial,rater_9; rater_7; rater_1,,3
V0269,key_lanyard,cosmos_3,202,ai,A2,,"Lanyard and toy car inside the jar, with the detached key from the lanyard inside the trash can.",cosmos_3,202,ai,cosmos_3__seed_202.mp4,,0.40,0.00,0.20,0.00,0.40,0.00,0.33,0.00,0.33,0.00,0.00,complete,rater_5; rater_9; rater_8,,3
V0270,key_lanyard,grok_imagine_video_1_5,202,ai,A2,,"Lanyard and toy car inside the jar, with the detached key from the lanyard inside the trash can.",grok_imagine_video_1_5,202,ai,grok_imagine_video_1_5.seed_202.mp4,,1.00,1.75,1.80,1.25,,,1.40,1.50,1.40,1.50,1.45,partial,rater_7; rater_2; rater_8,,3
V0271,laptop_open,grok_imagine_video_1_5,202,ai,A3,,"Laptop lid open, with the key and pen placed together on the left side of the laptop.",grok_imagine_video_1_5,202,ai,grok_imagine_video_1_5.seed_202.mp4,,2.00,2.67,2.00,3.33,1.67,3.33,1.89,3.11,1.89,3.11,2.42,complete,rater_5; rater_7; rater_1,,3
V0272,laptop_open,human_wrong,2,human_wrong,A3,,"Laptop lid open, with the key and pen placed together on the left side of the laptop.",,2,human_wrong,wrong_2.mp4,,2.33,4.00,1.80,4.00,,,2.07,4.00,2.07,4.00,2.88,partial,rater_5; rater_9; rater_2,,3
V0273,laptop_open,kling_v3_pro,101,ai,A3,,"Laptop lid open, with the key and pen placed together on the left side of the laptop.",kling_v3_pro,101,ai,kling_v3_pro.seed_101.mp4,,1.67,0.00,,,1.00,0.00,1.33,0.00,1.33,0.00,0.00,partial,rater_5; rater_2; rater_1,,3
V0274,laptop_open,human_wrong,3,human_wrong,A3,,"Laptop lid open, with the key and pen placed together on the left side of the laptop.",,3,human_wrong,wrong_3.mp4,,,,,,1.00,4.00,1.00,4.00,1.00,4.00,2.00,partial,rater_9; rater_2; rater_1,,3
V0275,laptop_open,wan_2_7,303,ai,A3,,"Laptop lid open, with the key and pen placed together on the left side of the laptop.",wan_2_7,303,ai,wan_2_7.seed_303.mp4,,1.67,1.33,1.67,0.00,,,1.67,0.67,1.67,0.67,1.05,partial,rater_5; rater_7; rater_2,,3
V0276,laptop_open,human_wrong,1,human_wrong,A3,,"Laptop lid open, with the key and pen placed together on the left side of the laptop.",,1,human_wrong,wrong_1.mp4,,,,,,,,,,,,,empty,rater_9; rater_2; rater_8,,3
V0277,laptop_open,grok_imagine_video_1_5,303,ai,A3,,"Laptop lid open, with the key and pen placed together on the left side of the laptop.",grok_imagine_video_1_5,303,ai,grok_imagine_video_1_5.seed_303.mp4,,,,1.00,0.00,,,1.00,0.00,1.00,0.00,0.00,partial,rater_9; rater_7; rater_8,,3
V0278,laptop_open,kling_v3_pro,202,ai,A3,,"Laptop lid open, with the key and pen placed together on the left side of the laptop.",kling_v3_pro,202,ai,kling_v3_pro.seed_202.mp4,,3.00,4.00,,,,,3.00,4.00,3.00,4.00,3.46,partial,rater_5; rater_2; rater_8,,3
V0279,laptop_open,cosmos_3,303,ai,A3,,"Laptop lid open, with the key and pen placed together on the left side of the laptop.",cosmos_3,303,ai,cosmos_3__seed_303.mp4,,1.33,0.00,,,,,1.33,0.00,1.33,0.00,0.00,partial,rater_7; rater_2; rater_8,,3
V0280,laptop_open,wan_2_7,101,ai,A3,,"Laptop lid open, with the key and pen placed together on the left side of the laptop.",wan_2_7,101,ai,wan_2_7.seed_101.mp4,,1.00,2.67,1.00,1.33,1.00,2.67,1.00,2.22,1.00,2.22,1.49,complete,rater_5; rater_7; rater_1,,3
V0281,laptop_open,kling_v3_pro,303,ai,A3,,"Laptop lid open, with the key and pen placed together on the left side of the laptop.",kling_v3_pro,303,ai,kling_v3_pro.seed_303.mp4,,1.00,3.00,1.00,1.33,,,1.00,2.17,1.00,2.17,1.47,partial,rater_5; rater_7; rater_8,,3
V0282,laptop_open,seedance_2_0,202,ai,A3,,"Laptop lid open, with the key and pen placed together on the left side of the laptop.",seedance_2_0,202,ai,seedance_2_0.seed_202.mp4,,,,,,3.00,2.33,3.00,2.33,3.00,2.33,2.65,partial,rater_9; rater_8; rater_1,,3
V0283,laptop_open,cosmos_3,202,ai,A3,,"Laptop lid open, with the key and pen placed together on the left side of the laptop.",cosmos_3,202,ai,cosmos_3__seed_202.mp4,,,,1.33,0.00,1.00,0.00,1.17,0.00,1.17,0.00,0.00,partial,rater_9; rater_7; rater_1,,3
V0284,laptop_open,seedance_2_0,303,ai,A3,,"Laptop lid open, with the key and pen placed together on the left side of the laptop.",seedance_2_0,303,ai,seedance_2_0.seed_303.mp4,,1.00,0.00,1.00,1.33,1.00,0.00,1.00,0.44,1.00,0.44,0.67,complete,rater_5; rater_7; rater_1,,3
V0285,laptop_open,wan_2_7,202,ai,A3,,"Laptop lid open, with the key and pen placed together on the left side of the laptop.",wan_2_7,202,ai,wan_2_7.seed_202.mp4,,1.67,0.00,0.80,3.00,,,1.23,1.50,1.23,1.50,1.36,partial,rater_5; rater_9; rater_2,,3
V0286,laptop_open,cosmos_3,101,ai,A3,,"Laptop lid open, with the key and pen placed together on the left side of the laptop.",cosmos_3,101,ai,cosmos_3__seed_101.mp4,,,,,,1.00,0.00,1.00,0.00,1.00,0.00,0.00,partial,rater_2; rater_8; rater_1,,3
V0287,laptop_open,grok_imagine_video_1_5,101,ai,A3,,"Laptop lid open, with the key and pen placed together on the left side of the laptop.",grok_imagine_video_1_5,101,ai,grok_imagine_video_1_5.seed_101.mp4,,,,1.00,1.33,,,1.00,1.33,1.00,1.33,1.15,partial,rater_9; rater_7; rater_8,,3
V0288,laptop_open,seedance_2_0,101,ai,A3,,"Laptop lid open, with the key and pen placed together on the left side of the laptop.",seedance_2_0,101,ai,seedance_2_0.seed_101.mp4,,,,,,2.67,3.33,2.67,3.33,2.67,3.33,2.98,partial,rater_9; rater_8; rater_1,,3
V0289,line_marker_calculator,kling_v3_pro,202,ai,A7,,"A vertical line drawn with a marker in the middle of the paper, with the pen and capped/closed marker on the left side of the line and the calculator on the right side of it.",kling_v3_pro,202,ai,kling_v3_pro.seed_202.mp4,,,,,,1.00,3.17,1.00,3.17,1.00,3.17,1.78,partial,rater_9; rater_8; rater_1,,3
V0290,line_marker_calculator,human_wrong,1,human_wrong,A7,,"A vertical line drawn with a marker in the middle of the paper, with the pen and capped/closed marker on the left side of the line and the calculator on the right side of it.",,1,human_wrong,wrong_1.MOV,,2.80,4.00,,,,,2.80,4.00,2.80,4.00,3.35,partial,rater_5; rater_7; rater_1,,3
V0291,line_marker_calculator,grok_imagine_video_1_5,202,ai,A7,,"A vertical line drawn with a marker in the middle of the paper, with the pen and capped/closed marker on the left side of the line and the calculator on the right side of it.",grok_imagine_video_1_5,202,ai,grok_imagine_video_1_5.seed_202.mp4,,1.50,2.75,,,,,1.50,2.75,1.50,2.75,2.03,partial,rater_5; rater_9; rater_1,,3
V0292,line_marker_calculator,wan_2_7,303,ai,A7,,"A vertical line drawn with a marker in the middle of the paper, with the pen and capped/closed marker on the left side of the line and the calculator on the right side of it.",wan_2_7,303,ai,wan_2_7.seed_303.mp4,,1.83,3.00,1.60,1.67,,,1.72,2.33,1.72,2.33,2.00,partial,rater_5; rater_7; rater_8,,3
V0293,line_marker_calculator,grok_imagine_video_1_5,303,ai,A7,,"A vertical line drawn with a marker in the middle of the paper, with the pen and capped/closed marker on the left side of the line and the calculator on the right side of it.",grok_imagine_video_1_5,303,ai,grok_imagine_video_1_5.seed_303.mp4,,1.50,4.00,1.00,1.33,,,1.25,2.67,1.25,2.67,1.83,partial,rater_5; rater_7; rater_2,,3
V0294,line_marker_calculator,kling_v3_pro,101,ai,A7,,"A vertical line drawn with a marker in the middle of the paper, with the pen and capped/closed marker on the left side of the line and the calculator on the right side of it.",kling_v3_pro,101,ai,kling_v3_pro.seed_101.mp4,,2.40,2.50,1.80,2.67,,,2.10,2.58,2.10,2.58,2.33,partial,rater_5; rater_7; rater_1,,3
V0295,line_marker_calculator,cosmos_3,303,ai,A7,,"A vertical line drawn with a marker in the middle of the paper, with the pen and capped/closed marker on the left side of the line and the calculator on the right side of it.",cosmos_3,303,ai,cosmos_3__seed_303.mp4,,0.14,0.00,0.20,0.00,0.17,0.00,0.17,0.00,0.17,0.00,0.00,complete,rater_5; rater_7; rater_2,,3
V0296,line_marker_calculator,wan_2_7,202,ai,A7,,"A vertical line drawn with a marker in the middle of the paper, with the pen and capped/closed marker on the left side of the line and the calculator on the right side of it.",wan_2_7,202,ai,wan_2_7.seed_202.mp4,,,,0.60,0.00,1.83,1.00,1.22,0.50,1.22,0.50,0.78,partial,rater_9; rater_7; rater_2,,3
V0297,line_marker_calculator,human_wrong,3,human_wrong,A7,,"A vertical line drawn with a marker in the middle of the paper, with the pen and capped/closed marker on the left side of the line and the calculator on the right side of it.",,3,human_wrong,wrong_3.MOV,,,,2.40,4.00,2.33,4.00,2.37,4.00,2.37,4.00,3.08,partial,rater_9; rater_7; rater_2,,3
V0298,line_marker_calculator,kling_v3_pro,303,ai,A7,,"A vertical line drawn with a marker in the middle of the paper, with the pen and capped/closed marker on the left side of the line and the calculator on the right side of it.",kling_v3_pro,303,ai,kling_v3_pro.seed_303.mp4,,,,,,1.80,2.80,1.80,2.80,1.80,2.80,2.24,partial,rater_2; rater_8; rater_1,,3
V0299,line_marker_calculator,seedance_2_0,101,ai,A7,,"A vertical line drawn with a marker in the middle of the paper, with the pen and capped/closed marker on the left side of the line and the calculator on the right side of it.",seedance_2_0,101,ai,seedance_2_0.seed_101.mp4,,1.00,3.20,0.13,0.13,,,0.56,1.66,0.56,1.66,0.97,partial,rater_5; rater_8; rater_1,,3
V0300,line_marker_calculator,seedance_2_0,202,ai,A7,,"A vertical line drawn with a marker in the middle of the paper, with the pen and capped/closed marker on the left side of the line and the calculator on the right side of it.",seedance_2_0,202,ai,seedance_2_0.seed_202.mp4,,2.33,3.20,0.63,0.63,,,1.48,1.91,1.48,1.91,1.68,partial,rater_5; rater_8; rater_1,,3
V0301,line_marker_calculator,cosmos_3,101,ai,A7,,"A vertical line drawn with a marker in the middle of the paper, with the pen and capped/closed marker on the left side of the line and the calculator on the right side of it.",cosmos_3,101,ai,cosmos_3__seed_101.mp4,,,,,,,,,,,,,empty,rater_9; rater_2; rater_1,,3
V0302,line_marker_calculator,human_wrong,2,human_wrong,A7,,"A vertical line drawn with a marker in the middle of the paper, with the pen and capped/closed marker on the left side of the line and the calculator on the right side of it.",,2,human_wrong,wrong_2.MOV,,1.83,4.00,,,,,1.83,4.00,1.83,4.00,2.71,partial,rater_5; rater_9; rater_8,,3
V0303,line_marker_calculator,cosmos_3,202,ai,A7,,"A vertical line drawn with a marker in the middle of the paper, with the pen and capped/closed marker on the left side of the line and the calculator on the right side of it.",cosmos_3,202,ai,cosmos_3__seed_202.mp4,,0.40,0.00,0.17,0.00,0.13,0.13,0.23,0.04,0.23,0.04,0.10,complete,rater_7; rater_2; rater_8,,3
V0304,line_marker_calculator,seedance_2_0,303,ai,A7,,"A vertical line drawn with a marker in the middle of the paper, with the pen and capped/closed marker on the left side of the line and the calculator on the right side of it.",seedance_2_0,303,ai,seedance_2_0.seed_303.mp4,,,,,,,,,,,,,empty,rater_9; rater_8; rater_1,,3
V0305,line_marker_calculator,wan_2_7,101,ai,A7,,"A vertical line drawn with a marker in the middle of the paper, with the pen and capped/closed marker on the left side of the line and the calculator on the right side of it.",wan_2_7,101,ai,wan_2_7.seed_101.mp4,,,,1.20,0.00,,,1.20,0.00,1.20,0.00,0.00,partial,rater_9; rater_7; rater_2,,3
V0306,line_marker_calculator,grok_imagine_video_1_5,101,ai,A7,,"A vertical line drawn with a marker in the middle of the paper, with the pen and capped/closed marker on the left side of the line and the calculator on the right side of it.",grok_imagine_video_1_5,101,ai,grok_imagine_video_1_5.seed_101.mp4,,,,1.00,1.50,,,1.00,1.50,1.00,1.50,1.22,partial,rater_9; rater_2; rater_8,,3
V0307,paper_binder_book,seedance_2_0,303,ai,A4,,"Blank loose-leaf paper attached to the ring binder, with the scissors inside the closed red book resting on top of the closed ring binder.",seedance_2_0,303,ai,seedance_2_0.seed_303.mp4,,,,,,1.00,3.33,1.00,3.33,1.00,3.33,1.83,partial,rater_2; rater_8; rater_1,,3
V0308,paper_binder_book,wan_2_7,303,ai,A4,,"Blank loose-leaf paper attached to the ring binder, with the scissors inside the closed red book resting on top of the closed ring binder.",wan_2_7,303,ai,wan_2_7.seed_303.mp4,,,,,,0.00,0.00,0.00,0.00,0.00,0.00,0.00,partial,rater_5; rater_9; rater_8,,3
V0309,paper_binder_book,seedance_2_0,202,ai,A4,,"Blank loose-leaf paper attached to the ring binder, with the scissors inside the closed red book resting on top of the closed ring binder.",seedance_2_0,202,ai,seedance_2_0.seed_202.mp4,,,,0.83,1.50,1.00,3.00,0.92,2.25,0.92,2.25,1.44,partial,rater_5; rater_8; rater_1,,3
V0310,paper_binder_book,kling_v3_pro,202,ai,A4,,"Blank loose-leaf paper attached to the ring binder, with the scissors inside the closed red book resting on top of the closed ring binder.",kling_v3_pro,202,ai,kling_v3_pro.seed_202.mp4,,,,,,1.13,2.67,1.13,2.67,1.13,2.67,1.73,partial,rater_5; rater_2; rater_1,,3
V0311,paper_binder_book,kling_v3_pro,303,ai,A4,,"Blank loose-leaf paper attached to the ring binder, with the scissors inside the closed red book resting on top of the closed ring binder.",kling_v3_pro,303,ai,kling_v3_pro.seed_303.mp4,,,,1.80,3.00,,,1.80,3.00,1.80,3.00,2.32,partial,rater_9; rater_7; rater_2,,3
V0312,paper_binder_book,wan_2_7,202,ai,A4,,"Blank loose-leaf paper attached to the ring binder, with the scissors inside the closed red book resting on top of the closed ring binder.",wan_2_7,202,ai,wan_2_7.seed_202.mp4,,2.75,1.50,1.80,1.75,,,2.28,1.63,2.28,1.63,1.92,partial,rater_5; rater_7; rater_2,,3
V0313,paper_binder_book,grok_imagine_video_1_5,303,ai,A4,,"Blank loose-leaf paper attached to the ring binder, with the scissors inside the closed red book resting on top of the closed ring binder.",grok_imagine_video_1_5,303,ai,grok_imagine_video_1_5.seed_303.mp4,,,,0.60,0.40,1.75,3.00,1.18,1.70,1.18,1.70,1.41,partial,rater_5; rater_8; rater_1,,3
V0314,paper_binder_book,human_wrong,1,human_wrong,A4,,"Blank loose-leaf paper attached to the ring binder, with the scissors inside the closed red book resting on top of the closed ring binder.",,1,human_wrong,wrong_1.mp4,,,,2.00,4.00,1.50,4.00,1.75,4.00,1.75,4.00,2.65,partial,rater_9; rater_7; rater_1,,3
V0315,paper_binder_book,wan_2_7,101,ai,A4,,"Blank loose-leaf paper attached to the ring binder, with the scissors inside the closed red book resting on top of the closed ring binder.",wan_2_7,101,ai,wan_2_7.seed_101.mp4,,,,1.00,1.00,1.38,3.00,1.19,2.00,1.19,2.00,1.54,partial,rater_9; rater_8; rater_1,,3
V0316,paper_binder_book,human_wrong,2,human_wrong,A4,,"Blank loose-leaf paper attached to the ring binder, with the scissors inside the closed red book resting on top of the closed ring binder.",,2,human_wrong,wrong_2.mp4,,,,,,,,,,,,,empty,rater_9; rater_2; rater_8,,3
V0317,paper_binder_book,grok_imagine_video_1_5,202,ai,A4,,"Blank loose-leaf paper attached to the ring binder, with the scissors inside the closed red book resting on top of the closed ring binder.",grok_imagine_video_1_5,202,ai,grok_imagine_video_1_5.seed_202.mp4,,1.00,3.00,1.00,0.00,1.13,2.00,1.04,1.67,1.04,1.67,1.32,complete,rater_5; rater_7; rater_1,,3
V0318,paper_binder_book,human_wrong,3,human_wrong,A4,,"Blank loose-leaf paper attached to the ring binder, with the scissors inside the closed red book resting on top of the closed ring binder.",,3,human_wrong,wrong_3.mp4,,,,,,1.00,4.00,1.00,4.00,1.00,4.00,2.00,partial,rater_5; rater_9; rater_7,,3
V0319,paper_binder_book,grok_imagine_video_1_5,101,ai,A4,,"Blank loose-leaf paper attached to the ring binder, with the scissors inside the closed red book resting on top of the closed ring binder.",grok_imagine_video_1_5,101,ai,grok_imagine_video_1_5.seed_101.mp4,,1.00,2.00,,,1.00,2.29,1.00,2.14,1.00,2.14,1.46,partial,rater_7; rater_2; rater_1,,3
V0320,paper_binder_book,cosmos_3,303,ai,A4,,"Blank loose-leaf paper attached to the ring binder, with the scissors inside the closed red book resting on top of the closed ring binder.",cosmos_3,303,ai,cosmos_3__seed_303.mp4,,,,,,0.38,2.00,0.38,2.00,0.38,2.00,0.87,partial,rater_2; rater_8; rater_1,,3
V0321,paper_binder_book,seedance_2_0,101,ai,A4,,"Blank loose-leaf paper attached to the ring binder, with the scissors inside the closed red book resting on top of the closed ring binder.",seedance_2_0,101,ai,seedance_2_0.seed_101.mp4,,1.00,3.00,2.80,2.80,,,1.90,2.90,1.90,2.90,2.35,partial,rater_5; rater_7; rater_2,,3
V0322,paper_binder_book,cosmos_3,202,ai,A4,,"Blank loose-leaf paper attached to the ring binder, with the scissors inside the closed red book resting on top of the closed ring binder.",cosmos_3,202,ai,cosmos_3__seed_202.mp4,,,,0.40,0.00,,,0.40,0.00,0.40,0.00,0.00,partial,rater_9; rater_7; rater_8,,3
V0323,paper_binder_book,kling_v3_pro,101,ai,A4,,"Blank loose-leaf paper attached to the ring binder, with the scissors inside the closed red book resting on top of the closed ring binder.",kling_v3_pro,101,ai,kling_v3_pro.seed_101.mp4,,,,,,,,,,,,,empty,rater_9; rater_2; rater_8,,3
V0324,paper_binder_book,cosmos_3,101,ai,A4,,"Blank loose-leaf paper attached to the ring binder, with the scissors inside the closed red book resting on top of the closed ring binder.",cosmos_3,101,ai,cosmos_3__seed_101.mp4,,0.50,0.50,,,0.20,0.00,0.35,0.25,0.35,0.25,0.30,partial,rater_5; rater_9; rater_7,,3
V0325,racket_backpack,kling_v3_pro,202,ai,A2,,"Tennis racket inside the front backpack compartment, with the tie and cap inside the main compartment.",kling_v3_pro,202,ai,kling_v3_pro.seed_202.mp4,,1.67,4.00,1.33,4.00,,,1.50,4.00,1.50,4.00,2.45,partial,rater_9; rater_7; rater_2,,3
V0326,racket_backpack,cosmos_3,202,ai,A2,,"Tennis racket inside the front backpack compartment, with the tie and cap inside the main compartment.",cosmos_3,202,ai,cosmos_3__seed_202.mp4,,0.00,,0.00,,0.00,,0.00,,0.00,,,partial,rater_5; rater_9; rater_7,,3
V0327,racket_backpack,cosmos_3,101,ai,A2,,"Tennis racket inside the front backpack compartment, with the tie and cap inside the main compartment.",cosmos_3,101,ai,cosmos_3__seed_101.mp4,,0.67,0.00,,,0.50,0.00,0.58,0.00,0.58,0.00,0.00,partial,rater_5; rater_8; rater_1,,3
V0328,racket_backpack,seedance_2_0,303,ai,A2,,"Tennis racket inside the front backpack compartment, with the tie and cap inside the main compartment.",seedance_2_0,303,ai,seedance_2_0.seed_303.mp4,,1.00,3.33,,,,,1.00,3.33,1.00,3.33,1.83,partial,rater_5; rater_9; rater_8,,3
V0329,racket_backpack,kling_v3_pro,303,ai,A2,,"Tennis racket inside the front backpack compartment, with the tie and cap inside the main compartment.",kling_v3_pro,303,ai,kling_v3_pro.seed_303.mp4,,2.67,2.00,,,1.75,3.00,2.21,2.50,2.21,2.50,2.35,partial,rater_7; rater_8; rater_1,,3
V0330,racket_backpack,cosmos_3,303,ai,A2,,"Tennis racket inside the front backpack compartment, with the tie and cap inside the main compartment.",cosmos_3,303,ai,cosmos_3__seed_303.mp4,,0.00,,,,0.50,2.00,0.25,2.00,0.25,2.00,0.71,partial,rater_5; rater_8; rater_1,,3
V0331,racket_backpack,grok_imagine_video_1_5,202,ai,A2,,"Tennis racket inside the front backpack compartment, with the tie and cap inside the main compartment.",grok_imagine_video_1_5,202,ai,grok_imagine_video_1_5.seed_202.mp4,,1.00,3.33,,,1.00,3.00,1.00,3.17,1.00,3.17,1.78,partial,rater_5; rater_2; rater_1,,3
V0332,racket_backpack,wan_2_7,303,ai,A2,,"Tennis racket inside the front backpack compartment, with the tie and cap inside the main compartment.",wan_2_7,303,ai,wan_2_7.seed_303.mp4,,,,1.50,2.67,1.50,2.67,1.50,2.67,1.50,2.67,2.00,partial,rater_9; rater_2; rater_1,,3
V0333,racket_backpack,wan_2_7,101,ai,A2,,"Tennis racket inside the front backpack compartment, with the tie and cap inside the main compartment.",wan_2_7,101,ai,wan_2_7.seed_101.mp4,,3.00,2.00,,,1.00,2.00,2.00,2.00,2.00,2.00,2.00,partial,rater_5; rater_2; rater_1,,3
V0334,racket_backpack,kling_v3_pro,101,ai,A2,,"Tennis racket inside the front backpack compartment, with the tie and cap inside the main compartment.",kling_v3_pro,101,ai,kling_v3_pro.seed_101.mp4,,1.33,2.00,,,1.75,2.00,1.54,2.00,1.54,2.00,1.76,partial,rater_7; rater_2; rater_1,,3
V0335,racket_backpack,wan_2_7,202,ai,A2,,"Tennis racket inside the front backpack compartment, with the tie and cap inside the main compartment.",wan_2_7,202,ai,wan_2_7.seed_202.mp4,,1.00,1.33,2.67,0.00,,,1.83,0.67,1.83,0.67,1.11,partial,rater_5; rater_7; rater_2,,3
V0336,racket_backpack,seedance_2_0,101,ai,A2,,"Tennis racket inside the front backpack compartment, with the tie and cap inside the main compartment.",seedance_2_0,101,ai,seedance_2_0.seed_101.mp4,,,3.33,1.00,3.33,1.00,3.33,1.00,3.33,1.00,3.33,1.83,partial,rater_5; rater_9; rater_1,,3
V0337,racket_backpack,grok_imagine_video_1_5,303,ai,A2,,"Tennis racket inside the front backpack compartment, with the tie and cap inside the main compartment.",grok_imagine_video_1_5,303,ai,grok_imagine_video_1_5.seed_303.mp4,,,,2.67,3.00,,,2.67,3.00,2.67,3.00,2.83,partial,rater_9; rater_7; rater_8,,3
V0338,racket_backpack,human_wrong,3,human_wrong,A2,,"Tennis racket inside the front backpack compartment, with the tie and cap inside the main compartment.",,3,human_wrong,wrong_3.mp4,,1.67,4.00,,,,,1.67,4.00,1.67,4.00,2.58,partial,rater_7; rater_2; rater_8,,3
V0339,racket_backpack,grok_imagine_video_1_5,101,ai,A2,,"Tennis racket inside the front backpack compartment, with the tie and cap inside the main compartment.",grok_imagine_video_1_5,101,ai,grok_imagine_video_1_5.seed_101.mp4,,2.00,1.33,,,,,2.00,1.33,2.00,1.33,1.63,partial,rater_7; rater_2; rater_8,,3
V0340,racket_backpack,human_wrong,1,human_wrong,A2,,"Tennis racket inside the front backpack compartment, with the tie and cap inside the main compartment.",,1,human_wrong,wrong_1.mp4,,,,,,,,,,,,,empty,rater_9; rater_2; rater_8,,3
V0341,racket_backpack,human_wrong,2,human_wrong,A2,,"Tennis racket inside the front backpack compartment, with the tie and cap inside the main compartment.",,2,human_wrong,wrong_2.mp4,,1.67,4.00,,,1.00,4.00,1.33,4.00,1.33,4.00,2.31,partial,rater_9; rater_8; rater_1,,3
V0342,racket_backpack,seedance_2_0,202,ai,A2,,"Tennis racket inside the front backpack compartment, with the tie and cap inside the main compartment.",seedance_2_0,202,ai,seedance_2_0.seed_202.mp4,,3.00,3.33,,,3.00,3.67,3.00,3.50,3.00,3.50,3.24,partial,rater_5; rater_9; rater_7,,3
V0343,remote_marker_stand,seedance_2_0,202,ai,A2,,"The marker is inside the red stationery case, the white AC remote is inside the standing remote holder, and the green notebook is on the laptop stand.",seedance_2_0,202,ai,seedance_2_0.seed_202.mp4,,,,,,,,,,,,,empty,rater_5; rater_2; rater_8,,3
V0344,remote_marker_stand,seedance_2_0,303,ai,A2,,"The marker is inside the red stationery case, the white AC remote is inside the standing remote holder, and the green notebook is on the laptop stand.",seedance_2_0,303,ai,seedance_2_0.seed_303.mp4,,,,3.00,3.33,,,3.00,3.33,3.00,3.33,3.16,partial,rater_5; rater_9; rater_8,,3
V0345,remote_marker_stand,human_wrong,3,human_wrong,A2,,"The marker is inside the red stationery case, the white AC remote is inside the standing remote holder, and the green notebook is on the laptop stand.",,3,human_wrong,wrong_3.mp4,,,,,,2.50,4.00,2.50,4.00,2.50,4.00,3.16,partial,rater_2; rater_8; rater_1,,3
V0346,remote_marker_stand,wan_2_7,303,ai,A2,,"The marker is inside the red stationery case, the white AC remote is inside the standing remote holder, and the green notebook is on the laptop stand.",wan_2_7,303,ai,wan_2_7.seed_303.mp4,,1.00,3.33,2.25,2.50,,,1.63,2.92,1.63,2.92,2.18,partial,rater_9; rater_7; rater_2,,3
V0347,remote_marker_stand,human_wrong,2,human_wrong,A2,,"The marker is inside the red stationery case, the white AC remote is inside the standing remote holder, and the green notebook is on the laptop stand.",,2,human_wrong,wrong_2.mp4,,2.75,4.00,,,,,2.75,4.00,2.75,4.00,3.32,partial,rater_7; rater_2; rater_8,,3
V0348,remote_marker_stand,kling_v3_pro,202,ai,A2,,"The marker is inside the red stationery case, the white AC remote is inside the standing remote holder, and the green notebook is on the laptop stand.",kling_v3_pro,202,ai,kling_v3_pro.seed_202.mp4,,,,3.00,1.33,3.00,3.00,3.00,2.17,3.00,2.17,2.55,partial,rater_5; rater_9; rater_1,,3
V0349,remote_marker_stand,cosmos_3,101,ai,A2,,"The marker is inside the red stationery case, the white AC remote is inside the standing remote holder, and the green notebook is on the laptop stand.",cosmos_3,101,ai,cosmos_3__seed_101.mp4,,0.00,,,,0.75,0.00,0.38,0.00,0.38,0.00,0.00,partial,rater_9; rater_2; rater_1,,3
V0350,remote_marker_stand,wan_2_7,202,ai,A2,,"The marker is inside the red stationery case, the white AC remote is inside the standing remote holder, and the green notebook is on the laptop stand.",wan_2_7,202,ai,wan_2_7.seed_202.mp4,,,,2.67,0.00,2.25,1.33,2.46,0.67,2.46,0.67,1.28,partial,rater_5; rater_9; rater_7,,3
V0351,remote_marker_stand,cosmos_3,303,ai,A2,,"The marker is inside the red stationery case, the white AC remote is inside the standing remote holder, and the green notebook is on the laptop stand.",cosmos_3,303,ai,cosmos_3__seed_303.mp4,,0.00,0.00,,,0.75,0.00,0.38,0.00,0.38,0.00,0.00,partial,rater_7; rater_8; rater_1,,3
V0352,remote_marker_stand,grok_imagine_video_1_5,202,ai,A2,,"The marker is inside the red stationery case, the white AC remote is inside the standing remote holder, and the green notebook is on the laptop stand.",grok_imagine_video_1_5,202,ai,grok_imagine_video_1_5.seed_202.mp4,,,,,,,,,,,,,empty,rater_5; rater_2; rater_8,,3
V0353,remote_marker_stand,wan_2_7,101,ai,A2,,"The marker is inside the red stationery case, the white AC remote is inside the standing remote holder, and the green notebook is on the laptop stand.",wan_2_7,101,ai,wan_2_7.seed_101.mp4,,,,2.33,2.67,,,2.33,2.67,2.33,2.67,2.49,partial,rater_5; rater_9; rater_8,,3
V0354,remote_marker_stand,grok_imagine_video_1_5,303,ai,A2,,"The marker is inside the red stationery case, the white AC remote is inside the standing remote holder, and the green notebook is on the laptop stand.",grok_imagine_video_1_5,303,ai,grok_imagine_video_1_5.seed_303.mp4,,,,1.75,0.00,1.50,1.33,1.63,0.67,1.63,0.67,1.04,partial,rater_5; rater_7; rater_1,,3
V0355,remote_marker_stand,kling_v3_pro,303,ai,A2,,"The marker is inside the red stationery case, the white AC remote is inside the standing remote holder, and the green notebook is on the laptop stand.",kling_v3_pro,303,ai,kling_v3_pro.seed_303.mp4,,1.67,2.00,2.00,2.67,1.75,2.33,1.81,2.33,1.81,2.33,2.05,complete,rater_9; rater_7; rater_1,,3
V0356,remote_marker_stand,kling_v3_pro,101,ai,A2,,"The marker is inside the red stationery case, the white AC remote is inside the standing remote holder, and the green notebook is on the laptop stand.",kling_v3_pro,101,ai,kling_v3_pro.seed_101.mp4,,1.00,2.00,,,1.00,3.75,1.00,2.88,1.00,2.88,1.70,partial,rater_7; rater_2; rater_1,,3
V0357,remote_marker_stand,human_wrong,1,human_wrong,A2,,"The marker is inside the red stationery case, the white AC remote is inside the standing remote holder, and the green notebook is on the laptop stand.",,1,human_wrong,wrong_1.mp4,,,,1.00,4.00,1.50,4.00,1.25,4.00,1.25,4.00,2.24,partial,rater_5; rater_9; rater_1,,3
V0358,remote_marker_stand,seedance_2_0,101,ai,A2,,"The marker is inside the red stationery case, the white AC remote is inside the standing remote holder, and the green notebook is on the laptop stand.",seedance_2_0,101,ai,seedance_2_0.seed_101.mp4,,,,,,,,,,,,,empty,rater_5; rater_2; rater_8,,3
V0359,remote_marker_stand,grok_imagine_video_1_5,101,ai,A2,,"The marker is inside the red stationery case, the white AC remote is inside the standing remote holder, and the green notebook is on the laptop stand.",grok_imagine_video_1_5,101,ai,grok_imagine_video_1_5.seed_101.mp4,,1.00,1.33,2.25,2.67,,,1.63,2.00,1.63,2.00,1.80,partial,rater_9; rater_7; rater_2,,3
V0360,remote_marker_stand,cosmos_3,202,ai,A2,,"The marker is inside the red stationery case, the white AC remote is inside the standing remote holder, and the green notebook is on the laptop stand.",cosmos_3,202,ai,cosmos_3__seed_202.mp4,,0.50,0.00,,,1.00,0.00,0.75,0.00,0.75,0.00,0.00,partial,rater_7; rater_8; rater_1,,3
V0361,sanitary_face_wash,grok_imagine_video_1_5,202,ai,A2,,"White tube, orange bottle, dark bottle, and their loose caps stored inside the closed pink pouch.",grok_imagine_video_1_5,202,ai,grok_imagine_video_1_5.seed_202.mp4,,,,1.00,2.50,,,1.00,2.50,1.00,2.50,1.58,partial,rater_5; rater_7; rater_8,,3
V0362,sanitary_face_wash,wan_2_7,101,ai,A2,,"White tube, orange bottle, dark bottle, and their loose caps stored inside the closed pink pouch.",wan_2_7,101,ai,wan_2_7.seed_101.mp4,,,,2.60,1.60,,,2.60,1.60,2.60,1.60,2.04,partial,rater_5; rater_7; rater_8,,3
V0363,sanitary_face_wash,cosmos_3,101,ai,A2,,"White tube, orange bottle, dark bottle, and their loose caps stored inside the closed pink pouch.",cosmos_3,101,ai,cosmos_3__seed_101.mp4,,,,,,,,,,,,,empty,rater_5; rater_9; rater_2,,3
V0364,sanitary_face_wash,grok_imagine_video_1_5,303,ai,A2,,"White tube, orange bottle, dark bottle, and their loose caps stored inside the closed pink pouch.",grok_imagine_video_1_5,303,ai,grok_imagine_video_1_5.seed_303.mp4,,,,,,,,,,,,,empty,rater_9; rater_8; rater_1,,3
V0365,sanitary_face_wash,cosmos_3,303,ai,A2,,"White tube, orange bottle, dark bottle, and their loose caps stored inside the closed pink pouch.",cosmos_3,303,ai,cosmos_3__seed_303.mp4,,0.40,0.00,,,,,0.40,0.00,0.40,0.00,0.00,partial,rater_7; rater_2; rater_8,,3
V0366,sanitary_face_wash,seedance_2_0,101,ai,A2,,"White tube, orange bottle, dark bottle, and their loose caps stored inside the closed pink pouch.",seedance_2_0,101,ai,seedance_2_0.seed_101.mp4,,,,,,,,,,,,,empty,rater_9; rater_2; rater_1,,3
V0367,sanitary_face_wash,wan_2_7,202,ai,A2,,"White tube, orange bottle, dark bottle, and their loose caps stored inside the closed pink pouch.",wan_2_7,202,ai,wan_2_7.seed_202.mp4,,1.80,3.00,,,,,1.80,3.00,1.80,3.00,2.32,partial,rater_7; rater_2; rater_8,,3
V0368,sanitary_face_wash,seedance_2_0,202,ai,A2,,"White tube, orange bottle, dark bottle, and their loose caps stored inside the closed pink pouch.",seedance_2_0,202,ai,seedance_2_0.seed_202.mp4,,,,3.00,2.60,,,3.00,2.60,3.00,2.60,2.79,partial,rater_9; rater_7; rater_1,,3
V0369,sanitary_face_wash,seedance_2_0,303,ai,A2,,"White tube, orange bottle, dark bottle, and their loose caps stored inside the closed pink pouch.",seedance_2_0,303,ai,seedance_2_0.seed_303.mp4,,,,,,,,,,,,,empty,rater_5; rater_2; rater_1,,3
V0370,sanitary_face_wash,kling_v3_pro,101,ai,A2,,"White tube, orange bottle, dark bottle, and their loose caps stored inside the closed pink pouch.",kling_v3_pro,101,ai,kling_v3_pro.seed_101.mp4,,,,,,,,,,,,,empty,rater_5; rater_9; rater_8,,3
V0371,sanitary_face_wash,kling_v3_pro,303,ai,A2,,"White tube, orange bottle, dark bottle, and their loose caps stored inside the closed pink pouch.",kling_v3_pro,303,ai,kling_v3_pro.seed_303.mp4,,,,,,,,,,,,,empty,rater_2; rater_8; rater_1,,3
V0372,sanitary_face_wash,human_wrong,2,human_wrong,A2,,"White tube, orange bottle, dark bottle, and their loose caps stored inside the closed pink pouch.",,2,human_wrong,wrong_2.mp4,,,,2.40,4.00,,,2.40,4.00,2.40,4.00,3.10,partial,rater_9; rater_7; rater_1,,3
V0373,sanitary_face_wash,human_wrong,3,human_wrong,A2,,"White tube, orange bottle, dark bottle, and their loose caps stored inside the closed pink pouch.",,3,human_wrong,wrong_3.mp4,,,,,,,,,,,,,empty,rater_5; rater_9; rater_1,,3
V0374,sanitary_face_wash,cosmos_3,202,ai,A2,,"White tube, orange bottle, dark bottle, and their loose caps stored inside the closed pink pouch.",cosmos_3,202,ai,cosmos_3__seed_202.mp4,,,,0.40,0.00,,,0.40,0.00,0.40,0.00,0.00,partial,rater_5; rater_7; rater_1,,3
V0375,sanitary_face_wash,wan_2_7,303,ai,A2,,"White tube, orange bottle, dark bottle, and their loose caps stored inside the closed pink pouch.",wan_2_7,303,ai,wan_2_7.seed_303.mp4,,,,3.00,0.80,,,3.00,0.80,3.00,0.80,1.55,partial,rater_5; rater_7; rater_2,,3
V0376,sanitary_face_wash,human_wrong,1,human_wrong,A2,,"White tube, orange bottle, dark bottle, and their loose caps stored inside the closed pink pouch.",,1,human_wrong,wrong_1.mp4,,,,,,,,,,,,,empty,rater_5; rater_9; rater_1,,3
V0377,sanitary_face_wash,grok_imagine_video_1_5,101,ai,A2,,"White tube, orange bottle, dark bottle, and their loose caps stored inside the closed pink pouch.",grok_imagine_video_1_5,101,ai,grok_imagine_video_1_5.seed_101.mp4,,,,,,,,,,,,,empty,rater_9; rater_2; rater_8,,3
V0378,sanitary_face_wash,kling_v3_pro,202,ai,A2,,"White tube, orange bottle, dark bottle, and their loose caps stored inside the closed pink pouch.",kling_v3_pro,202,ai,kling_v3_pro.seed_202.mp4,,2.40,1.00,,,,,2.40,1.00,2.40,1.00,1.55,partial,rater_7; rater_2; rater_8,,3
V0379,sock_bucket,human_wrong,2,human_wrong,A2,,"AirPod case placed in front of the socks, with the socks folded together and stored inside the bucket.",,2,human_wrong,wrong_2.mp4,,,,1.00,4.00,1.00,4.00,1.00,4.00,1.00,4.00,2.00,partial,rater_5; rater_7; rater_1,,3
V0380,sock_bucket,grok_imagine_video_1_5,101,ai,A2,,"AirPod case placed in front of the socks, with the socks folded together and stored inside the bucket.",grok_imagine_video_1_5,101,ai,grok_imagine_video_1_5.seed_101.mp4,,,,0.75,0.75,1.00,2.67,0.88,1.71,0.88,1.71,1.22,partial,rater_5; rater_8; rater_1,,3
V0381,sock_bucket,kling_v3_pro,303,ai,A2,,"AirPod case placed in front of the socks, with the socks folded together and stored inside the bucket.",kling_v3_pro,303,ai,kling_v3_pro.seed_303.mp4,,,,,3.50,1.50,4.00,1.50,3.75,1.50,3.75,2.37,partial,rater_5; rater_8; rater_1,,3
V0382,sock_bucket,cosmos_3,202,ai,A2,,"AirPod case placed in front of the socks, with the socks folded together and stored inside the bucket.",cosmos_3,202,ai,cosmos_3__seed_202.mp4,,0.67,0.00,0.67,0.00,0.50,0.50,0.61,0.17,0.61,0.17,0.32,complete,rater_9; rater_7; rater_1,,3
V0383,sock_bucket,seedance_2_0,303,ai,A2,,"AirPod case placed in front of the socks, with the socks folded together and stored inside the bucket.",seedance_2_0,303,ai,seedance_2_0.seed_303.mp4,,2.67,2.67,,,2.50,3.50,2.58,3.08,2.58,3.08,2.82,partial,rater_9; rater_2; rater_1,,3
V0384,sock_bucket,wan_2_7,303,ai,A2,,"AirPod case placed in front of the socks, with the socks folded together and stored inside the bucket.",wan_2_7,303,ai,wan_2_7.seed_303.mp4,,3.00,3.00,3.00,4.00,,3.75,3.00,3.58,3.00,3.58,3.28,partial,rater_9; rater_7; rater_8,,3
V0385,sock_bucket,seedance_2_0,101,ai,A2,,"AirPod case placed in front of the socks, with the socks folded together and stored inside the bucket.",seedance_2_0,101,ai,seedance_2_0.seed_101.mp4,,3.00,4.00,3.00,4.00,,,3.00,4.00,3.00,4.00,3.46,partial,rater_9; rater_7; rater_2,,3
V0386,sock_bucket,seedance_2_0,202,ai,A2,,"AirPod case placed in front of the socks, with the socks folded together and stored inside the bucket.",seedance_2_0,202,ai,seedance_2_0.seed_202.mp4,,,,3.00,1.33,2.75,3.00,2.88,2.17,2.88,2.17,2.50,partial,rater_5; rater_9; rater_1,,3
V0387,sock_bucket,kling_v3_pro,101,ai,A2,,"AirPod case placed in front of the socks, with the socks folded together and stored inside the bucket.",kling_v3_pro,101,ai,kling_v3_pro.seed_101.mp4,,,,,2.50,1.00,2.67,1.00,2.58,1.00,2.58,1.61,partial,rater_2; rater_8; rater_1,,3
V0388,sock_bucket,human_wrong,3,human_wrong,A2,,"AirPod case placed in front of the socks, with the socks folded together and stored inside the bucket.",,3,human_wrong,wrong_3.mp4,,2.33,4.00,2.67,4.00,,,2.50,4.00,2.50,4.00,3.16,partial,rater_9; rater_7; rater_2,,3
V0389,sock_bucket,grok_imagine_video_1_5,202,ai,A2,,"AirPod case placed in front of the socks, with the socks folded together and stored inside the bucket.",grok_imagine_video_1_5,202,ai,grok_imagine_video_1_5.seed_202.mp4,,2.33,4.00,2.67,4.00,,3.25,2.50,3.75,2.50,3.75,3.06,partial,rater_9; rater_7; rater_8,,3
V0390,sock_bucket,human_wrong,1,human_wrong,A2,,"AirPod case placed in front of the socks, with the socks folded together and stored inside the bucket.",,1,human_wrong,wrong_1.mp4,,,,3.00,4.00,,4.00,3.00,4.00,3.00,4.00,3.46,partial,rater_5; rater_9; rater_8,,3
V0391,sock_bucket,wan_2_7,101,ai,A2,,"AirPod case placed in front of the socks, with the socks folded together and stored inside the bucket.",wan_2_7,101,ai,wan_2_7.seed_101.mp4,,,,,,,2.50,,2.50,,2.50,,partial,rater_5; rater_2; rater_8,,3
V0392,sock_bucket,wan_2_7,202,ai,A2,,"AirPod case placed in front of the socks, with the socks folded together and stored inside the bucket.",wan_2_7,202,ai,wan_2_7.seed_202.mp4,,,,,,0.75,0.50,0.75,0.50,0.75,0.50,0.61,partial,rater_5; rater_2; rater_8,,3
V0393,sock_bucket,kling_v3_pro,202,ai,A2,,"AirPod case placed in front of the socks, with the socks folded together and stored inside the bucket.",kling_v3_pro,202,ai,kling_v3_pro.seed_202.mp4,,2.67,3.00,,,1.00,4.00,1.83,3.50,1.83,3.50,2.53,partial,rater_7; rater_2; rater_1,,3
V0394,sock_bucket,cosmos_3,101,ai,A2,,"AirPod case placed in front of the socks, with the socks folded together and stored inside the bucket.",cosmos_3,101,ai,cosmos_3__seed_101.mp4,,1.00,0.00,0.00,0.00,1.00,0.00,0.67,0.00,0.67,0.00,0.00,complete,rater_7; rater_8; rater_1,,3
V0395,sock_bucket,cosmos_3,303,ai,A2,,"AirPod case placed in front of the socks, with the socks folded together and stored inside the bucket.",cosmos_3,303,ai,cosmos_3__seed_303.mp4,,,,0.33,0.00,,,0.33,0.00,0.33,0.00,0.00,partial,rater_5; rater_9; rater_2,,3
V0396,sock_bucket,grok_imagine_video_1_5,303,ai,A2,,"AirPod case placed in front of the socks, with the socks folded together and stored inside the bucket.",grok_imagine_video_1_5,303,ai,grok_imagine_video_1_5.seed_303.mp4,,,,1.00,1.33,,,1.00,1.33,1.00,1.33,1.15,partial,rater_5; rater_7; rater_2,,3
V0397,stack_blocks,kling_v3_pro,303,ai,A1,,"The blocks are stacked from bottom to top in this order: yellow, green, red, blue.",kling_v3_pro,303,ai,kling_v3_pro.seed_303.mp4,,,,,,,,,,,,,empty,rater_9; rater_2; rater_8,,3
V0398,stack_blocks,grok_imagine_video_1_5,202,ai,A1,,"The blocks are stacked from bottom to top in this order: yellow, green, red, blue.",grok_imagine_video_1_5,202,ai,grok_imagine_video_1_5.seed_202.mp4,,,,1.00,0.00,0.00,0.33,0.50,0.17,0.50,0.17,0.29,partial,rater_9; rater_7; rater_8,,3
V0399,stack_blocks,wan_2_7,202,ai,A1,,"The blocks are stacked from bottom to top in this order: yellow, green, red, blue.",wan_2_7,202,ai,wan_2_7.seed_202.mp4,,,,,,3.00,3.00,3.00,3.00,3.00,3.00,3.00,partial,rater_2; rater_8; rater_1,,3
V0400,stack_blocks,human_wrong,2,human_wrong,A1,,"The blocks are stacked from bottom to top in this order: yellow, green, red, blue.",,2,human_wrong,wrong_2.mov,,,,1.67,1.67,2.67,4.00,2.17,2.83,2.17,2.83,2.48,partial,rater_2; rater_8; rater_1,,3
V0401,stack_blocks,cosmos_3,303,ai,A1,,"The blocks are stacked from bottom to top in this order: yellow, green, red, blue.",cosmos_3,303,ai,cosmos_3__seed_303.mp4,,,,0.33,0.00,1.00,0.33,0.67,0.17,0.67,0.17,0.33,partial,rater_5; rater_7; rater_1,,3
V0402,stack_blocks,human_wrong,1,human_wrong,A1,,"The blocks are stacked from bottom to top in this order: yellow, green, red, blue.",,1,human_wrong,wrong_1.mov,,0.67,4.00,,,,,0.67,4.00,0.67,4.00,1.63,partial,rater_7; rater_2; rater_8,,3
V0403,stack_blocks,seedance_2_0,303,ai,A1,,"The blocks are stacked from bottom to top in this order: yellow, green, red, blue.",seedance_2_0,303,ai,seedance_2_0.seed_303.mp4,,,,,,3.00,2.67,3.00,2.67,3.00,2.67,2.83,partial,rater_5; rater_9; rater_7,,3
V0404,stack_blocks,wan_2_7,303,ai,A1,,"The blocks are stacked from bottom to top in this order: yellow, green, red, blue.",wan_2_7,303,ai,wan_2_7.seed_303.mp4,,,,,,1.00,3.00,1.00,3.00,1.00,3.00,1.73,partial,rater_2; rater_8; rater_1,,3
V0405,stack_blocks,cosmos_3,202,ai,A1,,"The blocks are stacked from bottom to top in this order: yellow, green, red, blue.",cosmos_3,202,ai,cosmos_3__seed_202.mp4,,,,,,2.00,0.00,2.00,0.00,2.00,0.00,0.00,partial,rater_5; rater_9; rater_1,,3
V0406,stack_blocks,grok_imagine_video_1_5,303,ai,A1,,"The blocks are stacked from bottom to top in this order: yellow, green, red, blue.",grok_imagine_video_1_5,303,ai,grok_imagine_video_1_5.seed_303.mp4,,3.00,1.67,,,3.00,1.33,3.00,1.50,3.00,1.50,2.12,partial,rater_7; rater_8; rater_1,,3
V0407,stack_blocks,kling_v3_pro,101,ai,A1,,"The blocks are stacked from bottom to top in this order: yellow, green, red, blue.",kling_v3_pro,101,ai,kling_v3_pro.seed_101.mp4,,,,,,1.00,2.00,1.00,2.00,1.00,2.00,1.41,partial,rater_5; rater_9; rater_7,,3
V0408,stack_blocks,cosmos_3,101,ai,A1,,"The blocks are stacked from bottom to top in this order: yellow, green, red, blue.",cosmos_3,101,ai,cosmos_3__seed_101.mp4,,,,1.33,0.00,,,1.33,0.00,1.33,0.00,0.00,partial,rater_5; rater_7; rater_2,,3
V0409,stack_blocks,human_wrong,3,human_wrong,A1,,"The blocks are stacked from bottom to top in this order: yellow, green, red, blue.",,3,human_wrong,wrong_3.mov,,,,1.00,4.00,,,1.00,4.00,1.00,4.00,2.00,partial,rater_9; rater_7; rater_8,,3
V0410,stack_blocks,seedance_2_0,101,ai,A1,,"The blocks are stacked from bottom to top in this order: yellow, green, red, blue.",seedance_2_0,101,ai,seedance_2_0.seed_101.mp4,,,,,,,,,,,,,empty,rater_5; rater_9; rater_2,,3
V0411,stack_blocks,grok_imagine_video_1_5,101,ai,A1,,"The blocks are stacked from bottom to top in this order: yellow, green, red, blue.",grok_imagine_video_1_5,101,ai,grok_imagine_video_1_5.seed_101.mp4,,,,,,1.67,1.33,1.67,1.33,1.67,1.33,1.49,partial,rater_5; rater_9; rater_1,,3
V0412,stack_blocks,seedance_2_0,202,ai,A1,,"The blocks are stacked from bottom to top in this order: yellow, green, red, blue.",seedance_2_0,202,ai,seedance_2_0.seed_202.mp4,,3.00,2.67,,,3.00,2.67,3.00,2.67,3.00,2.67,2.83,partial,rater_7; rater_2; rater_1,,3
V0413,stack_blocks,kling_v3_pro,202,ai,A1,,"The blocks are stacked from bottom to top in this order: yellow, green, red, blue.",kling_v3_pro,202,ai,kling_v3_pro.seed_202.mp4,,,,,,,,,,,,,empty,rater_5; rater_9; rater_2,,3
V0414,stack_blocks,wan_2_7,101,ai,A1,,"The blocks are stacked from bottom to top in this order: yellow, green, red, blue.",wan_2_7,101,ai,wan_2_7.seed_101.mp4,,,,,,3.00,2.67,3.00,2.67,3.00,2.67,2.83,partial,rater_5; rater_8; rater_1,,3
V0415,toothbrush_case,human_wrong,2,human_wrong,A2,,Closed toothpaste and folded toothbrush stored inside the closed travel case.,,2,human_wrong,wrong_2.mov,,2.40,4.00,,,,,2.40,4.00,2.40,4.00,3.10,partial,rater_7; rater_2; rater_8,,3
V0416,toothbrush_case,human_wrong,1,human_wrong,A2,,Closed toothpaste and folded toothbrush stored inside the closed travel case.,,1,human_wrong,wrong_1.mov,,,,,,1.00,4.00,1.00,4.00,1.00,4.00,2.00,partial,rater_2; rater_8; rater_1,,3
V0417,toothbrush_case,seedance_2_0,303,ai,A2,,Closed toothpaste and folded toothbrush stored inside the closed travel case.,seedance_2_0,303,ai,seedance_2_0.seed_303.mp4,,,,3.00,2.40,3.00,3.60,3.00,3.00,3.00,3.00,3.00,partial,rater_5; rater_9; rater_7,,3
V0418,toothbrush_case,cosmos_3,101,ai,A2,,Closed toothpaste and folded toothbrush stored inside the closed travel case.,cosmos_3,101,ai,cosmos_3__seed_101.mp4,,,,0.60,0.00,,,0.60,0.00,0.60,0.00,0.00,partial,rater_5; rater_9; rater_2,,3
V0419,toothbrush_case,kling_v3_pro,202,ai,A2,,Closed toothpaste and folded toothbrush stored inside the closed travel case.,kling_v3_pro,202,ai,kling_v3_pro.seed_202.mp4,,,,3.00,3.20,2.80,3.40,2.90,3.30,2.90,3.30,3.09,partial,rater_5; rater_9; rater_1,,3
V0420,toothbrush_case,seedance_2_0,101,ai,A2,,Closed toothpaste and folded toothbrush stored inside the closed travel case.,seedance_2_0,101,ai,seedance_2_0.seed_101.mp4,,3.00,0.80,,,3.00,3.20,3.00,2.00,3.00,2.00,2.45,partial,rater_7; rater_8; rater_1,,3
V0421,toothbrush_case,human_wrong,3,human_wrong,A2,,Closed toothpaste and folded toothbrush stored inside the closed travel case.,,3,human_wrong,wrong_3.mov,,,,1.00,4.00,,,1.00,4.00,1.00,4.00,2.00,partial,rater_5; rater_9; rater_8,,3
V0422,toothbrush_case,wan_2_7,303,ai,A2,,Closed toothpaste and folded toothbrush stored inside the closed travel case.,wan_2_7,303,ai,wan_2_7.seed_303.mp4,,,,,,1.80,2.25,1.80,2.25,1.80,2.25,2.01,partial,rater_5; rater_2; rater_1,,3
V0423,toothbrush_case,cosmos_3,303,ai,A2,,Closed toothpaste and folded toothbrush stored inside the closed travel case.,cosmos_3,303,ai,cosmos_3__seed_303.mp4,,,,0.40,0.00,1.00,0.00,0.70,0.00,0.70,0.00,0.00,partial,rater_5; rater_9; rater_7,,3
V0424,toothbrush_case,wan_2_7,101,ai,A2,,Closed toothpaste and folded toothbrush stored inside the closed travel case.,wan_2_7,101,ai,wan_2_7.seed_101.mp4,,,,,,2.20,2.80,2.20,2.80,2.20,2.80,2.48,partial,rater_2; rater_8; rater_1,,3
V0425,toothbrush_case,wan_2_7,202,ai,A2,,Closed toothpaste and folded toothbrush stored inside the closed travel case.,wan_2_7,202,ai,wan_2_7.seed_202.mp4,,,,,,2.60,3.60,2.60,3.60,2.60,3.60,3.06,partial,rater_5; rater_2; rater_1,,3
V0426,toothbrush_case,grok_imagine_video_1_5,101,ai,A2,,Closed toothpaste and folded toothbrush stored inside the closed travel case.,grok_imagine_video_1_5,101,ai,grok_imagine_video_1_5.seed_101.mp4,,1.00,2.00,,,1.40,3.25,1.20,2.63,1.20,2.63,1.77,partial,rater_9; rater_8; rater_1,,3
V0427,toothbrush_case,grok_imagine_video_1_5,303,ai,A2,,Closed toothpaste and folded toothbrush stored inside the closed travel case.,grok_imagine_video_1_5,303,ai,grok_imagine_video_1_5.seed_303.mp4,,1.00,1.00,2.20,1.20,,,1.60,1.10,1.60,1.10,1.33,partial,rater_9; rater_7; rater_2,,3
V0428,toothbrush_case,grok_imagine_video_1_5,202,ai,A2,,Closed toothpaste and folded toothbrush stored inside the closed travel case.,grok_imagine_video_1_5,202,ai,grok_imagine_video_1_5.seed_202.mp4,,1.80,4.00,,,,,1.80,4.00,1.80,4.00,2.68,partial,rater_7; rater_2; rater_8,,3
V0429,toothbrush_case,seedance_2_0,202,ai,A2,,Closed toothpaste and folded toothbrush stored inside the closed travel case.,seedance_2_0,202,ai,seedance_2_0.seed_202.mp4,,,,1.80,0.80,,,1.80,0.80,1.80,0.80,1.20,partial,rater_5; rater_9; rater_8,,3
V0430,toothbrush_case,cosmos_3,202,ai,A2,,Closed toothpaste and folded toothbrush stored inside the closed travel case.,cosmos_3,202,ai,cosmos_3__seed_202.mp4,,0.00,0.00,,,0.00,,0.00,0.00,0.00,0.00,0.00,partial,rater_7; rater_2; rater_1,,3
V0431,toothbrush_case,kling_v3_pro,303,ai,A2,,Closed toothpaste and folded toothbrush stored inside the closed travel case.,kling_v3_pro,303,ai,kling_v3_pro.seed_303.mp4,,,,1.80,3.33,1.80,2.67,1.80,3.00,1.80,3.00,2.32,partial,rater_5; rater_9; rater_7,,3
V0432,toothbrush_case,kling_v3_pro,101,ai,A2,,Closed toothpaste and folded toothbrush stored inside the closed travel case.,kling_v3_pro,101,ai,kling_v3_pro.seed_101.mp4,,1.60,0.00,,,2.00,1.60,1.80,0.80,1.80,0.80,1.20,partial,rater_7; rater_8; rater_1,,3
V0433,toothpaste_water,human_wrong,1,human_wrong,A7,,"Toothpaste applied to the toothbrush, with the toothbrush rinsed and the toothpaste tube closed.",,1,human_wrong,wrong_1.mp4,,,,1.60,1.80,,,1.60,1.80,1.60,1.80,1.70,partial,rater_2; rater_8; rater_1,,3
V0434,toothpaste_water,grok_imagine_video_1_5,303,ai,A7,,"Toothpaste applied to the toothbrush, with the toothbrush rinsed and the toothpaste tube closed.",grok_imagine_video_1_5,303,ai,grok_imagine_video_1_5.seed_303.mp4,,1.60,1.00,,,,,1.60,1.00,1.60,1.00,1.26,partial,rater_9; rater_2; rater_1,,3
V0435,toothpaste_water,cosmos_3,303,ai,A7,,"Toothpaste applied to the toothbrush, with the toothbrush rinsed and the toothpaste tube closed.",cosmos_3,303,ai,cosmos_3__seed_303.mp4,,0.20,0.00,0.60,0.00,,,0.40,0.00,0.40,0.00,0.00,partial,rater_9; rater_7; rater_1,,3
V0436,toothpaste_water,human_wrong,3,human_wrong,A7,,"Toothpaste applied to the toothbrush, with the toothbrush rinsed and the toothpaste tube closed.",,3,human_wrong,wrong_3.mp4,,,,0.40,0.40,,,0.40,0.40,0.40,0.40,0.40,partial,rater_5; rater_8; rater_1,,3
V0437,toothpaste_water,kling_v3_pro,303,ai,A7,,"Toothpaste applied to the toothbrush, with the toothbrush rinsed and the toothpaste tube closed.",kling_v3_pro,303,ai,kling_v3_pro.seed_303.mp4,,1.60,3.33,,,,,1.60,3.33,1.60,3.33,2.31,partial,rater_7; rater_8; rater_1,,3
V0438,toothpaste_water,kling_v3_pro,101,ai,A7,,"Toothpaste applied to the toothbrush, with the toothbrush rinsed and the toothpaste tube closed.",kling_v3_pro,101,ai,kling_v3_pro.seed_101.mp4,,1.60,1.00,3.00,1.60,,,2.30,1.30,2.30,1.30,1.73,partial,rater_9; rater_7; rater_2,,3
V0439,toothpaste_water,cosmos_3,101,ai,A7,,"Toothpaste applied to the toothbrush, with the toothbrush rinsed and the toothpaste tube closed.",cosmos_3,101,ai,cosmos_3__seed_101.mp4,,0.40,2.00,,,0.40,0.40,0.40,1.20,0.40,1.20,0.69,partial,rater_7; rater_2; rater_8,,3
V0440,toothpaste_water,wan_2_7,101,ai,A7,,"Toothpaste applied to the toothbrush, with the toothbrush rinsed and the toothpaste tube closed.",wan_2_7,101,ai,wan_2_7.seed_101.mp4,,1.00,0.00,2.00,2.00,0.80,0.80,1.27,0.93,1.27,0.93,1.09,complete,rater_5; rater_7; rater_8,,3
V0441,toothpaste_water,cosmos_3,202,ai,A7,,"Toothpaste applied to the toothbrush, with the toothbrush rinsed and the toothpaste tube closed.",cosmos_3,202,ai,cosmos_3__seed_202.mp4,,0.75,0.00,,,,,0.75,0.00,0.75,0.00,0.00,partial,rater_5; rater_8; rater_1,,3
V0442,toothpaste_water,seedance_2_0,101,ai,A7,,"Toothpaste applied to the toothbrush, with the toothbrush rinsed and the toothpaste tube closed.",seedance_2_0,101,ai,seedance_2_0.seed_101.mp4,,3.00,3.20,,,,,3.00,3.20,3.00,3.20,3.10,partial,rater_9; rater_8; rater_1,,3
V0443,toothpaste_water,human_wrong,2,human_wrong,A7,,"Toothpaste applied to the toothbrush, with the toothbrush rinsed and the toothpaste tube closed.",,2,human_wrong,wrong_2.mp4,,2.00,3.33,1.00,4.00,,,1.50,3.67,1.50,3.67,2.35,partial,rater_5; rater_9; rater_1,,3
V0444,toothpaste_water,kling_v3_pro,202,ai,A7,,"Toothpaste applied to the toothbrush, with the toothbrush rinsed and the toothpaste tube closed.",kling_v3_pro,202,ai,kling_v3_pro.seed_202.mp4,,1.20,2.67,,,,,1.20,2.67,1.20,2.67,1.79,partial,rater_9; rater_2; rater_8,,3
V0445,toothpaste_water,wan_2_7,303,ai,A7,,"Toothpaste applied to the toothbrush, with the toothbrush rinsed and the toothpaste tube closed.",wan_2_7,303,ai,wan_2_7.seed_303.mp4,,,,,,1.60,2.00,1.60,2.00,1.60,2.00,1.79,partial,rater_5; rater_2; rater_8,,3
V0446,toothpaste_water,seedance_2_0,303,ai,A7,,"Toothpaste applied to the toothbrush, with the toothbrush rinsed and the toothpaste tube closed.",seedance_2_0,303,ai,seedance_2_0.seed_303.mp4,,3.00,2.40,2.80,2.00,,,2.90,2.20,2.90,2.20,2.53,partial,rater_9; rater_7; rater_2,,3
V0447,toothpaste_water,wan_2_7,202,ai,A7,,"Toothpaste applied to the toothbrush, with the toothbrush rinsed and the toothpaste tube closed.",wan_2_7,202,ai,wan_2_7.seed_202.mp4,,1.50,1.67,2.20,2.50,,,1.85,2.08,1.85,2.08,1.96,partial,rater_5; rater_7; rater_1,,3
V0448,toothpaste_water,grok_imagine_video_1_5,101,ai,A7,,"Toothpaste applied to the toothbrush, with the toothbrush rinsed and the toothpaste tube closed.",grok_imagine_video_1_5,101,ai,grok_imagine_video_1_5.seed_101.mp4,,3.00,2.00,1.60,2.25,,,2.30,2.13,2.30,2.13,2.21,partial,rater_5; rater_9; rater_2,,3
V0449,toothpaste_water,seedance_2_0,202,ai,A7,,"Toothpaste applied to the toothbrush, with the toothbrush rinsed and the toothpaste tube closed.",seedance_2_0,202,ai,seedance_2_0.seed_202.mp4,,2.00,1.33,3.00,2.20,,,2.50,1.77,2.50,1.77,2.10,partial,rater_5; rater_7; rater_2,,3
V0450,toothpaste_water,grok_imagine_video_1_5,202,ai,A7,,"Toothpaste applied to the toothbrush, with the toothbrush rinsed and the toothpaste tube closed.",grok_imagine_video_1_5,202,ai,grok_imagine_video_1_5.seed_202.mp4,,,,2.00,3.25,2.80,0.80,2.40,2.03,2.40,2.03,2.20,partial,rater_5; rater_9; rater_7,,3
minimax_h3__acoustic_electric_guitar__seed_101,acoustic_electric_guitar,minimax_h3,101,ai,A4,,"The acoustic and electric guitars are each secured in separate holders on the double guitar stand, with the black cap hanging from the electric guitar’s headstock.",minimax_h3,101,ai,minimax_h3__seed_101.mp4,,3.00,3.00,,,,,3.00,3.00,3.00,3.00,3.00,partial,rater_3_minimax_h3; rater_6_minimax_h3; rater_4_minimax_h3; rater_7_minimax_h3; rater_1_minimax_h3,,3
minimax_h3__acoustic_electric_guitar__seed_202,acoustic_electric_guitar,minimax_h3,202,ai,A4,,"The acoustic and electric guitars are each secured in separate holders on the double guitar stand, with the black cap hanging from the electric guitar’s headstock.",minimax_h3,202,ai,minimax_h3__seed_202.mp4,,,,,,,,,,,,,empty,rater_3_minimax_h3; rater_6_minimax_h3; rater_4_minimax_h3; rater_7_minimax_h3; rater_1_minimax_h3,,3
minimax_h3__acoustic_electric_guitar__seed_303,acoustic_electric_guitar,minimax_h3,303,ai,A4,,"The acoustic and electric guitars are each secured in separate holders on the double guitar stand, with the black cap hanging from the electric guitar’s headstock.",minimax_h3,303,ai,minimax_h3__seed_303.mp4,,,,,,,,,,,,,empty,rater_3_minimax_h3; rater_6_minimax_h3; rater_4_minimax_h3; rater_7_minimax_h3; rater_1_minimax_h3,,3
minimax_h3__air_freshener_dispenser__seed_101,air_freshener_dispenser,minimax_h3,101,ai,A2,,"The green air freshener is installed in the automatic dispenser, and the white air freshener and green cap are inside the green tote bag.",minimax_h3,101,ai,minimax_h3__seed_101.mp4,,0.17,0.00,,,,,0.17,0.00,0.17,0.00,0.00,partial,rater_3_minimax_h3; rater_6_minimax_h3; rater_4_minimax_h3; rater_7_minimax_h3; rater_1_minimax_h3,,3
minimax_h3__air_freshener_dispenser__seed_202,air_freshener_dispenser,minimax_h3,202,ai,A2,,"The green air freshener is installed in the automatic dispenser, and the white air freshener and green cap are inside the green tote bag.",minimax_h3,202,ai,minimax_h3__seed_202.mp4,,0.50,2.00,,,,,0.50,2.00,0.50,2.00,1.00,partial,rater_3_minimax_h3; rater_6_minimax_h3; rater_4_minimax_h3; rater_7_minimax_h3; rater_1_minimax_h3,,3
minimax_h3__air_freshener_dispenser__seed_303,air_freshener_dispenser,minimax_h3,303,ai,A2,,"The green air freshener is installed in the automatic dispenser, and the white air freshener and green cap are inside the green tote bag.",minimax_h3,303,ai,minimax_h3__seed_303.mp4,,0.50,0.00,,,,,0.50,0.00,0.50,0.00,0.00,partial,rater_3_minimax_h3; rater_6_minimax_h3; rater_4_minimax_h3; rater_7_minimax_h3; rater_1_minimax_h3,,3
minimax_h3__aromatic_cube_leaf__seed_101,aromatic_cube_leaf,minimax_h3,101,ai,A2,,"The diffuser stick is in the diffuser bottle, the orange cube from the white container is in the blue calendar case beside the other cube, and the diffuser leaf is on top of the brown powder in the white container.",minimax_h3,101,ai,minimax_h3__seed_101.mp4,,3.00,4.00,,,,,3.00,4.00,3.00,4.00,3.46,partial,rater_3_minimax_h3; rater_6_minimax_h3; rater_4_minimax_h3; rater_7_minimax_h3; rater_1_minimax_h3,,3
minimax_h3__aromatic_cube_leaf__seed_202,aromatic_cube_leaf,minimax_h3,202,ai,A2,,"The diffuser stick is in the diffuser bottle, the orange cube from the white container is in the blue calendar case beside the other cube, and the diffuser leaf is on top of the brown powder in the white container.",minimax_h3,202,ai,minimax_h3__seed_202.mp4,,3.00,4.00,,,,,3.00,4.00,3.00,4.00,3.46,partial,rater_3_minimax_h3; rater_6_minimax_h3; rater_4_minimax_h3; rater_7_minimax_h3; rater_1_minimax_h3,,3
minimax_h3__aromatic_cube_leaf__seed_303,aromatic_cube_leaf,minimax_h3,303,ai,A2,,"The diffuser stick is in the diffuser bottle, the orange cube from the white container is in the blue calendar case beside the other cube, and the diffuser leaf is on top of the brown powder in the white container.",minimax_h3,303,ai,minimax_h3__seed_303.mp4,,3.00,4.00,,,,,3.00,4.00,3.00,4.00,3.46,partial,rater_3_minimax_h3; rater_6_minimax_h3; rater_4_minimax_h3; rater_7_minimax_h3; rater_1_minimax_h3,,3
minimax_h3__banknote_card_coin__seed_101,banknote_card_coin,minimax_h3,101,ai,A2,,"Banknote and card in the wallet's visible bill and card compartments, with the coin in the small bowl.",minimax_h3,101,ai,minimax_h3__seed_101.mp4,,1.33,2.00,,,,,1.33,2.00,1.33,2.00,1.63,partial,rater_3_minimax_h3; rater_6_minimax_h3; rater_4_minimax_h3; rater_7_minimax_h3; rater_1_minimax_h3,,3
minimax_h3__banknote_card_coin__seed_202,banknote_card_coin,minimax_h3,202,ai,A2,,"Banknote and card in the wallet's visible bill and card compartments, with the coin in the small bowl.",minimax_h3,202,ai,minimax_h3__seed_202.mp4,,3.00,3.20,,,,,3.00,3.20,3.00,3.20,3.10,partial,rater_3_minimax_h3; rater_6_minimax_h3; rater_4_minimax_h3; rater_7_minimax_h3; rater_1_minimax_h3,,3
minimax_h3__banknote_card_coin__seed_303,banknote_card_coin,minimax_h3,303,ai,A2,,"Banknote and card in the wallet's visible bill and card compartments, with the coin in the small bowl.",minimax_h3,303,ai,minimax_h3__seed_303.mp4,,1.33,0.00,,,,,1.33,0.00,1.33,0.00,0.00,partial,rater_3_minimax_h3; rater_6_minimax_h3; rater_4_minimax_h3; rater_7_minimax_h3; rater_1_minimax_h3,,3
minimax_h3__candle_lighter__seed_101,candle_lighter,minimax_h3,101,ai,A9,,"Fire-lit candle, with the lighter and key stored inside the jeans pocket and the jeans positioned to the left of the candle.",minimax_h3,101,ai,minimax_h3__seed_101.mp4,,0.75,0.00,,,,,0.75,0.00,0.75,0.00,0.00,partial,rater_3_minimax_h3; rater_6_minimax_h3; rater_4_minimax_h3; rater_7_minimax_h3; rater_1_minimax_h3,,3
minimax_h3__candle_lighter__seed_202,candle_lighter,minimax_h3,202,ai,A9,,"Fire-lit candle, with the lighter and key stored inside the jeans pocket and the jeans positioned to the left of the candle.",minimax_h3,202,ai,minimax_h3__seed_202.mp4,,,,,,,,,,,,,empty,rater_3_minimax_h3; rater_6_minimax_h3; rater_4_minimax_h3; rater_7_minimax_h3; rater_1_minimax_h3,,3
minimax_h3__candle_lighter__seed_303,candle_lighter,minimax_h3,303,ai,A9,,"Fire-lit candle, with the lighter and key stored inside the jeans pocket and the jeans positioned to the left of the candle.",minimax_h3,303,ai,minimax_h3__seed_303.mp4,,1.50,0.00,,,,,1.50,0.00,1.50,0.00,0.00,partial,rater_3_minimax_h3; rater_6_minimax_h3; rater_4_minimax_h3; rater_7_minimax_h3; rater_1_minimax_h3,,3
minimax_h3__cooking_oil__seed_101,cooking_oil,minimax_h3,101,ai,A6,,Cup containing one tablespoon of cooking oil.,minimax_h3,101,ai,minimax_h3__seed_101.mp4,,2.00,2.00,,,,,2.00,2.00,2.00,2.00,2.00,partial,rater_3_minimax_h3; rater_6_minimax_h3; rater_4_minimax_h3; rater_7_minimax_h3; rater_1_minimax_h3,,3
minimax_h3__cooking_oil__seed_202,cooking_oil,minimax_h3,202,ai,A6,,Cup containing one tablespoon of cooking oil.,minimax_h3,202,ai,minimax_h3__seed_202.mp4,,1.00,1.33,,,,,1.00,1.33,1.00,1.33,1.15,partial,rater_3_minimax_h3; rater_6_minimax_h3; rater_4_minimax_h3; rater_7_minimax_h3; rater_1_minimax_h3,,3
minimax_h3__cooking_oil__seed_303,cooking_oil,minimax_h3,303,ai,A6,,Cup containing one tablespoon of cooking oil.,minimax_h3,303,ai,minimax_h3__seed_303.mp4,,,,,,,,,,,,,empty,rater_3_minimax_h3; rater_6_minimax_h3; rater_4_minimax_h3; rater_7_minimax_h3; rater_1_minimax_h3,,3
minimax_h3__cut_chocolate_bar__seed_101,cut_chocolate_bar,minimax_h3,101,ai,A8,,"The unwrapped chocolate bar is cut into two halves, both then placed inside the closed yellow container",minimax_h3,101,ai,minimax_h3__seed_101.mp4,,2.20,2.60,,,,,2.20,2.60,2.20,2.60,2.39,partial,rater_3_minimax_h3; rater_6_minimax_h3; rater_4_minimax_h3; rater_7_minimax_h3; rater_1_minimax_h3,,3
minimax_h3__cut_chocolate_bar__seed_202,cut_chocolate_bar,minimax_h3,202,ai,A8,,"The unwrapped chocolate bar is cut into two halves, both then placed inside the closed yellow container",minimax_h3,202,ai,minimax_h3__seed_202.mp4,,0.80,2.33,,,,,0.80,2.33,0.80,2.33,1.37,partial,rater_3_minimax_h3; rater_6_minimax_h3; rater_4_minimax_h3; rater_7_minimax_h3; rater_1_minimax_h3,,3
minimax_h3__cut_chocolate_bar__seed_303,cut_chocolate_bar,minimax_h3,303,ai,A8,,"The unwrapped chocolate bar is cut into two halves, both then placed inside the closed yellow container",minimax_h3,303,ai,minimax_h3__seed_303.mp4,,,,,,,,,,,,,empty,rater_3_minimax_h3; rater_6_minimax_h3; rater_4_minimax_h3; rater_7_minimax_h3; rater_1_minimax_h3,,3
minimax_h3__desk_mat_tablet__seed_101,desk_mat_tablet,minimax_h3,101,ai,A1,,"Rolled-up desk mat to the left of the tablet, with the book on top of the tablet.",minimax_h3,101,ai,minimax_h3__seed_101.mp4,,1.40,2.80,,,,,1.40,2.80,1.40,2.80,1.98,partial,rater_3_minimax_h3; rater_6_minimax_h3; rater_4_minimax_h3; rater_7_minimax_h3; rater_1_minimax_h3,,3
minimax_h3__desk_mat_tablet__seed_202,desk_mat_tablet,minimax_h3,202,ai,A1,,"Rolled-up desk mat to the left of the tablet, with the book on top of the tablet.",minimax_h3,202,ai,minimax_h3__seed_202.mp4,,1.00,2.00,,,,,1.00,2.00,1.00,2.00,1.41,partial,rater_3_minimax_h3; rater_6_minimax_h3; rater_4_minimax_h3; rater_7_minimax_h3; rater_1_minimax_h3,,3
minimax_h3__desk_mat_tablet__seed_303,desk_mat_tablet,minimax_h3,303,ai,A1,,"Rolled-up desk mat to the left of the tablet, with the book on top of the tablet.",minimax_h3,303,ai,minimax_h3__seed_303.mp4,,,,,,,,,,,,,empty,rater_3_minimax_h3; rater_6_minimax_h3; rater_4_minimax_h3; rater_7_minimax_h3; rater_1_minimax_h3,,3
minimax_h3__dish_washdry__seed_101,dish_washdry,minimax_h3,101,ai,A7,,"Dish and spoon clean and dry on the counter, with the drying towel beside them.",minimax_h3,101,ai,minimax_h3__seed_101.mp4,,,,,,,,,,,,,empty,rater_3_minimax_h3; rater_6_minimax_h3; rater_4_minimax_h3; rater_7_minimax_h3; rater_1_minimax_h3,,3
minimax_h3__dish_washdry__seed_202,dish_washdry,minimax_h3,202,ai,A7,,"Dish and spoon clean and dry on the counter, with the drying towel beside them.",minimax_h3,202,ai,minimax_h3__seed_202.mp4,,0.56,1.67,,,,,0.56,1.67,0.56,1.67,0.96,partial,rater_3_minimax_h3; rater_6_minimax_h3; rater_4_minimax_h3; rater_7_minimax_h3; rater_1_minimax_h3,,3
minimax_h3__dish_washdry__seed_303,dish_washdry,minimax_h3,303,ai,A7,,"Dish and spoon clean and dry on the counter, with the drying towel beside them.",minimax_h3,303,ai,minimax_h3__seed_303.mp4,,,,,,,,,,,,,empty,rater_3_minimax_h3; rater_6_minimax_h3; rater_4_minimax_h3; rater_7_minimax_h3; rater_1_minimax_h3,,3
minimax_h3__double_shoe_box__seed_101,double_shoe_box,minimax_h3,101,ai,A2,,"The closed shoe box containing the yellow-black shoe is placed on the blue chair, with the red shoe on top of the box",minimax_h3,101,ai,minimax_h3__seed_101.mp4,,3.00,2.80,,,,,3.00,2.80,3.00,2.80,2.90,partial,rater_3_minimax_h3; rater_6_minimax_h3; rater_4_minimax_h3; rater_7_minimax_h3; rater_1_minimax_h3,,3
minimax_h3__double_shoe_box__seed_202,double_shoe_box,minimax_h3,202,ai,A2,,"The closed shoe box containing the yellow-black shoe is placed on the blue chair, with the red shoe on top of the box",minimax_h3,202,ai,minimax_h3__seed_202.mp4,,3.00,3.60,,,,,3.00,3.60,3.00,3.60,3.29,partial,rater_3_minimax_h3; rater_6_minimax_h3; rater_4_minimax_h3; rater_7_minimax_h3; rater_1_minimax_h3,,3
minimax_h3__double_shoe_box__seed_303,double_shoe_box,minimax_h3,303,ai,A2,,"The closed shoe box containing the yellow-black shoe is placed on the blue chair, with the red shoe on top of the box",minimax_h3,303,ai,minimax_h3__seed_303.mp4,,3.00,2.80,,,,,3.00,2.80,3.00,2.80,2.90,partial,rater_3_minimax_h3; rater_6_minimax_h3; rater_4_minimax_h3; rater_7_minimax_h3; rater_1_minimax_h3,,3
minimax_h3__egg_candy_air_fryer__seed_101,egg_candy_air_fryer,minimax_h3,101,ai,A2,,"Egg and candy placed inside the bowl, with the bowl stored inside the closed air fryer and the black electrical plug connected to the white outlet.",minimax_h3,101,ai,minimax_h3__seed_101.mp4,,3.00,3.20,,,,,3.00,3.20,3.00,3.20,3.10,partial,rater_3_minimax_h3; rater_6_minimax_h3; rater_4_minimax_h3; rater_7_minimax_h3; rater_1_minimax_h3,,3
minimax_h3__egg_candy_air_fryer__seed_202,egg_candy_air_fryer,minimax_h3,202,ai,A2,,"Egg and candy placed inside the bowl, with the bowl stored inside the closed air fryer and the black electrical plug connected to the white outlet.",minimax_h3,202,ai,minimax_h3__seed_202.mp4,,1.40,1.33,,,,,1.40,1.33,1.40,1.33,1.37,partial,rater_3_minimax_h3; rater_6_minimax_h3; rater_4_minimax_h3; rater_7_minimax_h3; rater_1_minimax_h3,,3
minimax_h3__egg_candy_air_fryer__seed_303,egg_candy_air_fryer,minimax_h3,303,ai,A2,,"Egg and candy placed inside the bowl, with the bowl stored inside the closed air fryer and the black electrical plug connected to the white outlet.",minimax_h3,303,ai,minimax_h3__seed_303.mp4,,,,,,,,,,,,,empty,rater_3_minimax_h3; rater_6_minimax_h3; rater_4_minimax_h3; rater_7_minimax_h3; rater_1_minimax_h3,,3
minimax_h3__egg_sauce_container__seed_101,egg_sauce_container,minimax_h3,101,ai,A2,,"Egg stored inside the closed container beside the sauces, with the sauce bottles and pepper bottle standing upright.",minimax_h3,101,ai,minimax_h3__seed_101.mp4,,1.71,1.86,,,,,1.71,1.86,1.71,1.86,1.78,partial,rater_3_minimax_h3; rater_6_minimax_h3; rater_4_minimax_h3; rater_7_minimax_h3; rater_1_minimax_h3,,3
minimax_h3__egg_sauce_container__seed_202,egg_sauce_container,minimax_h3,202,ai,A2,,"Egg stored inside the closed container beside the sauces, with the sauce bottles and pepper bottle standing upright.",minimax_h3,202,ai,minimax_h3__seed_202.mp4,,,,,,,,,,,,,empty,rater_3_minimax_h3; rater_6_minimax_h3; rater_4_minimax_h3; rater_7_minimax_h3; rater_1_minimax_h3,,3
minimax_h3__egg_sauce_container__seed_303,egg_sauce_container,minimax_h3,303,ai,A2,,"Egg stored inside the closed container beside the sauces, with the sauce bottles and pepper bottle standing upright.",minimax_h3,303,ai,minimax_h3__seed_303.mp4,,,,,,,,,,,,,empty,rater_3_minimax_h3; rater_6_minimax_h3; rater_4_minimax_h3; rater_7_minimax_h3; rater_1_minimax_h3,,3
minimax_h3__handcuffs_stethoscope__seed_101,handcuffs_stethoscope,minimax_h3,101,ai,A2,,"Handcuffs and stethoscope stored inside the tote bag, with the tote bag placed inside the closed top drawer of the desktop storage and the belt positioned on top of the storage.",minimax_h3,101,ai,minimax_h3__seed_101.mp4,,2.40,3.20,,,,,2.40,3.20,2.40,3.20,2.77,partial,rater_3_minimax_h3; rater_6_minimax_h3; rater_4_minimax_h3; rater_7_minimax_h3; rater_1_minimax_h3,,3
minimax_h3__handcuffs_stethoscope__seed_202,handcuffs_stethoscope,minimax_h3,202,ai,A2,,"Handcuffs and stethoscope stored inside the tote bag, with the tote bag placed inside the closed top drawer of the desktop storage and the belt positioned on top of the storage.",minimax_h3,202,ai,minimax_h3__seed_202.mp4,,,,,,,,,,,,,empty,rater_3_minimax_h3; rater_6_minimax_h3; rater_4_minimax_h3; rater_7_minimax_h3; rater_1_minimax_h3,,3
minimax_h3__handcuffs_stethoscope__seed_303,handcuffs_stethoscope,minimax_h3,303,ai,A2,,"Handcuffs and stethoscope stored inside the tote bag, with the tote bag placed inside the closed top drawer of the desktop storage and the belt positioned on top of the storage.",minimax_h3,303,ai,minimax_h3__seed_303.mp4,,,,,,,,,,,,,empty,rater_3_minimax_h3; rater_6_minimax_h3; rater_4_minimax_h3; rater_7_minimax_h3; rater_1_minimax_h3,,3
minimax_h3__kendama_can__seed_101,kendama_can,minimax_h3,101,ai,A4,,"Kendama ball properly attached to the standing kendama stick that was originally laid down, with the yellow can stacked on top of the other can.",minimax_h3,101,ai,minimax_h3__seed_101.mp4,,2.67,1.67,,,,,2.67,1.67,2.67,1.67,2.11,partial,rater_3_minimax_h3; rater_6_minimax_h3; rater_4_minimax_h3; rater_7_minimax_h3; rater_1_minimax_h3,,3
minimax_h3__kendama_can__seed_202,kendama_can,minimax_h3,202,ai,A4,,"Kendama ball properly attached to the standing kendama stick that was originally laid down, with the yellow can stacked on top of the other can.",minimax_h3,202,ai,minimax_h3__seed_202.mp4,,2.50,2.50,,,,,2.50,2.50,2.50,2.50,2.50,partial,rater_3_minimax_h3; rater_6_minimax_h3; rater_4_minimax_h3; rater_7_minimax_h3; rater_1_minimax_h3,,3
minimax_h3__kendama_can__seed_303,kendama_can,minimax_h3,303,ai,A4,,"Kendama ball properly attached to the standing kendama stick that was originally laid down, with the yellow can stacked on top of the other can.",minimax_h3,303,ai,minimax_h3__seed_303.mp4,,1.33,0.00,,,,,1.33,0.00,1.33,0.00,0.00,partial,rater_3_minimax_h3; rater_6_minimax_h3; rater_4_minimax_h3; rater_7_minimax_h3; rater_1_minimax_h3,,3
minimax_h3__key_lanyard__seed_101,key_lanyard,minimax_h3,101,ai,A2,,"Lanyard and toy car inside the jar, with the detached key from the lanyard inside the trash can.",minimax_h3,101,ai,minimax_h3__seed_101.mp4,,1.00,2.00,,,,,1.00,2.00,1.00,2.00,1.41,partial,rater_3_minimax_h3; rater_6_minimax_h3; rater_4_minimax_h3; rater_7_minimax_h3; rater_1_minimax_h3,,3
minimax_h3__key_lanyard__seed_202,key_lanyard,minimax_h3,202,ai,A2,,"Lanyard and toy car inside the jar, with the detached key from the lanyard inside the trash can.",minimax_h3,202,ai,minimax_h3__seed_202.mp4,,1.40,2.67,,,,,1.40,2.67,1.40,2.67,1.93,partial,rater_3_minimax_h3; rater_6_minimax_h3; rater_4_minimax_h3; rater_7_minimax_h3; rater_1_minimax_h3,,3
minimax_h3__key_lanyard__seed_303,key_lanyard,minimax_h3,303,ai,A2,,"Lanyard and toy car inside the jar, with the detached key from the lanyard inside the trash can.",minimax_h3,303,ai,minimax_h3__seed_303.mp4,,,,,,,,,,,,,empty,rater_3_minimax_h3; rater_6_minimax_h3; rater_4_minimax_h3; rater_7_minimax_h3; rater_1_minimax_h3,,3
minimax_h3__laptop_open__seed_101,laptop_open,minimax_h3,101,ai,A3,,"Laptop lid open, with the key and pen placed together on the left side of the laptop.",minimax_h3,101,ai,minimax_h3__seed_101.mp4,,2.33,2.67,,,,,2.33,2.67,2.33,2.67,2.49,partial,rater_3_minimax_h3; rater_6_minimax_h3; rater_4_minimax_h3; rater_7_minimax_h3; rater_1_minimax_h3,,3
minimax_h3__laptop_open__seed_202,laptop_open,minimax_h3,202,ai,A3,,"Laptop lid open, with the key and pen placed together on the left side of the laptop.",minimax_h3,202,ai,minimax_h3__seed_202.mp4,,3.00,4.00,,,,,3.00,4.00,3.00,4.00,3.46,partial,rater_3_minimax_h3; rater_6_minimax_h3; rater_4_minimax_h3; rater_7_minimax_h3; rater_1_minimax_h3,,3
minimax_h3__laptop_open__seed_303,laptop_open,minimax_h3,303,ai,A3,,"Laptop lid open, with the key and pen placed together on the left side of the laptop.",minimax_h3,303,ai,minimax_h3__seed_303.mp4,,1.67,3.00,,,,,1.67,3.00,1.67,3.00,2.24,partial,rater_3_minimax_h3; rater_6_minimax_h3; rater_4_minimax_h3; rater_7_minimax_h3; rater_1_minimax_h3,,3
minimax_h3__line_marker_calculator__seed_101,line_marker_calculator,minimax_h3,101,ai,A7,,"A vertical line drawn with a marker in the middle of the paper, with the pen and capped/closed marker on the left side of the line and the calculator on the right side of it.",minimax_h3,101,ai,minimax_h3__seed_101.mp4,,1.67,2.00,,,,,1.67,2.00,1.67,2.00,1.83,partial,rater_3_minimax_h3; rater_6_minimax_h3; rater_4_minimax_h3; rater_7_minimax_h3; rater_1_minimax_h3,,3
minimax_h3__line_marker_calculator__seed_202,line_marker_calculator,minimax_h3,202,ai,A7,,"A vertical line drawn with a marker in the middle of the paper, with the pen and capped/closed marker on the left side of the line and the calculator on the right side of it.",minimax_h3,202,ai,minimax_h3__seed_202.mp4,,0.40,0.00,,,,,0.40,0.00,0.40,0.00,0.00,partial,rater_3_minimax_h3; rater_6_minimax_h3; rater_4_minimax_h3; rater_7_minimax_h3; rater_1_minimax_h3,,3
minimax_h3__line_marker_calculator__seed_303,line_marker_calculator,minimax_h3,303,ai,A7,,"A vertical line drawn with a marker in the middle of the paper, with the pen and capped/closed marker on the left side of the line and the calculator on the right side of it.",minimax_h3,303,ai,minimax_h3__seed_303.mp4,,,,,,,,,,,,,empty,rater_3_minimax_h3; rater_6_minimax_h3; rater_4_minimax_h3; rater_7_minimax_h3; rater_1_minimax_h3,,3
minimax_h3__paper_binder_book__seed_101,paper_binder_book,minimax_h3,101,ai,A4,,"Blank loose-leaf paper attached to the ring binder, with the scissors inside the closed red book resting on top of the closed ring binder.",minimax_h3,101,ai,minimax_h3__seed_101.mp4,,1.60,2.40,,,,,1.60,2.40,1.60,2.40,1.96,partial,rater_3_minimax_h3; rater_6_minimax_h3; rater_4_minimax_h3; rater_7_minimax_h3; rater_1_minimax_h3,,3
minimax_h3__paper_binder_book__seed_202,paper_binder_book,minimax_h3,202,ai,A4,,"Blank loose-leaf paper attached to the ring binder, with the scissors inside the closed red book resting on top of the closed ring binder.",minimax_h3,202,ai,minimax_h3__seed_202.mp4,,,,,,,,,,,,,empty,rater_3_minimax_h3; rater_6_minimax_h3; rater_4_minimax_h3; rater_7_minimax_h3; rater_1_minimax_h3,,3
minimax_h3__paper_binder_book__seed_303,paper_binder_book,minimax_h3,303,ai,A4,,"Blank loose-leaf paper attached to the ring binder, with the scissors inside the closed red book resting on top of the closed ring binder.",minimax_h3,303,ai,minimax_h3__seed_303.mp4,,,,,,,,,,,,,empty,rater_3_minimax_h3; rater_6_minimax_h3; rater_4_minimax_h3; rater_7_minimax_h3; rater_1_minimax_h3,,3
minimax_h3__racket_backpack__seed_101,racket_backpack,minimax_h3,101,ai,A2,,"Tennis racket inside the front backpack compartment, with the tie and cap inside the main compartment.",minimax_h3,101,ai,minimax_h3__seed_101.mp4,,1.75,3.50,,,,,1.75,3.50,1.75,3.50,2.47,partial,rater_3_minimax_h3; rater_6_minimax_h3; rater_4_minimax_h3; rater_7_minimax_h3; rater_1_minimax_h3,,3
minimax_h3__racket_backpack__seed_202,racket_backpack,minimax_h3,202,ai,A2,,"Tennis racket inside the front backpack compartment, with the tie and cap inside the main compartment.",minimax_h3,202,ai,minimax_h3__seed_202.mp4,,0.00,,,,,,0.00,,0.00,,,partial,rater_3_minimax_h3; rater_6_minimax_h3; rater_4_minimax_h3; rater_7_minimax_h3; rater_1_minimax_h3,,3
minimax_h3__racket_backpack__seed_303,racket_backpack,minimax_h3,303,ai,A2,,"Tennis racket inside the front backpack compartment, with the tie and cap inside the main compartment.",minimax_h3,303,ai,minimax_h3__seed_303.mp4,,,,,,,,,,,,,empty,rater_3_minimax_h3; rater_6_minimax_h3; rater_4_minimax_h3; rater_7_minimax_h3; rater_1_minimax_h3,,3
minimax_h3__remote_marker_stand__seed_101,remote_marker_stand,minimax_h3,101,ai,A2,,"The marker is inside the red stationery case, the white AC remote is inside the standing remote holder, and the green notebook is on the laptop stand.",minimax_h3,101,ai,minimax_h3__seed_101.mp4,,2.75,2.00,,,,,2.75,2.00,2.75,2.00,2.35,partial,rater_3_minimax_h3; rater_6_minimax_h3; rater_4_minimax_h3; rater_7_minimax_h3; rater_1_minimax_h3,,3
minimax_h3__remote_marker_stand__seed_202,remote_marker_stand,minimax_h3,202,ai,A2,,"The marker is inside the red stationery case, the white AC remote is inside the standing remote holder, and the green notebook is on the laptop stand.",minimax_h3,202,ai,minimax_h3__seed_202.mp4,,3.00,3.50,,,,,3.00,3.50,3.00,3.50,3.24,partial,rater_3_minimax_h3; rater_6_minimax_h3; rater_4_minimax_h3; rater_7_minimax_h3; rater_1_minimax_h3,,3
minimax_h3__remote_marker_stand__seed_303,remote_marker_stand,minimax_h3,303,ai,A2,,"The marker is inside the red stationery case, the white AC remote is inside the standing remote holder, and the green notebook is on the laptop stand.",minimax_h3,303,ai,minimax_h3__seed_303.mp4,,2.50,4.00,,,,,2.50,4.00,2.50,4.00,3.16,partial,rater_3_minimax_h3; rater_6_minimax_h3; rater_4_minimax_h3; rater_7_minimax_h3; rater_1_minimax_h3,,3
minimax_h3__sanitary_face_wash__seed_101,sanitary_face_wash,minimax_h3,101,ai,A2,,"White tube, orange bottle, dark bottle, and their loose caps stored inside the closed pink pouch.",minimax_h3,101,ai,minimax_h3__seed_101.mp4,,2.20,2.20,,,,,2.20,2.20,2.20,2.20,2.20,partial,rater_3_minimax_h3; rater_6_minimax_h3; rater_4_minimax_h3; rater_7_minimax_h3; rater_1_minimax_h3,,3
minimax_h3__sanitary_face_wash__seed_202,sanitary_face_wash,minimax_h3,202,ai,A2,,"White tube, orange bottle, dark bottle, and their loose caps stored inside the closed pink pouch.",minimax_h3,202,ai,minimax_h3__seed_202.mp4,,1.67,2.50,,,,,1.67,2.50,1.67,2.50,2.04,partial,rater_3_minimax_h3; rater_6_minimax_h3; rater_4_minimax_h3; rater_7_minimax_h3; rater_1_minimax_h3,,3
minimax_h3__sanitary_face_wash__seed_303,sanitary_face_wash,minimax_h3,303,ai,A2,,"White tube, orange bottle, dark bottle, and their loose caps stored inside the closed pink pouch.",minimax_h3,303,ai,minimax_h3__seed_303.mp4,,2.40,4.00,,,,,2.40,4.00,2.40,4.00,3.10,partial,rater_3_minimax_h3; rater_6_minimax_h3; rater_4_minimax_h3; rater_7_minimax_h3; rater_1_minimax_h3,,3
minimax_h3__sock_bucket__seed_101,sock_bucket,minimax_h3,101,ai,A2,,"AirPod case placed in front of the socks, with the socks folded together and stored inside the bucket.",minimax_h3,101,ai,minimax_h3__seed_101.mp4,,2.67,4.00,,,,,2.67,4.00,2.67,4.00,3.27,partial,rater_3_minimax_h3; rater_6_minimax_h3; rater_4_minimax_h3; rater_7_minimax_h3; rater_1_minimax_h3,,3
minimax_h3__sock_bucket__seed_202,sock_bucket,minimax_h3,202,ai,A2,,"AirPod case placed in front of the socks, with the socks folded together and stored inside the bucket.",minimax_h3,202,ai,minimax_h3__seed_202.mp4,,1.25,2.00,,,,,1.25,2.00,1.25,2.00,1.58,partial,rater_3_minimax_h3; rater_6_minimax_h3; rater_4_minimax_h3; rater_7_minimax_h3; rater_1_minimax_h3,,3
minimax_h3__sock_bucket__seed_303,sock_bucket,minimax_h3,303,ai,A2,,"AirPod case placed in front of the socks, with the socks folded together and stored inside the bucket.",minimax_h3,303,ai,minimax_h3__seed_303.mp4,,2.33,3.00,,,,,2.33,3.00,2.33,3.00,2.65,partial,rater_3_minimax_h3; rater_6_minimax_h3; rater_4_minimax_h3; rater_7_minimax_h3; rater_1_minimax_h3,,3
minimax_h3__stack_blocks__seed_101,stack_blocks,minimax_h3,101,ai,A1,,"The blocks are stacked from bottom to top in this order: yellow, green, red, blue.",minimax_h3,101,ai,minimax_h3__seed_101.mp4,,2.33,4.00,,,,,2.33,4.00,2.33,4.00,3.06,partial,rater_3_minimax_h3; rater_6_minimax_h3; rater_4_minimax_h3; rater_7_minimax_h3; rater_1_minimax_h3,,3
minimax_h3__stack_blocks__seed_202,stack_blocks,minimax_h3,202,ai,A1,,"The blocks are stacked from bottom to top in this order: yellow, green, red, blue.",minimax_h3,202,ai,minimax_h3__seed_202.mp4,,1.00,1.33,,,,,1.00,1.33,1.00,1.33,1.15,partial,rater_3_minimax_h3; rater_6_minimax_h3; rater_4_minimax_h3; rater_7_minimax_h3; rater_1_minimax_h3,,3
minimax_h3__stack_blocks__seed_303,stack_blocks,minimax_h3,303,ai,A1,,"The blocks are stacked from bottom to top in this order: yellow, green, red, blue.",minimax_h3,303,ai,minimax_h3__seed_303.mp4,,,,,,,,,,,,,empty,rater_3_minimax_h3; rater_6_minimax_h3; rater_4_minimax_h3; rater_7_minimax_h3; rater_1_minimax_h3,,3
minimax_h3__toothbrush_case__seed_101,toothbrush_case,minimax_h3,101,ai,A2,,Closed toothpaste and folded toothbrush stored inside the closed travel case.,minimax_h3,101,ai,minimax_h3__seed_101.mp4,,2.00,1.50,,,,,2.00,1.50,2.00,1.50,1.73,partial,rater_3_minimax_h3; rater_6_minimax_h3; rater_4_minimax_h3; rater_7_minimax_h3; rater_1_minimax_h3,,3
minimax_h3__toothbrush_case__seed_202,toothbrush_case,minimax_h3,202,ai,A2,,Closed toothpaste and folded toothbrush stored inside the closed travel case.,minimax_h3,202,ai,minimax_h3__seed_202.mp4,,2.40,2.60,,,,,2.40,2.60,2.40,2.60,2.50,partial,rater_3_minimax_h3; rater_6_minimax_h3; rater_4_minimax_h3; rater_7_minimax_h3; rater_1_minimax_h3,,3
minimax_h3__toothbrush_case__seed_303,toothbrush_case,minimax_h3,303,ai,A2,,Closed toothpaste and folded toothbrush stored inside the closed travel case.,minimax_h3,303,ai,minimax_h3__seed_303.mp4,,2.80,0.80,,,,,2.80,0.80,2.80,0.80,1.50,partial,rater_3_minimax_h3; rater_6_minimax_h3; rater_4_minimax_h3; rater_7_minimax_h3; rater_1_minimax_h3,,3
minimax_h3__toothpaste_water__seed_101,toothpaste_water,minimax_h3,101,ai,A7,,"Toothpaste applied to the toothbrush, with the toothbrush rinsed and the toothpaste tube closed.",minimax_h3,101,ai,minimax_h3__seed_101.mp4,,0.80,0.33,,,,,0.80,0.33,0.80,0.33,0.52,partial,rater_3_minimax_h3; rater_6_minimax_h3; rater_4_minimax_h3; rater_7_minimax_h3; rater_1_minimax_h3,,3
minimax_h3__toothpaste_water__seed_202,toothpaste_water,minimax_h3,202,ai,A7,,"Toothpaste applied to the toothbrush, with the toothbrush rinsed and the toothpaste tube closed.",minimax_h3,202,ai,minimax_h3__seed_202.mp4,,1.25,1.25,,,,,1.25,1.25,1.25,1.25,1.25,partial,rater_3_minimax_h3; rater_6_minimax_h3; rater_4_minimax_h3; rater_7_minimax_h3; rater_1_minimax_h3,,3
minimax_h3__toothpaste_water__seed_303,toothpaste_water,minimax_h3,303,ai,A7,,"Toothpaste applied to the toothbrush, with the toothbrush rinsed and the toothpaste tube closed.",minimax_h3,303,ai,minimax_h3__seed_303.mp4,,0.60,1.67,,,,,0.60,1.67,0.60,1.67,1.00,partial,rater_3_minimax_h3; rater_6_minimax_h3; rater_4_minimax_h3; rater_7_minimax_h3; rater_1_minimax_h3,,3
GTREF__acoustic_electric_guitar__1,acoustic_electric_guitar,human_reference,ref_1,ground_truth_reference,A4,,"The acoustic and electric guitars are each secured in separate holders on the double guitar stand, with the black cap hanging from the electric guitar’s headstock.",human_reference,ref_1,ground_truth_reference,correct_1.mp4,,,,,,,,,,,,,empty,,,3
GTREF__acoustic_electric_guitar__2,acoustic_electric_guitar,human_reference,ref_2,ground_truth_reference,A4,,"The acoustic and electric guitars are each secured in separate holders on the double guitar stand, with the black cap hanging from the electric guitar’s headstock.",human_reference,ref_2,ground_truth_reference,correct_2.mp4,,,,,,,,,,,,,empty,,,3
GTREF__acoustic_electric_guitar__3,acoustic_electric_guitar,human_reference,ref_3,ground_truth_reference,A4,,"The acoustic and electric guitars are each secured in separate holders on the double guitar stand, with the black cap hanging from the electric guitar’s headstock.",human_reference,ref_3,ground_truth_reference,correct_3.mp4,,,,,,,,,,,,,empty,,,3
GTREF__air_freshener_dispenser__1,air_freshener_dispenser,human_reference,ref_1,ground_truth_reference,A2,,"The green air freshener is installed in the automatic dispenser, and the white air freshener and green cap are inside the green tote bag.",human_reference,ref_1,ground_truth_reference,correct_1.mp4,,,,,,,,,,,,,empty,,,3
GTREF__air_freshener_dispenser__2,air_freshener_dispenser,human_reference,ref_2,ground_truth_reference,A2,,"The green air freshener is installed in the automatic dispenser, and the white air freshener and green cap are inside the green tote bag.",human_reference,ref_2,ground_truth_reference,correct_2.mp4,,,,,,,,,,,,,empty,,,3
GTREF__air_freshener_dispenser__3,air_freshener_dispenser,human_reference,ref_3,ground_truth_reference,A2,,"The green air freshener is installed in the automatic dispenser, and the white air freshener and green cap are inside the green tote bag.",human_reference,ref_3,ground_truth_reference,correct_3.mp4,,,,,,,,,,,,,empty,,,3
GTREF__aromatic_cube_leaf__1,aromatic_cube_leaf,human_reference,ref_1,ground_truth_reference,A2,,"The diffuser stick is in the diffuser bottle, the orange cube from the white container is in the blue calendar case beside the other cube, and the diffuser leaf is on top of the brown powder in the white container.",human_reference,ref_1,ground_truth_reference,correct_1.mp4,,,,,,,,,,,,,empty,,,3
GTREF__aromatic_cube_leaf__2,aromatic_cube_leaf,human_reference,ref_2,ground_truth_reference,A2,,"The diffuser stick is in the diffuser bottle, the orange cube from the white container is in the blue calendar case beside the other cube, and the diffuser leaf is on top of the brown powder in the white container.",human_reference,ref_2,ground_truth_reference,correct_2.mp4,,,,,,,,,,,,,empty,,,3
GTREF__aromatic_cube_leaf__3,aromatic_cube_leaf,human_reference,ref_3,ground_truth_reference,A2,,"The diffuser stick is in the diffuser bottle, the orange cube from the white container is in the blue calendar case beside the other cube, and the diffuser leaf is on top of the brown powder in the white container.",human_reference,ref_3,ground_truth_reference,correct_3.mp4,,,,,,,,,,,,,empty,,,3
GTREF__banknote_card_coin__1,banknote_card_coin,human_reference,ref_1,ground_truth_reference,A2,,"Banknote and card in the wallet's visible bill and card compartments, with the coin in the small bowl.",human_reference,ref_1,ground_truth_reference,correct_1.mp4,,,,,,,,,,,,,empty,,,3
GTREF__banknote_card_coin__2,banknote_card_coin,human_reference,ref_2,ground_truth_reference,A2,,"Banknote and card in the wallet's visible bill and card compartments, with the coin in the small bowl.",human_reference,ref_2,ground_truth_reference,correct_2.mp4,,,,,,,,,,,,,empty,,,3
GTREF__banknote_card_coin__3,banknote_card_coin,human_reference,ref_3,ground_truth_reference,A2,,"Banknote and card in the wallet's visible bill and card compartments, with the coin in the small bowl.",human_reference,ref_3,ground_truth_reference,correct_3.mp4,,,,,,,,,,,,,empty,,,3
GTREF__candle_lighter__1,candle_lighter,human_reference,ref_1,ground_truth_reference,A9,,"Fire-lit candle, with the lighter and key stored inside the jeans pocket and the jeans positioned to the left of the candle.",human_reference,ref_1,ground_truth_reference,correct_1.mp4,,,,,,,,,,,,,empty,,,3
GTREF__candle_lighter__2,candle_lighter,human_reference,ref_2,ground_truth_reference,A9,,"Fire-lit candle, with the lighter and key stored inside the jeans pocket and the jeans positioned to the left of the candle.",human_reference,ref_2,ground_truth_reference,correct_2.mp4,,,,,,,,,,,,,empty,,,3
GTREF__candle_lighter__3,candle_lighter,human_reference,ref_3,ground_truth_reference,A9,,"Fire-lit candle, with the lighter and key stored inside the jeans pocket and the jeans positioned to the left of the candle.",human_reference,ref_3,ground_truth_reference,correct_3.mp4,,,,,,,,,,,,,empty,,,3
GTREF__cooking_oil__1,cooking_oil,human_reference,ref_1,ground_truth_reference,A6,,Cup containing one tablespoon of cooking oil.,human_reference,ref_1,ground_truth_reference,correct_1.mp4,,,,,,,,,,,,,empty,,,3
GTREF__cooking_oil__2,cooking_oil,human_reference,ref_2,ground_truth_reference,A6,,Cup containing one tablespoon of cooking oil.,human_reference,ref_2,ground_truth_reference,correct_2.mp4,,,,,,,,,,,,,empty,,,3
GTREF__cooking_oil__3,cooking_oil,human_reference,ref_3,ground_truth_reference,A6,,Cup containing one tablespoon of cooking oil.,human_reference,ref_3,ground_truth_reference,correct_3.mp4,,,,,,,,,,,,,empty,,,3
GTREF__cut_chocolate_bar__1,cut_chocolate_bar,human_reference,ref_1,ground_truth_reference,A8,,"The unwrapped chocolate bar is cut into two halves, both then placed inside the closed yellow container",human_reference,ref_1,ground_truth_reference,correct_1.mp4,,,,,,,,,,,,,empty,,,3
GTREF__cut_chocolate_bar__2,cut_chocolate_bar,human_reference,ref_2,ground_truth_reference,A8,,"The unwrapped chocolate bar is cut into two halves, both then placed inside the closed yellow container",human_reference,ref_2,ground_truth_reference,correct_2.mp4,,,,,,,,,,,,,empty,,,3
GTREF__cut_chocolate_bar__3,cut_chocolate_bar,human_reference,ref_3,ground_truth_reference,A8,,"The unwrapped chocolate bar is cut into two halves, both then placed inside the closed yellow container",human_reference,ref_3,ground_truth_reference,correct_3.mp4,,,,,,,,,,,,,empty,,,3
GTREF__desk_mat_tablet__1,desk_mat_tablet,human_reference,ref_1,ground_truth_reference,A1,,"Rolled-up desk mat to the left of the tablet, with the book on top of the tablet.",human_reference,ref_1,ground_truth_reference,correct_1.mp4,,,,,,,,,,,,,empty,,,3
GTREF__desk_mat_tablet__2,desk_mat_tablet,human_reference,ref_2,ground_truth_reference,A1,,"Rolled-up desk mat to the left of the tablet, with the book on top of the tablet.",human_reference,ref_2,ground_truth_reference,correct_2.mp4,,,,,,,,,,,,,empty,,,3
GTREF__desk_mat_tablet__3,desk_mat_tablet,human_reference,ref_3,ground_truth_reference,A1,,"Rolled-up desk mat to the left of the tablet, with the book on top of the tablet.",human_reference,ref_3,ground_truth_reference,correct_3.mp4,,,,,,,,,,,,,empty,,,3
GTREF__dish_washdry__1,dish_washdry,human_reference,ref_1,ground_truth_reference,A7,,"Dish and spoon clean and dry on the counter, with the drying towel beside them.",human_reference,ref_1,ground_truth_reference,correct_1.mp4,,,,,,,,,,,,,empty,,,3
GTREF__dish_washdry__2,dish_washdry,human_reference,ref_2,ground_truth_reference,A7,,"Dish and spoon clean and dry on the counter, with the drying towel beside them.",human_reference,ref_2,ground_truth_reference,correct_2.mp4,,,,,,,,,,,,,empty,,,3
GTREF__dish_washdry__3,dish_washdry,human_reference,ref_3,ground_truth_reference,A7,,"Dish and spoon clean and dry on the counter, with the drying towel beside them.",human_reference,ref_3,ground_truth_reference,correct_3.mp4,,,,,,,,,,,,,empty,,,3
GTREF__double_shoe_box__1,double_shoe_box,human_reference,ref_1,ground_truth_reference,A2,,"The closed shoe box containing the yellow-black shoe is placed on the blue chair, with the red shoe on top of the box",human_reference,ref_1,ground_truth_reference,correct_1.mp4,,,,,,,,,,,,,empty,,,3
GTREF__double_shoe_box__2,double_shoe_box,human_reference,ref_2,ground_truth_reference,A2,,"The closed shoe box containing the yellow-black shoe is placed on the blue chair, with the red shoe on top of the box",human_reference,ref_2,ground_truth_reference,correct_2.mp4,,,,,,,,,,,,,empty,,,3
GTREF__double_shoe_box__3,double_shoe_box,human_reference,ref_3,ground_truth_reference,A2,,"The closed shoe box containing the yellow-black shoe is placed on the blue chair, with the red shoe on top of the box",human_reference,ref_3,ground_truth_reference,correct_3.mp4,,,,,,,,,,,,,empty,,,3
GTREF__egg_candy_air_fryer__1,egg_candy_air_fryer,human_reference,ref_1,ground_truth_reference,A2,,"Egg and candy placed inside the bowl, with the bowl stored inside the closed air fryer and the black electrical plug connected to the white outlet.",human_reference,ref_1,ground_truth_reference,correct_1.mp4,,,,,,,,,,,,,empty,,,3
GTREF__egg_candy_air_fryer__2,egg_candy_air_fryer,human_reference,ref_2,ground_truth_reference,A2,,"Egg and candy placed inside the bowl, with the bowl stored inside the closed air fryer and the black electrical plug connected to the white outlet.",human_reference,ref_2,ground_truth_reference,correct_2.mp4,,,,,,,,,,,,,empty,,,3
GTREF__egg_candy_air_fryer__3,egg_candy_air_fryer,human_reference,ref_3,ground_truth_reference,A2,,"Egg and candy placed inside the bowl, with the bowl stored inside the closed air fryer and the black electrical plug connected to the white outlet.",human_reference,ref_3,ground_truth_reference,correct_3.mp4,,,,,,,,,,,,,empty,,,3
GTREF__egg_sauce_container__1,egg_sauce_container,human_reference,ref_1,ground_truth_reference,A2,,"Egg stored inside the closed container beside the sauces, with the sauce bottles and pepper bottle standing upright.",human_reference,ref_1,ground_truth_reference,correct_1.mp4,,,,,,,,,,,,,empty,,,3
GTREF__egg_sauce_container__2,egg_sauce_container,human_reference,ref_2,ground_truth_reference,A2,,"Egg stored inside the closed container beside the sauces, with the sauce bottles and pepper bottle standing upright.",human_reference,ref_2,ground_truth_reference,correct_2.mp4,,,,,,,,,,,,,empty,,,3
GTREF__egg_sauce_container__3,egg_sauce_container,human_reference,ref_3,ground_truth_reference,A2,,"Egg stored inside the closed container beside the sauces, with the sauce bottles and pepper bottle standing upright.",human_reference,ref_3,ground_truth_reference,correct_3.mp4,,,,,,,,,,,,,empty,,,3
GTREF__handcuffs_stethoscope__1,handcuffs_stethoscope,human_reference,ref_1,ground_truth_reference,A2,,"Handcuffs and stethoscope stored inside the tote bag, with the tote bag placed inside the closed top drawer of the desktop storage and the belt positioned on top of the storage.",human_reference,ref_1,ground_truth_reference,correct_1.mp4,,,,,,,,,,,,,empty,,,3
GTREF__handcuffs_stethoscope__2,handcuffs_stethoscope,human_reference,ref_2,ground_truth_reference,A2,,"Handcuffs and stethoscope stored inside the tote bag, with the tote bag placed inside the closed top drawer of the desktop storage and the belt positioned on top of the storage.",human_reference,ref_2,ground_truth_reference,correct_2.mp4,,,,,,,,,,,,,empty,,,3
GTREF__handcuffs_stethoscope__3,handcuffs_stethoscope,human_reference,ref_3,ground_truth_reference,A2,,"Handcuffs and stethoscope stored inside the tote bag, with the tote bag placed inside the closed top drawer of the desktop storage and the belt positioned on top of the storage.",human_reference,ref_3,ground_truth_reference,correct_3.mp4,,,,,,,,,,,,,empty,,,3
GTREF__kendama_can__1,kendama_can,human_reference,ref_1,ground_truth_reference,A4,,"Kendama ball properly attached to the standing kendama stick that was originally laid down, with the yellow can stacked on top of the other can.",human_reference,ref_1,ground_truth_reference,correct_1.mp4,,,,,,,,,,,,,empty,,,3
GTREF__kendama_can__2,kendama_can,human_reference,ref_2,ground_truth_reference,A4,,"Kendama ball properly attached to the standing kendama stick that was originally laid down, with the yellow can stacked on top of the other can.",human_reference,ref_2,ground_truth_reference,correct_2.mp4,,,,,,,,,,,,,empty,,,3
GTREF__kendama_can__3,kendama_can,human_reference,ref_3,ground_truth_reference,A4,,"Kendama ball properly attached to the standing kendama stick that was originally laid down, with the yellow can stacked on top of the other can.",human_reference,ref_3,ground_truth_reference,correct_3.mp4,,,,,,,,,,,,,empty,,,3
GTREF__key_lanyard__1,key_lanyard,human_reference,ref_1,ground_truth_reference,A2,,"Lanyard and toy car inside the jar, with the detached key from the lanyard inside the trash can.",human_reference,ref_1,ground_truth_reference,correct_1.mp4,,,,,,,,,,,,,empty,,,3
GTREF__key_lanyard__2,key_lanyard,human_reference,ref_2,ground_truth_reference,A2,,"Lanyard and toy car inside the jar, with the detached key from the lanyard inside the trash can.",human_reference,ref_2,ground_truth_reference,correct_2.mp4,,,,,,,,,,,,,empty,,,3
GTREF__key_lanyard__3,key_lanyard,human_reference,ref_3,ground_truth_reference,A2,,"Lanyard and toy car inside the jar, with the detached key from the lanyard inside the trash can.",human_reference,ref_3,ground_truth_reference,correct_3.mp4,,,,,,,,,,,,,empty,,,3
GTREF__laptop_open__1,laptop_open,human_reference,ref_1,ground_truth_reference,A3,,"Laptop lid open, with the key and pen placed together on the left side of the laptop.",human_reference,ref_1,ground_truth_reference,correct_1.mp4,,,,,,,,,,,,,empty,,,3
GTREF__laptop_open__2,laptop_open,human_reference,ref_2,ground_truth_reference,A3,,"Laptop lid open, with the key and pen placed together on the left side of the laptop.",human_reference,ref_2,ground_truth_reference,correct_2.mp4,,,,,,,,,,,,,empty,,,3
GTREF__laptop_open__3,laptop_open,human_reference,ref_3,ground_truth_reference,A3,,"Laptop lid open, with the key and pen placed together on the left side of the laptop.",human_reference,ref_3,ground_truth_reference,correct_3.mp4,,,,,,,,,,,,,empty,,,3
GTREF__line_marker_calculator__1,line_marker_calculator,human_reference,ref_1,ground_truth_reference,A7,,"A vertical line drawn with a marker in the middle of the paper, with the pen and capped/closed marker on the left side of the line and the calculator on the right side of it.",human_reference,ref_1,ground_truth_reference,correct_1.mp4,,,,,,,,,,,,,empty,,,3
GTREF__line_marker_calculator__2,line_marker_calculator,human_reference,ref_2,ground_truth_reference,A7,,"A vertical line drawn with a marker in the middle of the paper, with the pen and capped/closed marker on the left side of the line and the calculator on the right side of it.",human_reference,ref_2,ground_truth_reference,correct_2.mp4,,,,,,,,,,,,,empty,,,3
GTREF__line_marker_calculator__3,line_marker_calculator,human_reference,ref_3,ground_truth_reference,A7,,"A vertical line drawn with a marker in the middle of the paper, with the pen and capped/closed marker on the left side of the line and the calculator on the right side of it.",human_reference,ref_3,ground_truth_reference,correct_3.mp4,,,,,,,,,,,,,empty,,,3
GTREF__paper_binder_book__1,paper_binder_book,human_reference,ref_1,ground_truth_reference,A4,,"Blank loose-leaf paper attached to the ring binder, with the scissors inside the closed red book resting on top of the closed ring binder.",human_reference,ref_1,ground_truth_reference,correct_1.mp4,,,,,,,,,,,,,empty,,,3
GTREF__paper_binder_book__2,paper_binder_book,human_reference,ref_2,ground_truth_reference,A4,,"Blank loose-leaf paper attached to the ring binder, with the scissors inside the closed red book resting on top of the closed ring binder.",human_reference,ref_2,ground_truth_reference,correct_2.mp4,,,,,,,,,,,,,empty,,,3
GTREF__paper_binder_book__3,paper_binder_book,human_reference,ref_3,ground_truth_reference,A4,,"Blank loose-leaf paper attached to the ring binder, with the scissors inside the closed red book resting on top of the closed ring binder.",human_reference,ref_3,ground_truth_reference,correct_3.mp4,,,,,,,,,,,,,empty,,,3
GTREF__racket_backpack__1,racket_backpack,human_reference,ref_1,ground_truth_reference,A2,,"Tennis racket inside the front backpack compartment, with the tie and cap inside the main compartment.",human_reference,ref_1,ground_truth_reference,correct_1.mp4,,,,,,,,,,,,,empty,,,3
GTREF__racket_backpack__2,racket_backpack,human_reference,ref_2,ground_truth_reference,A2,,"Tennis racket inside the front backpack compartment, with the tie and cap inside the main compartment.",human_reference,ref_2,ground_truth_reference,correct_2.mp4,,,,,,,,,,,,,empty,,,3
GTREF__racket_backpack__3,racket_backpack,human_reference,ref_3,ground_truth_reference,A2,,"Tennis racket inside the front backpack compartment, with the tie and cap inside the main compartment.",human_reference,ref_3,ground_truth_reference,correct_3.mp4,,,,,,,,,,,,,empty,,,3
GTREF__remote_marker_stand__1,remote_marker_stand,human_reference,ref_1,ground_truth_reference,A2,,"The marker is inside the red stationery case, the white AC remote is inside the standing remote holder, and the green notebook is on the laptop stand.",human_reference,ref_1,ground_truth_reference,correct_1.mp4,,,,,,,,,,,,,empty,,,3
GTREF__remote_marker_stand__2,remote_marker_stand,human_reference,ref_2,ground_truth_reference,A2,,"The marker is inside the red stationery case, the white AC remote is inside the standing remote holder, and the green notebook is on the laptop stand.",human_reference,ref_2,ground_truth_reference,correct_2.mp4,,,,,,,,,,,,,empty,,,3
GTREF__remote_marker_stand__3,remote_marker_stand,human_reference,ref_3,ground_truth_reference,A2,,"The marker is inside the red stationery case, the white AC remote is inside the standing remote holder, and the green notebook is on the laptop stand.",human_reference,ref_3,ground_truth_reference,correct_3.mp4,,,,,,,,,,,,,empty,,,3
GTREF__sanitary_face_wash__1,sanitary_face_wash,human_reference,ref_1,ground_truth_reference,A2,,"White tube, orange bottle, dark bottle, and their loose caps stored inside the closed pink pouch.",human_reference,ref_1,ground_truth_reference,correct_1.mp4,,,,,,,,,,,,,empty,,,3
GTREF__sanitary_face_wash__2,sanitary_face_wash,human_reference,ref_2,ground_truth_reference,A2,,"White tube, orange bottle, dark bottle, and their loose caps stored inside the closed pink pouch.",human_reference,ref_2,ground_truth_reference,correct_2.mp4,,,,,,,,,,,,,empty,,,3
GTREF__sanitary_face_wash__3,sanitary_face_wash,human_reference,ref_3,ground_truth_reference,A2,,"White tube, orange bottle, dark bottle, and their loose caps stored inside the closed pink pouch.",human_reference,ref_3,ground_truth_reference,correct_3.mp4,,,,,,,,,,,,,empty,,,3
GTREF__sock_bucket__1,sock_bucket,human_reference,ref_1,ground_truth_reference,A2,,"AirPod case placed in front of the socks, with the socks folded together and stored inside the bucket.",human_reference,ref_1,ground_truth_reference,correct_1.mp4,,,,,,,,,,,,,empty,,,3
GTREF__sock_bucket__2,sock_bucket,human_reference,ref_2,ground_truth_reference,A2,,"AirPod case placed in front of the socks, with the socks folded together and stored inside the bucket.",human_reference,ref_2,ground_truth_reference,correct_2.mp4,,,,,,,,,,,,,empty,,,3
GTREF__sock_bucket__3,sock_bucket,human_reference,ref_3,ground_truth_reference,A2,,"AirPod case placed in front of the socks, with the socks folded together and stored inside the bucket.",human_reference,ref_3,ground_truth_reference,correct_3.mp4,,,,,,,,,,,,,empty,,,3
GTREF__stack_blocks__1,stack_blocks,human_reference,ref_1,ground_truth_reference,A1,,"The blocks are stacked from bottom to top in this order: yellow, green, red, blue.",human_reference,ref_1,ground_truth_reference,correct_1.mp4,,,,,,,,,,,,,empty,,,3
GTREF__stack_blocks__2,stack_blocks,human_reference,ref_2,ground_truth_reference,A1,,"The blocks are stacked from bottom to top in this order: yellow, green, red, blue.",human_reference,ref_2,ground_truth_reference,correct_2.mp4,,,,,,,,,,,,,empty,,,3
GTREF__stack_blocks__3,stack_blocks,human_reference,ref_3,ground_truth_reference,A1,,"The blocks are stacked from bottom to top in this order: yellow, green, red, blue.",human_reference,ref_3,ground_truth_reference,correct_3.mp4,,,,,,,,,,,,,empty,,,3
GTREF__toothbrush_case__1,toothbrush_case,human_reference,ref_1,ground_truth_reference,A2,,Closed toothpaste and folded toothbrush stored inside the closed travel case.,human_reference,ref_1,ground_truth_reference,correct_1.mp4,,,,,,,,,,,,,empty,,,3
GTREF__toothbrush_case__2,toothbrush_case,human_reference,ref_2,ground_truth_reference,A2,,Closed toothpaste and folded toothbrush stored inside the closed travel case.,human_reference,ref_2,ground_truth_reference,correct_2.mp4,,,,,,,,,,,,,empty,,,3
GTREF__toothbrush_case__3,toothbrush_case,human_reference,ref_3,ground_truth_reference,A2,,Closed toothpaste and folded toothbrush stored inside the closed travel case.,human_reference,ref_3,ground_truth_reference,correct_3.mp4,,,,,,,,,,,,,empty,,,3
GTREF__toothpaste_water__1,toothpaste_water,human_reference,ref_1,ground_truth_reference,A7,,"Toothpaste applied to the toothbrush, with the toothbrush rinsed and the toothpaste tube closed.",human_reference,ref_1,ground_truth_reference,correct_1.mp4,,,,,,,,,,,,,empty,,,3
GTREF__toothpaste_water__2,toothpaste_water,human_reference,ref_2,ground_truth_reference,A7,,"Toothpaste applied to the toothbrush, with the toothbrush rinsed and the toothpaste tube closed.",human_reference,ref_2,ground_truth_reference,correct_2.mp4,,,,,,,,,,,,,empty,,,3
GTREF__toothpaste_water__3,toothpaste_water,human_reference,ref_3,ground_truth_reference,A7,,"Toothpaste applied to the toothbrush, with the toothbrush rinsed and the toothpaste tube closed.",human_reference,ref_3,ground_truth_reference,correct_3.mp4,,,,,,,,,,,,,empty,,,3
