id,case_id,model,seed,source_type,domain,clutter_level,clutter_source,mean_observed_steps,involved_object_count,mean_human_duration_seconds,primary_action_category,action_types,human1_task,human1_physics,human1_score,human2_task,human2_physics,human2_score,human3_task,human3_physics,human3_score,human_task,human_physics,human_final_score,human_rater_count,ego2act_task,ego2act_physics,ego2act_score,ego2act_status
acoustic_electric_guitar::correct_1,acoustic_electric_guitar,human_reference,ref_1,ground_truth_reference,Others,Minimal,historical_datasheet,6.333333333333333,4,59.68666666666667,A4,"[""unlatch"", ""move"", ""place"", ""latch"", ""hang""]",,,,,,,,,,,,,0,100.0,100.0,100.0,ok
acoustic_electric_guitar::correct_2,acoustic_electric_guitar,human_reference,ref_2,ground_truth_reference,Others,Minimal,historical_datasheet,6.333333333333333,4,59.68666666666667,A4,"[""unlatch"", ""move"", ""place"", ""latch"", ""hang""]",,,,,,,,,,,,,0,66.66666666666667,100.0,81.64965809277261,ok
acoustic_electric_guitar::correct_3,acoustic_electric_guitar,human_reference,ref_3,ground_truth_reference,Others,Minimal,historical_datasheet,6.333333333333333,4,59.68666666666667,A4,"[""unlatch"", ""move"", ""place"", ""latch"", ""hang""]",,,,,,,,,,,,,0,100.0,100.0,100.0,ok
acoustic_electric_guitar::cosmos_3__101,acoustic_electric_guitar,cosmos_3,101,ai,Others,Minimal,historical_datasheet,6.333333333333333,4,59.68666666666667,A4,"[""unlatch"", ""move"", ""place"", ""latch"", ""hang""]",,,,,,,,,,,,,0,33.333333333333336,0.0,0.0,ok
acoustic_electric_guitar::cosmos_3__202,acoustic_electric_guitar,cosmos_3,202,ai,Others,Minimal,historical_datasheet,6.333333333333333,4,59.68666666666667,A4,"[""unlatch"", ""move"", ""place"", ""latch"", ""hang""]",11.000000000000002,0.0,0.0,22.333333333333336,0.0,0.0,,,,16.666666666666668,0.0,0.0,2,16.666666666666668,75.0,35.35533905932738,ok
acoustic_electric_guitar::cosmos_3__303,acoustic_electric_guitar,cosmos_3,303,ai,Others,Minimal,historical_datasheet,6.333333333333333,4,59.68666666666667,A4,"[""unlatch"", ""move"", ""place"", ""latch"", ""hang""]",0.0,0.0,0.0,,,,,,,0.0,0.0,0.0,1,50.0,0.0,0.0,ok
acoustic_electric_guitar::grok_imagine_video_1_5__101,acoustic_electric_guitar,grok_imagine_video_1_5,101,ai,Others,Minimal,historical_datasheet,6.333333333333333,4,59.68666666666667,A4,"[""unlatch"", ""move"", ""place"", ""latch"", ""hang""]",,,,,,,,,,,,,0,100.0,100.0,100.0,ok
acoustic_electric_guitar::grok_imagine_video_1_5__202,acoustic_electric_guitar,grok_imagine_video_1_5,202,ai,Others,Minimal,historical_datasheet,6.333333333333333,4,59.68666666666667,A4,"[""unlatch"", ""move"", ""place"", ""latch"", ""hang""]",,,,,,,,,,,,,0,100.0,100.0,100.0,ok
acoustic_electric_guitar::grok_imagine_video_1_5__303,acoustic_electric_guitar,grok_imagine_video_1_5,303,ai,Others,Minimal,historical_datasheet,6.333333333333333,4,59.68666666666667,A4,"[""unlatch"", ""move"", ""place"", ""latch"", ""hang""]",33.333333333333336,33.25,33.291640592396966,44.333333333333336,66.75,54.39898896119302,33.333333333333336,45.0,38.72983346207417,37.0,48.333333333333336,42.28869037146141,3,100.0,100.0,100.0,ok
acoustic_electric_guitar::kling_v3_pro__101,acoustic_electric_guitar,kling_v3_pro,101,ai,Others,Minimal,historical_datasheet,6.333333333333333,4,59.68666666666667,A4,"[""unlatch"", ""move"", ""place"", ""latch"", ""hang""]",33.333333333333336,33.25,33.291640592396966,,,,,,,33.333333333333336,33.25,33.291640592396966,1,100.0,100.0,100.0,ok
acoustic_electric_guitar::kling_v3_pro__202,acoustic_electric_guitar,kling_v3_pro,202,ai,Others,Minimal,historical_datasheet,6.333333333333333,4,59.68666666666667,A4,"[""unlatch"", ""move"", ""place"", ""latch"", ""hang""]",,,,,,,,,,,,,0,50.0,100.0,70.71067811865476,ok
acoustic_electric_guitar::kling_v3_pro__303,acoustic_electric_guitar,kling_v3_pro,303,ai,Others,Minimal,historical_datasheet,6.333333333333333,4,59.68666666666667,A4,"[""unlatch"", ""move"", ""place"", ""latch"", ""hang""]",,,,55.66666666666667,83.25,68.07532592650585,,,,55.66666666666667,83.25,68.07532592650585,1,50.0,100.0,70.71067811865476,ok
acoustic_electric_guitar::minimax_h3__101,acoustic_electric_guitar,minimax_h3,101,ai,Others,Minimal,historical_datasheet,6.333333333333333,4,59.68666666666667,A4,"[""unlatch"", ""move"", ""place"", ""latch"", ""hang""]",100.0,75.0,86.60254037844386,,,,,,,100.0,75.0,86.60254037844386,1,100.0,100.0,100.0,ok
acoustic_electric_guitar::minimax_h3__202,acoustic_electric_guitar,minimax_h3,202,ai,Others,Minimal,historical_datasheet,6.333333333333333,4,59.68666666666667,A4,"[""unlatch"", ""move"", ""place"", ""latch"", ""hang""]",,,,,,,,,,,,,0,16.666666666666668,87.5,38.18813079129867,ok
acoustic_electric_guitar::minimax_h3__303,acoustic_electric_guitar,minimax_h3,303,ai,Others,Minimal,historical_datasheet,6.333333333333333,4,59.68666666666667,A4,"[""unlatch"", ""move"", ""place"", ""latch"", ""hang""]",,,,,,,,,,,,,0,66.66666666666667,100.0,81.64965809277261,ok
acoustic_electric_guitar::seedance_2_0__101,acoustic_electric_guitar,seedance_2_0,101,ai,Others,Minimal,historical_datasheet,6.333333333333333,4,59.68666666666667,A4,"[""unlatch"", ""move"", ""place"", ""latch"", ""hang""]",,,,,,,,,,,,,0,100.0,66.66666666666666,81.6496580927726,ok
acoustic_electric_guitar::seedance_2_0__202,acoustic_electric_guitar,seedance_2_0,202,ai,Others,Minimal,historical_datasheet,6.333333333333333,4,59.68666666666667,A4,"[""unlatch"", ""move"", ""place"", ""latch"", ""hang""]",,,,77.66666666666667,66.75,72.00173609018049,,,,77.66666666666667,66.75,72.00173609018049,1,100.0,100.0,100.0,ok
acoustic_electric_guitar::seedance_2_0__303,acoustic_electric_guitar,seedance_2_0,303,ai,Others,Minimal,historical_datasheet,6.333333333333333,4,59.68666666666667,A4,"[""unlatch"", ""move"", ""place"", ""latch"", ""hang""]",,,,,,,,,,,,,0,100.0,100.0,100.0,ok
acoustic_electric_guitar::wan_2_7__101,acoustic_electric_guitar,wan_2_7,101,ai,Others,Minimal,historical_datasheet,6.333333333333333,4,59.68666666666667,A4,"[""unlatch"", ""move"", ""place"", ""latch"", ""hang""]",,,,,,,,,,,,,0,100.0,100.0,100.0,ok
acoustic_electric_guitar::wan_2_7__202,acoustic_electric_guitar,wan_2_7,202,ai,Others,Minimal,historical_datasheet,6.333333333333333,4,59.68666666666667,A4,"[""unlatch"", ""move"", ""place"", ""latch"", ""hang""]",,,,,,,,,,,,,0,100.0,100.0,100.0,ok
acoustic_electric_guitar::wan_2_7__303,acoustic_electric_guitar,wan_2_7,303,ai,Others,Minimal,historical_datasheet,6.333333333333333,4,59.68666666666667,A4,"[""unlatch"", ""move"", ""place"", ""latch"", ""hang""]",,,,,,,33.333333333333336,33.25,33.291640592396966,33.333333333333336,33.25,33.291640592396966,1,100.0,100.0,100.0,ok
acoustic_electric_guitar::wrong_1,acoustic_electric_guitar,human_wrong,1,human_wrong,Others,Minimal,historical_datasheet,6.333333333333333,4,59.68666666666667,A4,"[""unlatch"", ""move"", ""place"", ""latch"", ""hang""]",,,,,,,,,,,,,0,100.0,100.0,100.0,ok
acoustic_electric_guitar::wrong_2,acoustic_electric_guitar,human_wrong,2,human_wrong,Others,Minimal,historical_datasheet,6.333333333333333,4,59.68666666666667,A4,"[""unlatch"", ""move"", ""place"", ""latch"", ""hang""]",,,,,,,,,,,,,0,50.0,100.0,70.71067811865476,ok
acoustic_electric_guitar::wrong_3,acoustic_electric_guitar,human_wrong,3,human_wrong,Others,Minimal,historical_datasheet,6.333333333333333,4,59.68666666666667,A4,"[""unlatch"", ""move"", ""place"", ""latch"", ""hang""]",,,,89.0,100.0,94.33981132056604,,,,89.0,100.0,94.33981132056604,1,100.0,100.0,100.0,ok
air_freshener_dispenser::correct_1,air_freshener_dispenser,human_reference,ref_1,ground_truth_reference,Household Org/Storage,None,user_annotation,6.666666666666667,5,28.044666666666668,A2,"[""remove"", ""uncap"", ""insert"", ""pack"", ""close"", ""place""]",,,,,,,,,,,,,0,100.0,100.0,100.0,ok
air_freshener_dispenser::correct_2,air_freshener_dispenser,human_reference,ref_2,ground_truth_reference,Household Org/Storage,None,user_annotation,6.666666666666667,5,28.044666666666668,A2,"[""remove"", ""uncap"", ""insert"", ""pack"", ""close"", ""place""]",,,,,,,,,,,,,0,100.0,100.0,100.0,ok
air_freshener_dispenser::correct_3,air_freshener_dispenser,human_reference,ref_3,ground_truth_reference,Household Org/Storage,None,user_annotation,6.666666666666667,5,28.044666666666668,A2,"[""remove"", ""uncap"", ""insert"", ""pack"", ""close"", ""place""]",,,,,,,,,,,,,0,100.0,100.0,100.0,ok
air_freshener_dispenser::cosmos_3__101,air_freshener_dispenser,cosmos_3,101,ai,Household Org/Storage,None,user_annotation,6.666666666666667,5,28.044666666666668,A2,"[""remove"", ""uncap"", ""insert"", ""pack"", ""close"", ""place""]",11.000000000000002,0.0,0.0,5.666666666666668,0.0,0.0,5.666666666666668,0.0,0.0,7.4444444444444455,0.0,0.0,3,6.666666666666667,,,partial
air_freshener_dispenser::cosmos_3__202,air_freshener_dispenser,cosmos_3,202,ai,Household Org/Storage,None,user_annotation,6.666666666666667,5,28.044666666666668,A2,"[""remove"", ""uncap"", ""insert"", ""pack"", ""close"", ""place""]",,,,22.333333333333336,0.0,0.0,5.666666666666668,0.0,0.0,14.000000000000002,0.0,0.0,2,11.111111111111109,100.0,33.33333333333333,ok
air_freshener_dispenser::cosmos_3__303,air_freshener_dispenser,cosmos_3,303,ai,Household Org/Storage,None,user_annotation,6.666666666666667,5,28.044666666666668,A2,"[""remove"", ""uncap"", ""insert"", ""pack"", ""close"", ""place""]",,,,,,,22.333333333333336,0.0,0.0,22.333333333333336,0.0,0.0,1,0.0,,,partial
air_freshener_dispenser::grok_imagine_video_1_5__101,air_freshener_dispenser,grok_imagine_video_1_5,101,ai,Household Org/Storage,None,user_annotation,6.666666666666667,5,28.044666666666668,A2,"[""remove"", ""uncap"", ""insert"", ""pack"", ""close"", ""place""]",,,,,,,,,,,,,0,66.66666666666667,100.0,81.64965809277261,ok
air_freshener_dispenser::grok_imagine_video_1_5__202,air_freshener_dispenser,grok_imagine_video_1_5,202,ai,Household Org/Storage,None,user_annotation,6.666666666666667,5,28.044666666666668,A2,"[""remove"", ""uncap"", ""insert"", ""pack"", ""close"", ""place""]",50.0,50.0,50.0,,,,50.0,10.0,22.360679774997898,50.0,30.0,38.72983346207417,2,46.666666666666664,70.0,57.154760664940824,ok
air_freshener_dispenser::grok_imagine_video_1_5__303,air_freshener_dispenser,grok_imagine_video_1_5,303,ai,Household Org/Storage,None,user_annotation,6.666666666666667,5,28.044666666666668,A2,"[""remove"", ""uncap"", ""insert"", ""pack"", ""close"", ""place""]",33.333333333333336,80.0,51.63977794943223,,,,33.333333333333336,40.0,36.51483716701107,33.333333333333336,60.0,44.721359549995796,2,86.66666666666667,100.0,93.09493362512629,ok
air_freshener_dispenser::kling_v3_pro__101,air_freshener_dispenser,kling_v3_pro,101,ai,Household Org/Storage,None,user_annotation,6.666666666666667,5,28.044666666666668,A2,"[""remove"", ""uncap"", ""insert"", ""pack"", ""close"", ""place""]",,,,,,,,,,,,,0,22.222222222222218,0.0,0.0,ok
air_freshener_dispenser::kling_v3_pro__202,air_freshener_dispenser,kling_v3_pro,202,ai,Household Org/Storage,None,user_annotation,6.666666666666667,5,28.044666666666668,A2,"[""remove"", ""uncap"", ""insert"", ""pack"", ""close"", ""place""]",,,,11.000000000000002,25.0,16.583123951777,,,,11.000000000000002,25.0,16.583123951777,1,33.333333333333336,100.0,57.735026918962575,ok
air_freshener_dispenser::kling_v3_pro__303,air_freshener_dispenser,kling_v3_pro,303,ai,Household Org/Storage,None,user_annotation,6.666666666666667,5,28.044666666666668,A2,"[""remove"", ""uncap"", ""insert"", ""pack"", ""close"", ""place""]",,,,,,,,,,,,,0,73.33333333333334,100.0,85.63488385776753,ok
air_freshener_dispenser::minimax_h3__101,air_freshener_dispenser,minimax_h3,101,ai,Household Org/Storage,None,user_annotation,6.666666666666667,5,28.044666666666668,A2,"[""remove"", ""uncap"", ""insert"", ""pack"", ""close"", ""place""]",5.666666666666668,0.0,0.0,,,,,,,5.666666666666668,0.0,0.0,1,26.666666666666668,62.5,40.824829046386306,ok
air_freshener_dispenser::minimax_h3__202,air_freshener_dispenser,minimax_h3,202,ai,Household Org/Storage,None,user_annotation,6.666666666666667,5,28.044666666666668,A2,"[""remove"", ""uncap"", ""insert"", ""pack"", ""close"", ""place""]",16.666666666666668,50.0,28.867513459481287,,,,,,,16.666666666666668,50.0,28.867513459481287,1,44.444444444444436,50.0,47.14045207910316,ok
air_freshener_dispenser::minimax_h3__303,air_freshener_dispenser,minimax_h3,303,ai,Household Org/Storage,None,user_annotation,6.666666666666667,5,28.044666666666668,A2,"[""remove"", ""uncap"", ""insert"", ""pack"", ""close"", ""place""]",16.666666666666668,0.0,0.0,,,,,,,16.666666666666668,0.0,0.0,1,20.0,100.0,44.721359549995796,ok
air_freshener_dispenser::seedance_2_0__101,air_freshener_dispenser,seedance_2_0,101,ai,Household Org/Storage,None,user_annotation,6.666666666666667,5,28.044666666666668,A2,"[""remove"", ""uncap"", ""insert"", ""pack"", ""close"", ""place""]",27.666666666666668,25.0,26.299556396765833,,,,66.66666666666667,75.0,70.71067811865476,47.16666666666667,50.0,48.562674281111555,2,86.66666666666667,100.0,93.09493362512629,ok
air_freshener_dispenser::seedance_2_0__202,air_freshener_dispenser,seedance_2_0,202,ai,Household Org/Storage,None,user_annotation,6.666666666666667,5,28.044666666666668,A2,"[""remove"", ""uncap"", ""insert"", ""pack"", ""close"", ""place""]",,,,,,,39.0,33.25,36.010415160061676,39.0,33.25,36.010415160061676,1,44.444444444444436,25.0,33.33333333333333,ok
air_freshener_dispenser::seedance_2_0__303,air_freshener_dispenser,seedance_2_0,303,ai,Household Org/Storage,None,user_annotation,6.666666666666667,5,28.044666666666668,A2,"[""remove"", ""uncap"", ""insert"", ""pack"", ""close"", ""place""]",44.333333333333336,100.0,66.58328118479393,55.66666666666667,50.0,52.75730597114805,19.0,25.0,21.79449471770337,39.666666666666664,58.333333333333336,48.102898965539374,3,77.77777777777779,100.0,88.19171036881968,ok
air_freshener_dispenser::wan_2_7__101,air_freshener_dispenser,wan_2_7,101,ai,Household Org/Storage,None,user_annotation,6.666666666666667,5,28.044666666666668,A2,"[""remove"", ""uncap"", ""insert"", ""pack"", ""close"", ""place""]",16.666666666666668,0.0,0.0,0.0,0.0,0.0,16.666666666666668,0.0,0.0,11.111111111111112,0.0,0.0,3,44.444444444444436,33.33333333333333,38.49001794597505,ok
air_freshener_dispenser::wan_2_7__202,air_freshener_dispenser,wan_2_7,202,ai,Household Org/Storage,None,user_annotation,6.666666666666667,5,28.044666666666668,A2,"[""remove"", ""uncap"", ""insert"", ""pack"", ""close"", ""place""]",50.0,50.0,50.0,,,,50.0,33.25,40.773766075750224,50.0,41.625,45.62071897723665,2,20.0,100.0,44.721359549995796,ok
air_freshener_dispenser::wan_2_7__303,air_freshener_dispenser,wan_2_7,303,ai,Household Org/Storage,None,user_annotation,6.666666666666667,5,28.044666666666668,A2,"[""remove"", ""uncap"", ""insert"", ""pack"", ""close"", ""place""]",27.666666666666668,75.0,45.552167895721496,39.0,37.5,38.242646351945886,,,,33.333333333333336,56.25,43.30127018922194,2,100.0,100.0,100.0,ok
air_freshener_dispenser::wrong_1,air_freshener_dispenser,human_wrong,1,human_wrong,Household Org/Storage,None,user_annotation,6.666666666666667,5,28.044666666666668,A2,"[""remove"", ""uncap"", ""insert"", ""pack"", ""close"", ""place""]",33.333333333333336,100.0,57.735026918962575,,,,33.333333333333336,100.0,57.735026918962575,33.333333333333336,100.0,57.735026918962575,2,33.333333333333336,40.0,36.51483716701107,ok
air_freshener_dispenser::wrong_2,air_freshener_dispenser,human_wrong,2,human_wrong,Household Org/Storage,None,user_annotation,6.666666666666667,5,28.044666666666668,A2,"[""remove"", ""uncap"", ""insert"", ""pack"", ""close"", ""place""]",83.33333333333334,100.0,91.28709291752769,,,,,,,83.33333333333334,100.0,91.28709291752769,1,75.0,100.0,86.60254037844386,ok
air_freshener_dispenser::wrong_3,air_freshener_dispenser,human_wrong,3,human_wrong,Household Org/Storage,None,user_annotation,6.666666666666667,5,28.044666666666668,A2,"[""remove"", ""uncap"", ""insert"", ""pack"", ""close"", ""place""]",50.0,100.0,70.71067811865476,55.66666666666667,100.0,74.61009761866464,27.666666666666668,100.0,52.59911279353167,44.44444444444445,100.0,66.66666666666667,3,20.0,66.66666666666666,36.51483716701107,ok
aromatic_cube_leaf::correct_1,aromatic_cube_leaf,human_reference,ref_1,ground_truth_reference,Personal Care/Utilities,Minimal,historical_datasheet,3.0,6,15.020276,A2,"[""remove"", ""insert"", ""place""]",,,,,,,,,,,,,0,100.0,100.0,100.0,ok
aromatic_cube_leaf::correct_2,aromatic_cube_leaf,human_reference,ref_2,ground_truth_reference,Personal Care/Utilities,Minimal,historical_datasheet,3.0,6,15.020276,A2,"[""remove"", ""insert"", ""place""]",,,,,,,,,,,,,0,100.0,100.0,100.0,ok
aromatic_cube_leaf::correct_3,aromatic_cube_leaf,human_reference,ref_3,ground_truth_reference,Personal Care/Utilities,Minimal,historical_datasheet,3.0,6,15.020276,A2,"[""remove"", ""insert"", ""place""]",,,,,,,,,,,,,0,100.0,100.0,100.0,ok
aromatic_cube_leaf::cosmos_3__101,aromatic_cube_leaf,cosmos_3,101,ai,Personal Care/Utilities,Minimal,historical_datasheet,3.0,6,15.020276,A2,"[""remove"", ""insert"", ""place""]",33.333333333333336,0.0,0.0,22.333333333333336,0.0,0.0,11.000000000000002,8.25,9.526279441628827,22.222222222222225,2.75,7.817359599705717,3,33.333333333333336,83.33333333333334,52.70462766947299,ok
aromatic_cube_leaf::cosmos_3__202,aromatic_cube_leaf,cosmos_3,202,ai,Personal Care/Utilities,Minimal,historical_datasheet,3.0,6,15.020276,A2,"[""remove"", ""insert"", ""place""]",0.0,,,,,,,,,0.0,,,1,0.0,,,partial
aromatic_cube_leaf::cosmos_3__303,aromatic_cube_leaf,cosmos_3,303,ai,Personal Care/Utilities,Minimal,historical_datasheet,3.0,6,15.020276,A2,"[""remove"", ""insert"", ""place""]",33.333333333333336,0.0,0.0,11.000000000000002,0.0,0.0,,,,22.166666666666668,0.0,0.0,2,22.222222222222218,0.0,0.0,ok
aromatic_cube_leaf::grok_imagine_video_1_5__101,aromatic_cube_leaf,grok_imagine_video_1_5,101,ai,Personal Care/Utilities,Minimal,historical_datasheet,3.0,6,15.020276,A2,"[""remove"", ""insert"", ""place""]",77.66666666666667,75.0,76.32168761236873,44.333333333333336,33.25,38.39379290111012,,,,61.0,54.125,57.459768534166585,2,66.66666666666667,91.66666666666666,78.17359599705716,ok
aromatic_cube_leaf::grok_imagine_video_1_5__202,aromatic_cube_leaf,grok_imagine_video_1_5,202,ai,Personal Care/Utilities,Minimal,historical_datasheet,3.0,6,15.020276,A2,"[""remove"", ""insert"", ""place""]",100.0,83.25,91.2414379544733,100.0,91.75,95.78622030334009,,83.25,,100.0,86.08333333333333,92.78110439811186,2,100.0,100.0,100.0,ok
aromatic_cube_leaf::grok_imagine_video_1_5__303,aromatic_cube_leaf,grok_imagine_video_1_5,303,ai,Personal Care/Utilities,Minimal,historical_datasheet,3.0,6,15.020276,A2,"[""remove"", ""insert"", ""place""]",100.0,100.0,100.0,100.0,66.75,81.70067319184096,,83.25,,100.0,83.33333333333333,91.28709291752767,2,100.0,100.0,100.0,ok
aromatic_cube_leaf::kling_v3_pro__101,aromatic_cube_leaf,kling_v3_pro,101,ai,Personal Care/Utilities,Minimal,historical_datasheet,3.0,6,15.020276,A2,"[""remove"", ""insert"", ""place""]",100.0,100.0,100.0,11.000000000000002,50.0,23.45207879911715,,,,55.5,75.0,64.5174395028197,2,100.0,100.0,100.0,ok
aromatic_cube_leaf::kling_v3_pro__202,aromatic_cube_leaf,kling_v3_pro,202,ai,Personal Care/Utilities,Minimal,historical_datasheet,3.0,6,15.020276,A2,"[""remove"", ""insert"", ""place""]",89.0,83.25,86.07700041242144,100.0,100.0,100.0,,,,94.5,91.625,93.05139708784603,2,77.77777777777779,100.0,88.19171036881968,ok
aromatic_cube_leaf::kling_v3_pro__303,aromatic_cube_leaf,kling_v3_pro,303,ai,Personal Care/Utilities,Minimal,historical_datasheet,3.0,6,15.020276,A2,"[""remove"", ""insert"", ""place""]",100.0,100.0,100.0,100.0,75.0,86.60254037844386,77.66666666666667,100.0,88.12869377601524,92.55555555555556,91.66666666666667,92.11003886254342,3,100.0,100.0,100.0,ok
aromatic_cube_leaf::minimax_h3__101,aromatic_cube_leaf,minimax_h3,101,ai,Personal Care/Utilities,Minimal,historical_datasheet,3.0,6,15.020276,A2,"[""remove"", ""insert"", ""place""]",100.0,100.0,100.0,,,,,,,100.0,100.0,100.0,1,100.0,100.0,100.0,ok
aromatic_cube_leaf::minimax_h3__202,aromatic_cube_leaf,minimax_h3,202,ai,Personal Care/Utilities,Minimal,historical_datasheet,3.0,6,15.020276,A2,"[""remove"", ""insert"", ""place""]",100.0,100.0,100.0,,,,,,,100.0,100.0,100.0,1,66.66666666666667,100.0,81.64965809277261,ok
aromatic_cube_leaf::minimax_h3__303,aromatic_cube_leaf,minimax_h3,303,ai,Personal Care/Utilities,Minimal,historical_datasheet,3.0,6,15.020276,A2,"[""remove"", ""insert"", ""place""]",100.0,100.0,100.0,,,,,,,100.0,100.0,100.0,1,100.0,100.0,100.0,ok
aromatic_cube_leaf::seedance_2_0__101,aromatic_cube_leaf,seedance_2_0,101,ai,Personal Care/Utilities,Minimal,historical_datasheet,3.0,6,15.020276,A2,"[""remove"", ""insert"", ""place""]",100.0,100.0,100.0,100.0,100.0,100.0,,,,100.0,100.0,100.0,2,100.0,100.0,100.0,ok
aromatic_cube_leaf::seedance_2_0__202,aromatic_cube_leaf,seedance_2_0,202,ai,Personal Care/Utilities,Minimal,historical_datasheet,3.0,6,15.020276,A2,"[""remove"", ""insert"", ""place""]",55.66666666666667,100.0,74.61009761866464,66.66666666666667,100.0,81.64965809277261,,,,61.16666666666667,100.0,78.20912137766712,2,66.66666666666667,100.0,81.64965809277261,ok
aromatic_cube_leaf::seedance_2_0__303,aromatic_cube_leaf,seedance_2_0,303,ai,Personal Care/Utilities,Minimal,historical_datasheet,3.0,6,15.020276,A2,"[""remove"", ""insert"", ""place""]",89.0,66.75,77.07626093681505,,100.0,,,,,89.0,83.375,86.14159854565041,1,100.0,100.0,100.0,ok
aromatic_cube_leaf::wan_2_7__101,aromatic_cube_leaf,wan_2_7,101,ai,Personal Care/Utilities,Minimal,historical_datasheet,3.0,6,15.020276,A2,"[""remove"", ""insert"", ""place""]",33.333333333333336,0.0,0.0,,,,,,,33.333333333333336,0.0,0.0,1,66.66666666666667,100.0,81.64965809277261,ok
aromatic_cube_leaf::wan_2_7__202,aromatic_cube_leaf,wan_2_7,202,ai,Personal Care/Utilities,Minimal,historical_datasheet,3.0,6,15.020276,A2,"[""remove"", ""insert"", ""place""]",22.333333333333336,0.0,0.0,22.333333333333336,16.75,19.341234017852464,,,,22.333333333333336,8.375,13.676317730539411,2,44.444444444444436,66.66666666666666,54.43310539518173,ok
aromatic_cube_leaf::wan_2_7__303,aromatic_cube_leaf,wan_2_7,303,ai,Personal Care/Utilities,Minimal,historical_datasheet,3.0,6,15.020276,A2,"[""remove"", ""insert"", ""place""]",66.66666666666667,0.0,0.0,11.000000000000002,0.0,0.0,22.333333333333336,8.25,13.573871960498229,33.333333333333336,2.75,9.574271077563381,3,22.222222222222218,33.33333333333333,27.216552697590863,ok
aromatic_cube_leaf::wrong_1,aromatic_cube_leaf,human_wrong,1,human_wrong,Personal Care/Utilities,Minimal,historical_datasheet,3.0,6,15.020276,A2,"[""remove"", ""insert"", ""place""]",66.66666666666667,100.0,81.64965809277261,66.66666666666667,100.0,81.64965809277261,,,,66.66666666666667,100.0,81.64965809277261,2,66.66666666666667,100.0,81.64965809277261,ok
aromatic_cube_leaf::wrong_2,aromatic_cube_leaf,human_wrong,2,human_wrong,Personal Care/Utilities,Minimal,historical_datasheet,3.0,6,15.020276,A2,"[""remove"", ""insert"", ""place""]",89.0,100.0,94.33981132056604,89.0,100.0,94.33981132056604,,,,89.0,100.0,94.33981132056604,2,77.77777777777779,100.0,88.19171036881968,ok
aromatic_cube_leaf::wrong_3,aromatic_cube_leaf,human_wrong,3,human_wrong,Personal Care/Utilities,Minimal,historical_datasheet,3.0,6,15.020276,A2,"[""remove"", ""insert"", ""place""]",33.333333333333336,100.0,57.735026918962575,,,,,,,33.333333333333336,100.0,57.735026918962575,1,66.66666666666667,100.0,81.64965809277261,ok
banknote_card_coin::correct_1,banknote_card_coin,human_reference,ref_1,ground_truth_reference,Others,None,user_annotation,4.666666666666667,5,19.511111333333336,A2,"[""open"", ""insert"", ""place""]",,,,,,,,,,,,,0,100.0,100.0,100.0,ok
banknote_card_coin::correct_2,banknote_card_coin,human_reference,ref_2,ground_truth_reference,Others,None,user_annotation,4.666666666666667,5,19.511111333333336,A2,"[""open"", ""insert"", ""place""]",,,,,,,,,,,,,0,75.0,100.0,86.60254037844386,ok
banknote_card_coin::correct_3,banknote_card_coin,human_reference,ref_3,ground_truth_reference,Others,None,user_annotation,4.666666666666667,5,19.511111333333336,A2,"[""open"", ""insert"", ""place""]",,,,,,,,,,,,,0,100.0,100.0,100.0,ok
banknote_card_coin::cosmos_3__101,banknote_card_coin,cosmos_3,101,ai,Others,None,user_annotation,4.666666666666667,5,19.511111333333336,A2,"[""open"", ""insert"", ""place""]",,,,,,,,,,,,,0,16.666666666666668,0.0,0.0,ok
banknote_card_coin::cosmos_3__202,banknote_card_coin,cosmos_3,202,ai,Others,None,user_annotation,4.666666666666667,5,19.511111333333336,A2,"[""open"", ""insert"", ""place""]",,,,8.333333333333334,0.0,0.0,13.333333333333336,0.0,0.0,10.833333333333336,0.0,0.0,2,0.0,0.0,0.0,ok
banknote_card_coin::cosmos_3__303,banknote_card_coin,cosmos_3,303,ai,Others,None,user_annotation,4.666666666666667,5,19.511111333333336,A2,"[""open"", ""insert"", ""place""]",,,,,,,8.333333333333334,0.0,0.0,8.333333333333334,0.0,0.0,1,66.66666666666667,0.0,0.0,ok
banknote_card_coin::grok_imagine_video_1_5__101,banknote_card_coin,grok_imagine_video_1_5,101,ai,Others,None,user_annotation,4.666666666666667,5,19.511111333333336,A2,"[""open"", ""insert"", ""place""]",,,,33.333333333333336,50.0,40.824829046386306,,,,33.333333333333336,50.0,40.824829046386306,1,58.333333333333336,50.0,54.00617248673217,ok
banknote_card_coin::grok_imagine_video_1_5__202,banknote_card_coin,grok_imagine_video_1_5,202,ai,Others,None,user_annotation,4.666666666666667,5,19.511111333333336,A2,"[""open"", ""insert"", ""place""]",75.0,50.0,61.237243569579455,,,,,,,75.0,50.0,61.237243569579455,1,100.0,100.0,100.0,ok
banknote_card_coin::grok_imagine_video_1_5__303,banknote_card_coin,grok_imagine_video_1_5,303,ai,Others,None,user_annotation,4.666666666666667,5,19.511111333333336,A2,"[""open"", ""insert"", ""place""]",,,,75.0,0.0,0.0,33.333333333333336,25.0,28.867513459481287,54.16666666666667,12.5,26.02082499332666,2,75.0,100.0,86.60254037844386,ok
banknote_card_coin::kling_v3_pro__101,banknote_card_coin,kling_v3_pro,101,ai,Others,None,user_annotation,4.666666666666667,5,19.511111333333336,A2,"[""open"", ""insert"", ""place""]",58.333333333333336,66.75,62.39991987174343,,,,100.0,80.0,89.44271909999159,79.16666666666667,73.375,76.21583934240091,2,41.666666666666664,100.0,64.54972243679028,ok
banknote_card_coin::kling_v3_pro__202,banknote_card_coin,kling_v3_pro,202,ai,Others,None,user_annotation,4.666666666666667,5,19.511111333333336,A2,"[""open"", ""insert"", ""place""]",58.333333333333336,33.25,44.04070087241271,,,,58.333333333333336,33.25,44.04070087241271,58.333333333333336,33.25,44.04070087241271,2,58.333333333333336,100.0,76.37626158259734,ok
banknote_card_coin::kling_v3_pro__303,banknote_card_coin,kling_v3_pro,303,ai,Others,None,user_annotation,4.666666666666667,5,19.511111333333336,A2,"[""open"", ""insert"", ""place""]",,,,,,,60.00000000000001,66.75,63.28506932918696,60.00000000000001,66.75,63.28506932918696,1,33.333333333333336,100.0,57.735026918962575,ok
banknote_card_coin::minimax_h3__101,banknote_card_coin,minimax_h3,101,ai,Others,None,user_annotation,4.666666666666667,5,19.511111333333336,A2,"[""open"", ""insert"", ""place""]",44.333333333333336,50.0,47.08148963941845,,,,,,,44.333333333333336,50.0,47.08148963941845,1,75.0,100.0,86.60254037844386,ok
banknote_card_coin::minimax_h3__202,banknote_card_coin,minimax_h3,202,ai,Others,None,user_annotation,4.666666666666667,5,19.511111333333336,A2,"[""open"", ""insert"", ""place""]",100.0,80.0,89.44271909999159,,,,,,,100.0,80.0,89.44271909999159,1,91.66666666666667,100.0,95.74271077563381,ok
banknote_card_coin::minimax_h3__303,banknote_card_coin,minimax_h3,303,ai,Others,None,user_annotation,4.666666666666667,5,19.511111333333336,A2,"[""open"", ""insert"", ""place""]",44.333333333333336,0.0,0.0,,,,,,,44.333333333333336,0.0,0.0,1,75.0,91.66666666666666,82.91561975888499,ok
banknote_card_coin::seedance_2_0__101,banknote_card_coin,seedance_2_0,101,ai,Others,None,user_annotation,4.666666666666667,5,19.511111333333336,A2,"[""open"", ""insert"", ""place""]",75.0,62.5,68.46531968814577,,,,,,,75.0,62.5,68.46531968814577,1,75.0,100.0,86.60254037844386,ok
banknote_card_coin::seedance_2_0__202,banknote_card_coin,seedance_2_0,202,ai,Others,None,user_annotation,4.666666666666667,5,19.511111333333336,A2,"[""open"", ""insert"", ""place""]",33.333333333333336,68.75,47.871355387816905,,,,,,,33.333333333333336,68.75,47.871355387816905,1,100.0,100.0,100.0,ok
banknote_card_coin::seedance_2_0__303,banknote_card_coin,seedance_2_0,303,ai,Others,None,user_annotation,4.666666666666667,5,19.511111333333336,A2,"[""open"", ""insert"", ""place""]",33.333333333333336,62.5,45.64354645876384,,,,33.333333333333336,70.0,48.3045891539648,33.333333333333336,66.25,46.99290726623895,2,83.33333333333333,75.0,79.05694150420949,ok
banknote_card_coin::wan_2_7__101,banknote_card_coin,wan_2_7,101,ai,Others,None,user_annotation,4.666666666666667,5,19.511111333333336,A2,"[""open"", ""insert"", ""place""]",58.333333333333336,41.75,49.34994089830977,,,,13.333333333333336,35.0,21.60246899469287,35.833333333333336,38.375,37.08239699192417,2,75.0,81.25,78.06247497997998,ok
banknote_card_coin::wan_2_7__202,banknote_card_coin,wan_2_7,202,ai,Others,None,user_annotation,4.666666666666667,5,19.511111333333336,A2,"[""open"", ""insert"", ""place""]",41.66666666666667,0.0,0.0,6.666666666666668,20.0,11.547005383792516,60.00000000000001,60.0,60.00000000000001,36.111111111111114,26.666666666666668,31.031644541708758,3,58.333333333333336,100.0,76.37626158259734,ok
banknote_card_coin::wan_2_7__303,banknote_card_coin,wan_2_7,303,ai,Others,None,user_annotation,4.666666666666667,5,19.511111333333336,A2,"[""open"", ""insert"", ""place""]",,,,,,,100.0,30.0,54.772255750516614,100.0,30.0,54.772255750516614,1,75.0,100.0,86.60254037844386,ok
banknote_card_coin::wrong_1,banknote_card_coin,human_wrong,1,human_wrong,Others,None,user_annotation,4.666666666666667,5,19.511111333333336,A2,"[""open"", ""insert"", ""place""]",58.333333333333336,100.0,76.37626158259734,58.333333333333336,100.0,76.37626158259734,40.0,55.00000000000001,46.9041575982343,52.22222222222223,85.0,66.62498697102228,3,58.333333333333336,100.0,76.37626158259734,ok
banknote_card_coin::wrong_2,banknote_card_coin,human_wrong,2,human_wrong,Others,None,user_annotation,4.666666666666667,5,19.511111333333336,A2,"[""open"", ""insert"", ""place""]",75.0,100.0,86.60254037844386,,,,60.00000000000001,100.0,77.45966692414834,67.5,100.0,82.15838362577492,2,75.0,75.0,75.0,ok
banknote_card_coin::wrong_3,banknote_card_coin,human_wrong,3,human_wrong,Others,None,user_annotation,4.666666666666667,5,19.511111333333336,A2,"[""open"", ""insert"", ""place""]",75.0,100.0,86.60254037844386,,,,75.0,100.0,86.60254037844386,75.0,100.0,86.60254037844386,2,50.0,,,partial
candle_lighter::correct_1,candle_lighter,human_reference,ref_1,ground_truth_reference,Household Org/Storage,None,historical_datasheet,4.0,4,25.975333333333335,A9,"[""move"", ""insert"", ""ignite""]",,,,,,,,,,,,,0,100.0,100.0,100.0,ok
candle_lighter::correct_2,candle_lighter,human_reference,ref_2,ground_truth_reference,Household Org/Storage,None,historical_datasheet,4.0,4,25.975333333333335,A9,"[""move"", ""insert"", ""ignite""]",,,,,,,,,,,,,0,100.0,100.0,100.0,ok
candle_lighter::correct_3,candle_lighter,human_reference,ref_3,ground_truth_reference,Household Org/Storage,None,historical_datasheet,4.0,4,25.975333333333335,A9,"[""move"", ""insert"", ""ignite""]",,,,,,,,,,,,,0,100.0,100.0,100.0,ok
candle_lighter::cosmos_3__101,candle_lighter,cosmos_3,101,ai,Household Org/Storage,None,historical_datasheet,4.0,4,25.975333333333335,A9,"[""move"", ""insert"", ""ignite""]",,,,8.333333333333334,0.0,0.0,,,,8.333333333333334,0.0,0.0,1,0.0,0.0,0.0,ok
candle_lighter::cosmos_3__202,candle_lighter,cosmos_3,202,ai,Household Org/Storage,None,historical_datasheet,4.0,4,25.975333333333335,A9,"[""move"", ""insert"", ""ignite""]",,,,,,,,,,,,,0,41.666666666666664,75.0,55.90169943749474,ok
candle_lighter::cosmos_3__303,candle_lighter,cosmos_3,303,ai,Household Org/Storage,None,historical_datasheet,4.0,4,25.975333333333335,A9,"[""move"", ""insert"", ""ignite""]",,,,,,,,,,,,,0,8.333333333333334,0.0,0.0,ok
candle_lighter::grok_imagine_video_1_5__101,candle_lighter,grok_imagine_video_1_5,101,ai,Household Org/Storage,None,historical_datasheet,4.0,4,25.975333333333335,A9,"[""move"", ""insert"", ""ignite""]",33.333333333333336,68.75,47.871355387816905,,,,,,,33.333333333333336,68.75,47.871355387816905,1,83.33333333333333,100.0,91.28709291752767,ok
candle_lighter::grok_imagine_video_1_5__202,candle_lighter,grok_imagine_video_1_5,202,ai,Household Org/Storage,None,historical_datasheet,4.0,4,25.975333333333335,A9,"[""move"", ""insert"", ""ignite""]",,,,33.333333333333336,0.0,0.0,,,,33.333333333333336,0.0,0.0,1,100.0,0.0,0.0,ok
candle_lighter::grok_imagine_video_1_5__303,candle_lighter,grok_imagine_video_1_5,303,ai,Household Org/Storage,None,historical_datasheet,4.0,4,25.975333333333335,A9,"[""move"", ""insert"", ""ignite""]",75.0,62.5,68.46531968814577,,,,,,,75.0,62.5,68.46531968814577,1,100.0,75.0,86.60254037844386,ok
candle_lighter::kling_v3_pro__101,candle_lighter,kling_v3_pro,101,ai,Household Org/Storage,None,historical_datasheet,4.0,4,25.975333333333335,A9,"[""move"", ""insert"", ""ignite""]",,,,41.66666666666667,100.0,64.54972243679029,,,,41.66666666666667,100.0,64.54972243679029,1,66.66666666666667,100.0,81.64965809277261,ok
candle_lighter::kling_v3_pro__202,candle_lighter,kling_v3_pro,202,ai,Household Org/Storage,None,historical_datasheet,4.0,4,25.975333333333335,A9,"[""move"", ""insert"", ""ignite""]",,,,,,,,,,,,,0,25.0,100.0,50.0,ok
candle_lighter::kling_v3_pro__303,candle_lighter,kling_v3_pro,303,ai,Household Org/Storage,None,historical_datasheet,4.0,4,25.975333333333335,A9,"[""move"", ""insert"", ""ignite""]",,,,,,,,,,,,,0,25.0,100.0,50.0,ok
candle_lighter::minimax_h3__101,candle_lighter,minimax_h3,101,ai,Household Org/Storage,None,historical_datasheet,4.0,4,25.975333333333335,A9,"[""move"", ""insert"", ""ignite""]",25.0,0.0,0.0,,,,,,,25.0,0.0,0.0,1,100.0,75.0,86.60254037844386,ok
candle_lighter::minimax_h3__202,candle_lighter,minimax_h3,202,ai,Household Org/Storage,None,historical_datasheet,4.0,4,25.975333333333335,A9,"[""move"", ""insert"", ""ignite""]",,,,,,,,,,,,,0,33.333333333333336,0.0,0.0,ok
candle_lighter::minimax_h3__303,candle_lighter,minimax_h3,303,ai,Household Org/Storage,None,historical_datasheet,4.0,4,25.975333333333335,A9,"[""move"", ""insert"", ""ignite""]",50.0,0.0,0.0,,,,,,,50.0,0.0,0.0,1,41.666666666666664,100.0,64.54972243679028,ok
candle_lighter::seedance_2_0__101,candle_lighter,seedance_2_0,101,ai,Household Org/Storage,None,historical_datasheet,4.0,4,25.975333333333335,A9,"[""move"", ""insert"", ""ignite""]",,,,,,,,,,,,,0,58.333333333333336,75.0,66.14378277661477,ok
candle_lighter::seedance_2_0__202,candle_lighter,seedance_2_0,202,ai,Household Org/Storage,None,historical_datasheet,4.0,4,25.975333333333335,A9,"[""move"", ""insert"", ""ignite""]",83.33333333333334,75.0,79.05694150420949,,,,,,,83.33333333333334,75.0,79.05694150420949,1,100.0,100.0,100.0,ok
candle_lighter::seedance_2_0__303,candle_lighter,seedance_2_0,303,ai,Household Org/Storage,None,historical_datasheet,4.0,4,25.975333333333335,A9,"[""move"", ""insert"", ""ignite""]",,,,,,,,,,,,,0,75.0,100.0,86.60254037844386,ok
candle_lighter::wan_2_7__101,candle_lighter,wan_2_7,101,ai,Household Org/Storage,None,historical_datasheet,4.0,4,25.975333333333335,A9,"[""move"", ""insert"", ""ignite""]",,,,,,,,,,,,,0,91.66666666666667,100.0,95.74271077563381,ok
candle_lighter::wan_2_7__202,candle_lighter,wan_2_7,202,ai,Household Org/Storage,None,historical_datasheet,4.0,4,25.975333333333335,A9,"[""move"", ""insert"", ""ignite""]",,,,33.333333333333336,25.0,28.867513459481287,,,,33.333333333333336,25.0,28.867513459481287,1,66.66666666666667,75.0,70.71067811865476,ok
candle_lighter::wan_2_7__303,candle_lighter,wan_2_7,303,ai,Household Org/Storage,None,historical_datasheet,4.0,4,25.975333333333335,A9,"[""move"", ""insert"", ""ignite""]",,,,,,,,,,,,,0,41.666666666666664,25.0,32.27486121839514,ok
candle_lighter::wrong_1,candle_lighter,human_wrong,1,human_wrong,Household Org/Storage,None,historical_datasheet,4.0,4,25.975333333333335,A9,"[""move"", ""insert"", ""ignite""]",,,,,,,,,,,,,0,75.0,100.0,86.60254037844386,ok
candle_lighter::wrong_2,candle_lighter,human_wrong,2,human_wrong,Household Org/Storage,None,historical_datasheet,4.0,4,25.975333333333335,A9,"[""move"", ""insert"", ""ignite""]",,,,91.66666666666667,100.0,95.74271077563381,,,,91.66666666666667,100.0,95.74271077563381,1,66.66666666666667,100.0,81.64965809277261,ok
candle_lighter::wrong_3,candle_lighter,human_wrong,3,human_wrong,Household Org/Storage,None,historical_datasheet,4.0,4,25.975333333333335,A9,"[""move"", ""insert"", ""ignite""]",,,,66.66666666666667,100.0,81.64965809277261,,,,66.66666666666667,100.0,81.64965809277261,1,50.0,100.0,70.71067811865476,ok
coffee_beans::seedance_2_0__101,coffee_beans,seedance_2_0,101,ai,Kitchen/Food Prep,None,historical_datasheet,5.0,5,23.651666666666667,A6,"[""open"", ""scoop"", ""pour"", ""close""]",,,,,,,,,,,,,0,88.88888888888887,100.0,94.28090415820633,ok
coffee_beans::seedance_2_0__202,coffee_beans,seedance_2_0,202,ai,Kitchen/Food Prep,None,historical_datasheet,5.0,5,23.651666666666667,A6,"[""open"", ""scoop"", ""pour"", ""close""]",,,,100.0,83.25,91.2414379544733,,,,100.0,83.25,91.2414379544733,1,100.0,100.0,100.0,ok
coffee_beans::seedance_2_0__303,coffee_beans,seedance_2_0,303,ai,Kitchen/Food Prep,None,historical_datasheet,5.0,5,23.651666666666667,A6,"[""open"", ""scoop"", ""pour"", ""close""]",,,,100.0,100.0,100.0,,,,100.0,100.0,100.0,1,100.0,100.0,100.0,ok
cooking_oil::correct_1,cooking_oil,human_reference,ref_1,ground_truth_reference,Kitchen/Food Prep,None,historical_datasheet,4.0,4,24.997222333333337,A6,"[""uncap"", ""turn_upright"", ""pour""]",,,,,,,,,,,,,0,100.0,100.0,100.0,ok
cooking_oil::correct_2,cooking_oil,human_reference,ref_2,ground_truth_reference,Kitchen/Food Prep,None,historical_datasheet,4.0,4,24.997222333333337,A6,"[""uncap"", ""turn_upright"", ""pour""]",,,,,,,,,,,,,0,100.0,100.0,100.0,ok
cooking_oil::correct_3,cooking_oil,human_reference,ref_3,ground_truth_reference,Kitchen/Food Prep,None,historical_datasheet,4.0,4,24.997222333333337,A6,"[""uncap"", ""turn_upright"", ""pour""]",,,,,,,,,,,,,0,100.0,100.0,100.0,ok
cooking_oil::cosmos_3__101,cooking_oil,cosmos_3,101,ai,Kitchen/Food Prep,None,historical_datasheet,4.0,4,24.997222333333337,A6,"[""uncap"", ""turn_upright"", ""pour""]",16.666666666666668,0.0,0.0,8.333333333333334,0.0,0.0,,,,12.5,0.0,0.0,2,33.333333333333336,0.0,0.0,ok
cooking_oil::cosmos_3__202,cooking_oil,cosmos_3,202,ai,Kitchen/Food Prep,None,historical_datasheet,4.0,4,24.997222333333337,A6,"[""uncap"", ""turn_upright"", ""pour""]",,,,0.0,,,0.0,,,0.0,,,2,0.0,,,partial
cooking_oil::cosmos_3__303,cooking_oil,cosmos_3,303,ai,Kitchen/Food Prep,None,historical_datasheet,4.0,4,24.997222333333337,A6,"[""uncap"", ""turn_upright"", ""pour""]",,,,16.666666666666668,50.0,28.867513459481287,0.0,0.0,0.0,8.333333333333334,25.0,14.433756729740644,2,8.333333333333334,0.0,0.0,ok
cooking_oil::grok_imagine_video_1_5__101,cooking_oil,grok_imagine_video_1_5,101,ai,Kitchen/Food Prep,None,historical_datasheet,4.0,4,24.997222333333337,A6,"[""uncap"", ""turn_upright"", ""pour""]",,,,66.66666666666667,16.75,33.4165627596057,33.333333333333336,33.25,33.291640592396966,50.0,25.0,35.35533905932738,2,55.555555555555564,91.66666666666666,71.36240321480628,ok
cooking_oil::grok_imagine_video_1_5__202,cooking_oil,grok_imagine_video_1_5,202,ai,Kitchen/Food Prep,None,historical_datasheet,4.0,4,24.997222333333337,A6,"[""uncap"", ""turn_upright"", ""pour""]",50.0,100.0,70.71067811865476,50.0,12.5,25.0,50.0,25.0,35.35533905932738,50.0,45.833333333333336,47.871355387816905,3,50.0,100.0,70.71067811865476,ok
cooking_oil::grok_imagine_video_1_5__303,cooking_oil,grok_imagine_video_1_5,303,ai,Kitchen/Food Prep,None,historical_datasheet,4.0,4,24.997222333333337,A6,"[""uncap"", ""turn_upright"", ""pour""]",,,,75.0,50.0,61.237243569579455,33.333333333333336,66.75,47.16990566028302,54.16666666666667,58.375,56.23147843216171,2,75.0,75.0,75.0,ok
cooking_oil::kling_v3_pro__101,cooking_oil,kling_v3_pro,101,ai,Kitchen/Food Prep,None,historical_datasheet,4.0,4,24.997222333333337,A6,"[""uncap"", ""turn_upright"", ""pour""]",83.33333333333334,62.5,72.16878364870323,33.333333333333336,62.5,45.64354645876384,40.0,35.0,37.416573867739416,52.22222222222223,53.333333333333336,52.77485372016852,3,100.0,75.0,86.60254037844386,ok
cooking_oil::kling_v3_pro__202,cooking_oil,kling_v3_pro,202,ai,Kitchen/Food Prep,None,historical_datasheet,4.0,4,24.997222333333337,A6,"[""uncap"", ""turn_upright"", ""pour""]",33.333333333333336,50.0,40.824829046386306,,,,41.66666666666667,50.0,45.64354645876384,37.5,50.0,43.30127018922193,2,22.222222222222218,50.0,33.33333333333333,ok
cooking_oil::kling_v3_pro__303,cooking_oil,kling_v3_pro,303,ai,Kitchen/Food Prep,None,historical_datasheet,4.0,4,24.997222333333337,A6,"[""uncap"", ""turn_upright"", ""pour""]",,,,25.0,50.0,35.35533905932738,0.0,10.0,0.0,12.5,30.0,19.364916731037084,2,33.333333333333336,50.0,40.824829046386306,ok
cooking_oil::minimax_h3__101,cooking_oil,minimax_h3,101,ai,Kitchen/Food Prep,None,historical_datasheet,4.0,4,24.997222333333337,A6,"[""uncap"", ""turn_upright"", ""pour""]",66.66666666666667,50.0,57.735026918962575,,,,,,,66.66666666666667,50.0,57.735026918962575,1,50.0,83.33333333333334,64.54972243679029,ok
cooking_oil::minimax_h3__202,cooking_oil,minimax_h3,202,ai,Kitchen/Food Prep,None,historical_datasheet,4.0,4,24.997222333333337,A6,"[""uncap"", ""turn_upright"", ""pour""]",33.333333333333336,33.25,33.291640592396966,,,,,,,33.333333333333336,33.25,33.291640592396966,1,50.0,50.0,50.0,ok
cooking_oil::minimax_h3__303,cooking_oil,minimax_h3,303,ai,Kitchen/Food Prep,None,historical_datasheet,4.0,4,24.997222333333337,A6,"[""uncap"", ""turn_upright"", ""pour""]",,,,,,,,,,,,,0,33.333333333333336,33.33333333333333,33.333333333333336,ok
cooking_oil::wan_2_7__101,cooking_oil,wan_2_7,101,ai,Kitchen/Food Prep,None,historical_datasheet,4.0,4,24.997222333333337,A6,"[""uncap"", ""turn_upright"", ""pour""]",33.333333333333336,100.0,57.735026918962575,,,,66.66666666666667,68.75,67.70032003863301,50.0,84.375,64.9519052838329,2,55.555555555555564,91.66666666666666,71.36240321480628,ok
cooking_oil::wan_2_7__202,cooking_oil,wan_2_7,202,ai,Kitchen/Food Prep,None,historical_datasheet,4.0,4,24.997222333333337,A6,"[""uncap"", ""turn_upright"", ""pour""]",58.333333333333336,50.0,54.00617248673217,58.333333333333336,8.25,21.937410968480304,33.333333333333336,62.5,45.64354645876384,50.0,40.25,44.8608961123159,3,33.333333333333336,93.75,55.90169943749474,ok
cooking_oil::wan_2_7__303,cooking_oil,wan_2_7,303,ai,Kitchen/Food Prep,None,historical_datasheet,4.0,4,24.997222333333337,A6,"[""uncap"", ""turn_upright"", ""pour""]",41.66666666666667,50.0,45.64354645876384,41.66666666666667,0.0,0.0,33.333333333333336,66.75,47.16990566028302,38.88888888888889,38.916666666666664,38.90277529850442,3,22.222222222222218,75.0,40.8248290463863,ok
cooking_oil::wrong_1,cooking_oil,human_wrong,1,human_wrong,Kitchen/Food Prep,None,historical_datasheet,4.0,4,24.997222333333337,A6,"[""uncap"", ""turn_upright"", ""pour""]",,,,58.333333333333336,100.0,76.37626158259734,33.333333333333336,100.0,57.735026918962575,45.833333333333336,100.0,67.70032003863301,2,58.333333333333336,66.66666666666666,62.36095644623236,ok
cooking_oil::wrong_2,cooking_oil,human_wrong,2,human_wrong,Kitchen/Food Prep,None,historical_datasheet,4.0,4,24.997222333333337,A6,"[""uncap"", ""turn_upright"", ""pour""]",50.0,100.0,70.71067811865476,50.0,100.0,70.71067811865476,58.333333333333336,100.0,76.37626158259734,52.77777777777778,100.0,72.64831572567789,3,50.0,91.66666666666666,67.700320038633,ok
cooking_oil::wrong_3,cooking_oil,human_wrong,3,human_wrong,Kitchen/Food Prep,None,historical_datasheet,4.0,4,24.997222333333337,A6,"[""uncap"", ""turn_upright"", ""pour""]",,,,66.66666666666667,83.25,74.4983221287567,61.00000000000001,100.0,78.10249675906655,63.83333333333334,91.625,76.47698455526779,2,55.555555555555564,100.0,74.535599249993,ok
cut_chocolate_bar::correct_1,cut_chocolate_bar,human_reference,ref_1,ground_truth_reference,Kitchen/Food Prep,None,historical_datasheet,8.333333333333334,6,46.22555533333334,A8,"[""place"", ""cut"", ""unwrap"", ""break"", ""open"", ""insert"", ""close""]",,,,,,,,,,,,,0,100.0,100.0,100.0,ok
cut_chocolate_bar::correct_2,cut_chocolate_bar,human_reference,ref_2,ground_truth_reference,Kitchen/Food Prep,None,historical_datasheet,8.333333333333334,6,46.22555533333334,A8,"[""place"", ""cut"", ""unwrap"", ""break"", ""open"", ""insert"", ""close""]",,,,,,,,,,,,,0,100.0,100.0,100.0,ok
cut_chocolate_bar::correct_3,cut_chocolate_bar,human_reference,ref_3,ground_truth_reference,Kitchen/Food Prep,None,historical_datasheet,8.333333333333334,6,46.22555533333334,A8,"[""place"", ""cut"", ""unwrap"", ""break"", ""open"", ""insert"", ""close""]",,,,,,,,,,,,,0,100.0,100.0,100.0,ok
cut_chocolate_bar::cosmos_3__101,cut_chocolate_bar,cosmos_3,101,ai,Kitchen/Food Prep,None,historical_datasheet,8.333333333333334,6,46.22555533333334,A8,"[""place"", ""cut"", ""unwrap"", ""break"", ""open"", ""insert"", ""close""]",6.666666666666668,0.0,0.0,,,,20.0,0.0,0.0,13.333333333333334,0.0,0.0,2,5.5555555555555545,0.0,0.0,ok
cut_chocolate_bar::cosmos_3__202,cut_chocolate_bar,cosmos_3,202,ai,Kitchen/Food Prep,None,historical_datasheet,8.333333333333334,6,46.22555533333334,A8,"[""place"", ""cut"", ""unwrap"", ""break"", ""open"", ""insert"", ""close""]",40.0,0.0,0.0,,,,33.333333333333336,0.0,0.0,36.66666666666667,0.0,0.0,2,50.0,10.0,22.360679774997898,ok
cut_chocolate_bar::cosmos_3__303,cut_chocolate_bar,cosmos_3,303,ai,Kitchen/Food Prep,None,historical_datasheet,8.333333333333334,6,46.22555533333334,A8,"[""place"", ""cut"", ""unwrap"", ""break"", ""open"", ""insert"", ""close""]",33.333333333333336,33.25,33.291640592396966,,,,,,,33.333333333333336,33.25,33.291640592396966,1,16.666666666666668,16.666666666666664,16.666666666666668,ok
cut_chocolate_bar::grok_imagine_video_1_5__101,cut_chocolate_bar,grok_imagine_video_1_5,101,ai,Kitchen/Food Prep,None,historical_datasheet,8.333333333333334,6,46.22555533333334,A8,"[""place"", ""cut"", ""unwrap"", ""break"", ""open"", ""insert"", ""close""]",60.00000000000001,0.0,0.0,,,,33.333333333333336,37.5,35.35533905932738,46.66666666666667,18.75,29.580398915498083,2,61.11111111111111,50.0,55.27707983925666,ok
cut_chocolate_bar::grok_imagine_video_1_5__202,cut_chocolate_bar,grok_imagine_video_1_5,202,ai,Kitchen/Food Prep,None,historical_datasheet,8.333333333333334,6,46.22555533333334,A8,"[""place"", ""cut"", ""unwrap"", ""break"", ""open"", ""insert"", ""close""]",80.0,50.0,63.245553203367585,100.0,5.0,22.360679774997898,,,,90.0,27.5,49.749371855331,2,100.0,62.5,79.05694150420949,ok
cut_chocolate_bar::grok_imagine_video_1_5__303,cut_chocolate_bar,grok_imagine_video_1_5,303,ai,Kitchen/Food Prep,None,historical_datasheet,8.333333333333334,6,46.22555533333334,A8,"[""place"", ""cut"", ""unwrap"", ""break"", ""open"", ""insert"", ""close""]",,,,,,,33.333333333333336,12.5,20.412414523193153,33.333333333333336,12.5,20.412414523193153,1,55.555555555555564,58.333333333333336,56.92750425533111,ok
cut_chocolate_bar::kling_v3_pro__101,cut_chocolate_bar,kling_v3_pro,101,ai,Kitchen/Food Prep,None,historical_datasheet,8.333333333333334,6,46.22555533333334,A8,"[""place"", ""cut"", ""unwrap"", ""break"", ""open"", ""insert"", ""close""]",,,,93.33333333333333,80.0,86.40987597877147,,,,93.33333333333333,80.0,86.40987597877147,1,66.66666666666667,83.33333333333334,74.535599249993,ok
cut_chocolate_bar::kling_v3_pro__202,cut_chocolate_bar,kling_v3_pro,202,ai,Kitchen/Food Prep,None,historical_datasheet,8.333333333333334,6,46.22555533333334,A8,"[""place"", ""cut"", ""unwrap"", ""break"", ""open"", ""insert"", ""close""]",,,,,,,33.333333333333336,25.0,28.867513459481287,33.333333333333336,25.0,28.867513459481287,1,83.33333333333333,100.0,91.28709291752767,ok
cut_chocolate_bar::kling_v3_pro__303,cut_chocolate_bar,kling_v3_pro,303,ai,Kitchen/Food Prep,None,historical_datasheet,8.333333333333334,6,46.22555533333334,A8,"[""place"", ""cut"", ""unwrap"", ""break"", ""open"", ""insert"", ""close""]",80.0,25.0,44.721359549995796,53.33333333333334,10.0,23.094010767585033,,,,66.66666666666667,17.5,34.15650255319866,2,83.33333333333333,87.5,85.39125638299664,ok
cut_chocolate_bar::minimax_h3__101,cut_chocolate_bar,minimax_h3,101,ai,Kitchen/Food Prep,None,historical_datasheet,8.333333333333334,6,46.22555533333334,A8,"[""place"", ""cut"", ""unwrap"", ""break"", ""open"", ""insert"", ""close""]",73.33333333333334,65.0,69.04105059069326,,,,,,,73.33333333333334,65.0,69.04105059069326,1,38.88888888888889,100.0,62.36095644623236,ok
cut_chocolate_bar::minimax_h3__202,cut_chocolate_bar,minimax_h3,202,ai,Kitchen/Food Prep,None,historical_datasheet,8.333333333333334,6,46.22555533333334,A8,"[""place"", ""cut"", ""unwrap"", ""break"", ""open"", ""insert"", ""close""]",26.66666666666667,58.25,39.412350010286545,,,,,,,26.66666666666667,58.25,39.412350010286545,1,44.444444444444436,70.83333333333334,56.10836076867821,ok
cut_chocolate_bar::minimax_h3__303,cut_chocolate_bar,minimax_h3,303,ai,Kitchen/Food Prep,None,historical_datasheet,8.333333333333334,6,46.22555533333334,A8,"[""place"", ""cut"", ""unwrap"", ""break"", ""open"", ""insert"", ""close""]",,,,,,,,,,,,,0,44.444444444444436,100.0,66.66666666666666,ok
cut_chocolate_bar::seedance_2_0__101,cut_chocolate_bar,seedance_2_0,101,ai,Kitchen/Food Prep,None,historical_datasheet,8.333333333333334,6,46.22555533333334,A8,"[""place"", ""cut"", ""unwrap"", ""break"", ""open"", ""insert"", ""close""]",,,,,,,33.333333333333336,37.5,35.35533905932738,33.333333333333336,37.5,35.35533905932738,1,83.33333333333333,75.0,79.05694150420949,ok
cut_chocolate_bar::seedance_2_0__202,cut_chocolate_bar,seedance_2_0,202,ai,Kitchen/Food Prep,None,historical_datasheet,8.333333333333334,6,46.22555533333334,A8,"[""place"", ""cut"", ""unwrap"", ""break"", ""open"", ""insert"", ""close""]",80.0,25.0,44.721359549995796,,,,33.333333333333336,43.75,38.18813079129867,56.66666666666667,34.375,44.13520892288454,2,100.0,83.33333333333334,91.28709291752769,ok
cut_chocolate_bar::seedance_2_0__303,cut_chocolate_bar,seedance_2_0,303,ai,Kitchen/Food Prep,None,historical_datasheet,8.333333333333334,6,46.22555533333334,A8,"[""place"", ""cut"", ""unwrap"", ""break"", ""open"", ""insert"", ""close""]",80.0,75.0,77.45966692414834,,,,80.0,40.0,56.568542494923804,80.0,57.5,67.82329983125268,2,83.33333333333333,100.0,91.28709291752767,ok
cut_chocolate_bar::wan_2_7__101,cut_chocolate_bar,wan_2_7,101,ai,Kitchen/Food Prep,None,historical_datasheet,8.333333333333334,6,46.22555533333334,A8,"[""place"", ""cut"", ""unwrap"", ""break"", ""open"", ""insert"", ""close""]",80.0,56.25,67.08203932499369,,,,,,,80.0,56.25,67.08203932499369,1,83.33333333333333,50.0,64.54972243679028,ok
cut_chocolate_bar::wan_2_7__202,cut_chocolate_bar,wan_2_7,202,ai,Kitchen/Food Prep,None,historical_datasheet,8.333333333333334,6,46.22555533333334,A8,"[""place"", ""cut"", ""unwrap"", ""break"", ""open"", ""insert"", ""close""]",,,,60.00000000000001,0.0,0.0,,,,60.00000000000001,0.0,0.0,1,33.333333333333336,33.33333333333333,33.333333333333336,ok
cut_chocolate_bar::wan_2_7__303,cut_chocolate_bar,wan_2_7,303,ai,Kitchen/Food Prep,None,historical_datasheet,8.333333333333334,6,46.22555533333334,A8,"[""place"", ""cut"", ""unwrap"", ""break"", ""open"", ""insert"", ""close""]",60.00000000000001,37.5,47.434164902525694,,,,33.333333333333336,50.0,40.824829046386306,46.66666666666667,43.75,45.1848057057532,2,83.33333333333333,33.33333333333333,52.704627669472984,ok
cut_chocolate_bar::wrong_1,cut_chocolate_bar,human_wrong,1,human_wrong,Kitchen/Food Prep,None,historical_datasheet,8.333333333333334,6,46.22555533333334,A8,"[""place"", ""cut"", ""unwrap"", ""break"", ""open"", ""insert"", ""close""]",60.00000000000001,100.0,77.45966692414834,,,,60.00000000000001,100.0,77.45966692414834,60.00000000000001,100.0,77.45966692414834,2,27.777777777777782,100.0,52.70462766947299,ok
cut_chocolate_bar::wrong_2,cut_chocolate_bar,human_wrong,2,human_wrong,Kitchen/Food Prep,None,historical_datasheet,8.333333333333334,6,46.22555533333334,A8,"[""place"", ""cut"", ""unwrap"", ""break"", ""open"", ""insert"", ""close""]",,,,,,,6.666666666666668,100.0,25.819888974716115,6.666666666666668,100.0,25.819888974716115,1,0.0,,,partial
cut_chocolate_bar::wrong_3,cut_chocolate_bar,human_wrong,3,human_wrong,Kitchen/Food Prep,None,historical_datasheet,8.333333333333334,6,46.22555533333334,A8,"[""place"", ""cut"", ""unwrap"", ""break"", ""open"", ""insert"", ""close""]",80.0,100.0,89.44271909999159,,,,,,,80.0,100.0,89.44271909999159,1,44.444444444444436,100.0,66.66666666666666,ok
desk_mat_tablet::correct_1,desk_mat_tablet,human_reference,ref_1,ground_truth_reference,Office/Study Workspace,Heavy,historical_datasheet,4.0,3,26.53333333333333,A1,"[""move"", ""place"", ""stack"", ""roll""]",,,,,,,,,,,,,0,100.0,100.0,100.0,ok
desk_mat_tablet::correct_2,desk_mat_tablet,human_reference,ref_2,ground_truth_reference,Office/Study Workspace,Heavy,historical_datasheet,4.0,3,26.53333333333333,A1,"[""move"", ""place"", ""stack"", ""roll""]",,,,,,,,,,,,,0,100.0,100.0,100.0,ok
desk_mat_tablet::correct_3,desk_mat_tablet,human_reference,ref_3,ground_truth_reference,Office/Study Workspace,Heavy,historical_datasheet,4.0,3,26.53333333333333,A1,"[""move"", ""place"", ""stack"", ""roll""]",,,,,,,,,,,,,0,100.0,100.0,100.0,ok
desk_mat_tablet::cosmos_3__101,desk_mat_tablet,cosmos_3,101,ai,Office/Study Workspace,Heavy,historical_datasheet,4.0,3,26.53333333333333,A1,"[""move"", ""place"", ""stack"", ""roll""]",,,,22.333333333333336,0.0,0.0,,,,22.333333333333336,0.0,0.0,1,33.333333333333336,100.0,57.735026918962575,ok
desk_mat_tablet::cosmos_3__202,desk_mat_tablet,cosmos_3,202,ai,Office/Study Workspace,Heavy,historical_datasheet,4.0,3,26.53333333333333,A1,"[""move"", ""place"", ""stack"", ""roll""]",,,,11.000000000000002,50.0,23.45207879911715,,,,11.000000000000002,50.0,23.45207879911715,1,0.0,100.0,0.0,ok
desk_mat_tablet::cosmos_3__303,desk_mat_tablet,cosmos_3,303,ai,Office/Study Workspace,Heavy,historical_datasheet,4.0,3,26.53333333333333,A1,"[""move"", ""place"", ""stack"", ""roll""]",,,,,,,,,,,,,0,50.0,100.0,70.71067811865476,ok
desk_mat_tablet::grok_imagine_video_1_5__101,desk_mat_tablet,grok_imagine_video_1_5,101,ai,Office/Study Workspace,Heavy,historical_datasheet,4.0,3,26.53333333333333,A1,"[""move"", ""place"", ""stack"", ""roll""]",33.333333333333336,75.0,50.0,,,,,,,33.333333333333336,75.0,50.0,1,100.0,100.0,100.0,ok
desk_mat_tablet::grok_imagine_video_1_5__202,desk_mat_tablet,grok_imagine_video_1_5,202,ai,Office/Study Workspace,Heavy,historical_datasheet,4.0,3,26.53333333333333,A1,"[""move"", ""place"", ""stack"", ""roll""]",33.333333333333336,50.0,40.824829046386306,,,,,,,33.333333333333336,50.0,40.824829046386306,1,100.0,66.66666666666666,81.6496580927726,ok
desk_mat_tablet::grok_imagine_video_1_5__303,desk_mat_tablet,grok_imagine_video_1_5,303,ai,Office/Study Workspace,Heavy,historical_datasheet,4.0,3,26.53333333333333,A1,"[""move"", ""place"", ""stack"", ""roll""]",,,,,,,,,,,,,0,100.0,100.0,100.0,ok
desk_mat_tablet::kling_v3_pro__101,desk_mat_tablet,kling_v3_pro,101,ai,Office/Study Workspace,Heavy,historical_datasheet,4.0,3,26.53333333333333,A1,"[""move"", ""place"", ""stack"", ""roll""]",,,,,,,,,,,,,0,83.33333333333333,100.0,91.28709291752767,ok
desk_mat_tablet::kling_v3_pro__202,desk_mat_tablet,kling_v3_pro,202,ai,Office/Study Workspace,Heavy,historical_datasheet,4.0,3,26.53333333333333,A1,"[""move"", ""place"", ""stack"", ""roll""]",,,,,,,,,,,,,0,66.66666666666667,100.0,81.64965809277261,ok
desk_mat_tablet::kling_v3_pro__303,desk_mat_tablet,kling_v3_pro,303,ai,Office/Study Workspace,Heavy,historical_datasheet,4.0,3,26.53333333333333,A1,"[""move"", ""place"", ""stack"", ""roll""]",,,,,,,,,,,,,0,100.0,66.66666666666666,81.6496580927726,ok
desk_mat_tablet::minimax_h3__101,desk_mat_tablet,minimax_h3,101,ai,Office/Study Workspace,Heavy,historical_datasheet,4.0,3,26.53333333333333,A1,"[""move"", ""place"", ""stack"", ""roll""]",46.666666666666664,70.0,57.154760664940824,,,,,,,46.666666666666664,70.0,57.154760664940824,1,100.0,100.0,100.0,ok
desk_mat_tablet::minimax_h3__202,desk_mat_tablet,minimax_h3,202,ai,Office/Study Workspace,Heavy,historical_datasheet,4.0,3,26.53333333333333,A1,"[""move"", ""place"", ""stack"", ""roll""]",33.333333333333336,50.0,40.824829046386306,,,,,,,33.333333333333336,50.0,40.824829046386306,1,100.0,66.66666666666666,81.6496580927726,ok
desk_mat_tablet::minimax_h3__303,desk_mat_tablet,minimax_h3,303,ai,Office/Study Workspace,Heavy,historical_datasheet,4.0,3,26.53333333333333,A1,"[""move"", ""place"", ""stack"", ""roll""]",,,,,,,,,,,,,0,50.0,25.0,35.35533905932738,ok
desk_mat_tablet::seedance_2_0__101,desk_mat_tablet,seedance_2_0,101,ai,Office/Study Workspace,Heavy,historical_datasheet,4.0,3,26.53333333333333,A1,"[""move"", ""place"", ""stack"", ""roll""]",,,,,,,,,,,,,0,100.0,33.33333333333333,57.735026918962575,ok
desk_mat_tablet::seedance_2_0__202,desk_mat_tablet,seedance_2_0,202,ai,Office/Study Workspace,Heavy,historical_datasheet,4.0,3,26.53333333333333,A1,"[""move"", ""place"", ""stack"", ""roll""]",,,,33.333333333333336,75.0,50.0,40.0,25.0,31.622776601683793,36.66666666666667,50.0,42.81744192888377,2,100.0,,,partial
desk_mat_tablet::seedance_2_0__303,desk_mat_tablet,seedance_2_0,303,ai,Office/Study Workspace,Heavy,historical_datasheet,4.0,3,26.53333333333333,A1,"[""move"", ""place"", ""stack"", ""roll""]",,,,6.666666666666668,5.0,5.773502691896258,,,,6.666666666666668,5.0,5.773502691896258,1,83.33333333333333,100.0,91.28709291752767,ok
desk_mat_tablet::wan_2_7__101,desk_mat_tablet,wan_2_7,101,ai,Office/Study Workspace,Heavy,historical_datasheet,4.0,3,26.53333333333333,A1,"[""move"", ""place"", ""stack"", ""roll""]",,,,44.333333333333336,50.0,47.08148963941845,,,,44.333333333333336,50.0,47.08148963941845,1,77.77777777777779,75.0,76.37626158259734,ok
desk_mat_tablet::wan_2_7__202,desk_mat_tablet,wan_2_7,202,ai,Office/Study Workspace,Heavy,historical_datasheet,4.0,3,26.53333333333333,A1,"[""move"", ""place"", ""stack"", ""roll""]",,,,,,,,,,,,,0,100.0,58.333333333333336,76.37626158259734,ok
desk_mat_tablet::wan_2_7__303,desk_mat_tablet,wan_2_7,303,ai,Office/Study Workspace,Heavy,historical_datasheet,4.0,3,26.53333333333333,A1,"[""move"", ""place"", ""stack"", ""roll""]",,,,,,,,,,,,,0,100.0,81.25,90.13878188659973,ok
desk_mat_tablet::wrong_1,desk_mat_tablet,human_wrong,1,human_wrong,Office/Study Workspace,Heavy,historical_datasheet,4.0,3,26.53333333333333,A1,"[""move"", ""place"", ""stack"", ""roll""]",,,,,,,,,,,,,0,83.33333333333333,81.25,82.28507357554791,ok
desk_mat_tablet::wrong_2,desk_mat_tablet,human_wrong,2,human_wrong,Office/Study Workspace,Heavy,historical_datasheet,4.0,3,26.53333333333333,A1,"[""move"", ""place"", ""stack"", ""roll""]",,,,44.333333333333336,100.0,66.58328118479393,,,,44.333333333333336,100.0,66.58328118479393,1,33.333333333333336,0.0,0.0,ok
desk_mat_tablet::wrong_3,desk_mat_tablet,human_wrong,3,human_wrong,Office/Study Workspace,Heavy,historical_datasheet,4.0,3,26.53333333333333,A1,"[""move"", ""place"", ""stack"", ""roll""]",66.66666666666667,100.0,81.64965809277261,,,,,,,66.66666666666667,100.0,81.64965809277261,1,83.33333333333333,100.0,91.28709291752767,ok
dish_washdry::correct_1,dish_washdry,human_reference,ref_1,ground_truth_reference,Kitchen/Food Prep,Minimal,historical_datasheet,11.0,6,54.865922000000005,A7,"[""dispense"", ""apply"", ""scrub"", ""rinse"", ""dry"", ""switch_on"", ""switch_off"", ""place""]",,,,,,,,,,,,,0,66.66666666666667,100.0,81.64965809277261,ok
dish_washdry::correct_2,dish_washdry,human_reference,ref_2,ground_truth_reference,Kitchen/Food Prep,Minimal,historical_datasheet,11.0,6,54.865922000000005,A7,"[""dispense"", ""apply"", ""scrub"", ""rinse"", ""dry"", ""switch_on"", ""switch_off"", ""place""]",,,,,,,,,,,,,0,40.0,100.0,63.245553203367585,ok
dish_washdry::correct_3,dish_washdry,human_reference,ref_3,ground_truth_reference,Kitchen/Food Prep,Minimal,historical_datasheet,11.0,6,54.865922000000005,A7,"[""dispense"", ""apply"", ""scrub"", ""rinse"", ""dry"", ""switch_on"", ""switch_off"", ""place""]",,,,,,,,,,,,,0,86.66666666666667,100.0,93.09493362512629,ok
dish_washdry::cosmos_3__101,dish_washdry,cosmos_3,101,ai,Kitchen/Food Prep,Minimal,historical_datasheet,11.0,6,54.865922000000005,A7,"[""dispense"", ""apply"", ""scrub"", ""rinse"", ""dry"", ""switch_on"", ""switch_off"", ""place""]",10.0,0.0,0.0,,,,,,,10.0,0.0,0.0,1,14.285714285714285,100.0,37.79644730092272,ok
dish_washdry::cosmos_3__202,dish_washdry,cosmos_3,202,ai,Kitchen/Food Prep,Minimal,historical_datasheet,11.0,6,54.865922000000005,A7,"[""dispense"", ""apply"", ""scrub"", ""rinse"", ""dry"", ""switch_on"", ""switch_off"", ""place""]",,,,,,,,,,,,,0,14.285714285714285,100.0,37.79644730092272,ok
dish_washdry::cosmos_3__303,dish_washdry,cosmos_3,303,ai,Kitchen/Food Prep,Minimal,historical_datasheet,11.0,6,54.865922000000005,A7,"[""dispense"", ""apply"", ""scrub"", ""rinse"", ""dry"", ""switch_on"", ""switch_off"", ""place""]",6.666666666666668,,,,,,,,,6.666666666666668,,,1,13.333333333333334,0.0,0.0,ok
dish_washdry::grok_imagine_video_1_5__101,dish_washdry,grok_imagine_video_1_5,101,ai,Kitchen/Food Prep,Minimal,historical_datasheet,11.0,6,54.865922000000005,A7,"[""dispense"", ""apply"", ""scrub"", ""rinse"", ""dry"", ""switch_on"", ""switch_off"", ""place""]",,,,,,,,,,,,,0,100.0,100.0,100.0,ok
dish_washdry::grok_imagine_video_1_5__202,dish_washdry,grok_imagine_video_1_5,202,ai,Kitchen/Food Prep,Minimal,historical_datasheet,11.0,6,54.865922000000005,A7,"[""dispense"", ""apply"", ""scrub"", ""rinse"", ""dry"", ""switch_on"", ""switch_off"", ""place""]",,,,,,,,,,,,,0,60.0,0.0,0.0,ok
dish_washdry::grok_imagine_video_1_5__303,dish_washdry,grok_imagine_video_1_5,303,ai,Kitchen/Food Prep,Minimal,historical_datasheet,11.0,6,54.865922000000005,A7,"[""dispense"", ""apply"", ""scrub"", ""rinse"", ""dry"", ""switch_on"", ""switch_off"", ""place""]",,,,,,,,,,,,,0,86.66666666666667,100.0,93.09493362512629,ok
dish_washdry::kling_v3_pro__101,dish_washdry,kling_v3_pro,101,ai,Kitchen/Food Prep,Minimal,historical_datasheet,11.0,6,54.865922000000005,A7,"[""dispense"", ""apply"", ""scrub"", ""rinse"", ""dry"", ""switch_on"", ""switch_off"", ""place""]",,,,,,,,,,,,,0,14.285714285714285,100.0,37.79644730092272,ok
dish_washdry::kling_v3_pro__202,dish_washdry,kling_v3_pro,202,ai,Kitchen/Food Prep,Minimal,historical_datasheet,11.0,6,54.865922000000005,A7,"[""dispense"", ""apply"", ""scrub"", ""rinse"", ""dry"", ""switch_on"", ""switch_off"", ""place""]",66.66666666666667,85.75,75.60864148142504,,,,,,,66.66666666666667,85.75,75.60864148142504,1,100.0,85.71428571428571,92.58200997725514,ok
dish_washdry::kling_v3_pro__303,dish_washdry,kling_v3_pro,303,ai,Kitchen/Food Prep,Minimal,historical_datasheet,11.0,6,54.865922000000005,A7,"[""dispense"", ""apply"", ""scrub"", ""rinse"", ""dry"", ""switch_on"", ""switch_off"", ""place""]",26.66666666666667,100.0,51.63977794943223,,,,,,,26.66666666666667,100.0,51.63977794943223,1,33.333333333333336,100.0,57.735026918962575,ok
dish_washdry::minimax_h3__101,dish_washdry,minimax_h3,101,ai,Kitchen/Food Prep,Minimal,historical_datasheet,11.0,6,54.865922000000005,A7,"[""dispense"", ""apply"", ""scrub"", ""rinse"", ""dry"", ""switch_on"", ""switch_off"", ""place""]",,,,,,,,,,,,,0,60.0,100.0,77.45966692414834,ok
dish_washdry::minimax_h3__202,dish_washdry,minimax_h3,202,ai,Kitchen/Food Prep,Minimal,historical_datasheet,11.0,6,54.865922000000005,A7,"[""dispense"", ""apply"", ""scrub"", ""rinse"", ""dry"", ""switch_on"", ""switch_off"", ""place""]",18.66666666666667,41.75,27.91654228828014,,,,,,,18.66666666666667,41.75,27.91654228828014,1,40.0,83.33333333333334,57.73502691896258,ok
dish_washdry::minimax_h3__303,dish_washdry,minimax_h3,303,ai,Kitchen/Food Prep,Minimal,historical_datasheet,11.0,6,54.865922000000005,A7,"[""dispense"", ""apply"", ""scrub"", ""rinse"", ""dry"", ""switch_on"", ""switch_off"", ""place""]",,,,,,,,,,,,,0,33.333333333333336,100.0,57.735026918962575,ok
dish_washdry::seedance_2_0__101,dish_washdry,seedance_2_0,101,ai,Kitchen/Food Prep,Minimal,historical_datasheet,11.0,6,54.865922000000005,A7,"[""dispense"", ""apply"", ""scrub"", ""rinse"", ""dry"", ""switch_on"", ""switch_off"", ""place""]",60.00000000000001,83.25,70.67531393633848,,,,,,,60.00000000000001,83.25,70.67531393633848,1,38.095238095238095,100.0,61.72133998483677,ok
dish_washdry::seedance_2_0__202,dish_washdry,seedance_2_0,202,ai,Kitchen/Food Prep,Minimal,historical_datasheet,11.0,6,54.865922000000005,A7,"[""dispense"", ""apply"", ""scrub"", ""rinse"", ""dry"", ""switch_on"", ""switch_off"", ""place""]",86.66666666666667,83.25,84.94115610232768,,,,,,,86.66666666666667,83.25,84.94115610232768,1,86.66666666666667,100.0,93.09493362512629,ok
dish_washdry::seedance_2_0__303,dish_washdry,seedance_2_0,303,ai,Kitchen/Food Prep,Minimal,historical_datasheet,11.0,6,54.865922000000005,A7,"[""dispense"", ""apply"", ""scrub"", ""rinse"", ""dry"", ""switch_on"", ""switch_off"", ""place""]",,,,,,,,,,,,,0,47.61904761904762,95.0,67.25927091345493,ok
dish_washdry::wan_2_7__101,dish_washdry,wan_2_7,101,ai,Kitchen/Food Prep,Minimal,historical_datasheet,11.0,6,54.865922000000005,A7,"[""dispense"", ""apply"", ""scrub"", ""rinse"", ""dry"", ""switch_on"", ""switch_off"", ""place""]",50.0,60.0,54.772255750516614,,,,33.333333333333336,50.0,40.824829046386306,41.66666666666667,55.0,47.871355387816905,2,86.66666666666667,100.0,93.09493362512629,ok
dish_washdry::wan_2_7__202,dish_washdry,wan_2_7,202,ai,Kitchen/Food Prep,Minimal,historical_datasheet,11.0,6,54.865922000000005,A7,"[""dispense"", ""apply"", ""scrub"", ""rinse"", ""dry"", ""switch_on"", ""switch_off"", ""place""]",,,,,,,,,,,,,0,57.14285714285714,83.33333333333334,69.00655593423542,ok
dish_washdry::wan_2_7__303,dish_washdry,wan_2_7,303,ai,Kitchen/Food Prep,Minimal,historical_datasheet,11.0,6,54.865922000000005,A7,"[""dispense"", ""apply"", ""scrub"", ""rinse"", ""dry"", ""switch_on"", ""switch_off"", ""place""]",,,,,,,,,,,,,0,71.42857142857143,100.0,84.51542547285166,ok
dish_washdry::wrong_1,dish_washdry,human_wrong,1,human_wrong,Kitchen/Food Prep,Minimal,historical_datasheet,11.0,6,54.865922000000005,A7,"[""dispense"", ""apply"", ""scrub"", ""rinse"", ""dry"", ""switch_on"", ""switch_off"", ""place""]",,,,,,,,,,,,,0,40.0,96.42857142857143,62.10590034081188,ok
dish_washdry::wrong_2,dish_washdry,human_wrong,2,human_wrong,Kitchen/Food Prep,Minimal,historical_datasheet,11.0,6,54.865922000000005,A7,"[""dispense"", ""apply"", ""scrub"", ""rinse"", ""dry"", ""switch_on"", ""switch_off"", ""place""]",,100.0,,89.0,100.0,94.33981132056604,86.66666666666667,92.5,89.53584012375529,87.83333333333334,97.5,92.54053166045676,2,40.0,100.0,63.245553203367585,ok
dish_washdry::wrong_3,dish_washdry,human_wrong,3,human_wrong,Kitchen/Food Prep,Minimal,historical_datasheet,11.0,6,54.865922000000005,A7,"[""dispense"", ""apply"", ""scrub"", ""rinse"", ""dry"", ""switch_on"", ""switch_off"", ""place""]",70.00000000000001,100.0,83.66600265340756,,,,,,,70.00000000000001,100.0,83.66600265340756,1,26.666666666666668,,,partial
double_shoe_box::correct_1,double_shoe_box,human_reference,ref_1,ground_truth_reference,Household Org/Storage,None,historical_datasheet,5.0,4,14.255307666666667,A2,"[""remove"", ""insert"", ""close"", ""place""]",,,,,,,,,,,,,0,100.0,100.0,100.0,ok
double_shoe_box::correct_2,double_shoe_box,human_reference,ref_2,ground_truth_reference,Household Org/Storage,None,historical_datasheet,5.0,4,14.255307666666667,A2,"[""remove"", ""insert"", ""close"", ""place""]",,,,,,,,,,,,,0,100.0,100.0,100.0,ok
double_shoe_box::correct_3,double_shoe_box,human_reference,ref_3,ground_truth_reference,Household Org/Storage,None,historical_datasheet,5.0,4,14.255307666666667,A2,"[""remove"", ""insert"", ""close"", ""place""]",,,,,,,,,,,,,0,100.0,100.0,100.0,ok
double_shoe_box::cosmos_3__101,double_shoe_box,cosmos_3,101,ai,Household Org/Storage,None,historical_datasheet,5.0,4,14.255307666666667,A2,"[""remove"", ""insert"", ""close"", ""place""]",33.333333333333336,0.0,0.0,20.0,0.0,0.0,,,,26.666666666666668,0.0,0.0,2,20.0,25.0,22.360679774997898,ok
double_shoe_box::cosmos_3__202,double_shoe_box,cosmos_3,202,ai,Household Org/Storage,None,historical_datasheet,5.0,4,14.255307666666667,A2,"[""remove"", ""insert"", ""close"", ""place""]",46.666666666666664,0.0,0.0,33.333333333333336,0.0,0.0,40.0,0.0,0.0,40.0,0.0,0.0,3,80.0,0.0,0.0,ok
double_shoe_box::cosmos_3__303,double_shoe_box,cosmos_3,303,ai,Household Org/Storage,None,historical_datasheet,5.0,4,14.255307666666667,A2,"[""remove"", ""insert"", ""close"", ""place""]",53.33333333333334,0.0,0.0,26.66666666666667,0.0,0.0,20.0,0.0,0.0,33.333333333333336,0.0,0.0,3,26.666666666666668,60.0,40.0,ok
double_shoe_box::grok_imagine_video_1_5__101,double_shoe_box,grok_imagine_video_1_5,101,ai,Household Org/Storage,None,historical_datasheet,5.0,4,14.255307666666667,A2,"[""remove"", ""insert"", ""close"", ""place""]",60.00000000000001,33.25,44.665422868254595,33.333333333333336,25.0,28.867513459481287,,,,46.66666666666667,29.125,36.866877636527164,2,46.666666666666664,60.0,52.91502622129181,ok
double_shoe_box::grok_imagine_video_1_5__202,double_shoe_box,grok_imagine_video_1_5,202,ai,Household Org/Storage,None,historical_datasheet,5.0,4,14.255307666666667,A2,"[""remove"", ""insert"", ""close"", ""place""]",46.666666666666664,100.0,68.31300510639731,20.0,50.0,31.622776601683793,,60.0,,33.33333333333333,70.0,48.30458915396479,2,6.666666666666667,20.0,11.547005383792516,ok
double_shoe_box::grok_imagine_video_1_5__303,double_shoe_box,grok_imagine_video_1_5,303,ai,Household Org/Storage,None,historical_datasheet,5.0,4,14.255307666666667,A2,"[""remove"", ""insert"", ""close"", ""place""]",100.0,80.0,89.44271909999159,,60.0,,,,,100.0,70.0,83.66600265340756,1,80.0,100.0,89.44271909999159,ok
double_shoe_box::kling_v3_pro__101,double_shoe_box,kling_v3_pro,101,ai,Household Org/Storage,None,historical_datasheet,5.0,4,14.255307666666667,A2,"[""remove"", ""insert"", ""close"", ""place""]",100.0,80.0,89.44271909999159,100.0,90.0,94.86832980505137,,,,100.0,85.0,92.19544457292888,2,100.0,100.0,100.0,ok
double_shoe_box::kling_v3_pro__202,double_shoe_box,kling_v3_pro,202,ai,Household Org/Storage,None,historical_datasheet,5.0,4,14.255307666666667,A2,"[""remove"", ""insert"", ""close"", ""place""]",33.333333333333336,75.0,50.0,33.333333333333336,75.0,50.0,20.0,15.0,17.320508075688775,28.88888888888889,55.0,39.86086914367133,3,60.0,100.0,77.45966692414834,ok
double_shoe_box::kling_v3_pro__303,double_shoe_box,kling_v3_pro,303,ai,Household Org/Storage,None,historical_datasheet,5.0,4,14.255307666666667,A2,"[""remove"", ""insert"", ""close"", ""place""]",80.0,100.0,89.44271909999159,,50.0,,,,,80.0,75.0,77.45966692414834,1,80.0,75.0,77.45966692414834,ok
double_shoe_box::minimax_h3__101,double_shoe_box,minimax_h3,101,ai,Household Org/Storage,None,historical_datasheet,5.0,4,14.255307666666667,A2,"[""remove"", ""insert"", ""close"", ""place""]",100.0,70.0,83.66600265340756,,,,,,,100.0,70.0,83.66600265340756,1,100.0,100.0,100.0,ok
double_shoe_box::minimax_h3__202,double_shoe_box,minimax_h3,202,ai,Household Org/Storage,None,historical_datasheet,5.0,4,14.255307666666667,A2,"[""remove"", ""insert"", ""close"", ""place""]",100.0,90.0,94.86832980505137,,,,,,,100.0,90.0,94.86832980505137,1,100.0,100.0,100.0,ok
double_shoe_box::minimax_h3__303,double_shoe_box,minimax_h3,303,ai,Household Org/Storage,None,historical_datasheet,5.0,4,14.255307666666667,A2,"[""remove"", ""insert"", ""close"", ""place""]",100.0,70.0,83.66600265340756,,,,,,,100.0,70.0,83.66600265340756,1,100.0,100.0,100.0,ok
double_shoe_box::seedance_2_0__101,double_shoe_box,seedance_2_0,101,ai,Household Org/Storage,None,historical_datasheet,5.0,4,14.255307666666667,A2,"[""remove"", ""insert"", ""close"", ""place""]",100.0,75.0,86.60254037844386,53.33333333333334,45.0,48.98979485566357,,,,76.66666666666667,60.0,67.82329983125268,2,80.0,100.0,89.44271909999159,ok
double_shoe_box::seedance_2_0__202,double_shoe_box,seedance_2_0,202,ai,Household Org/Storage,None,historical_datasheet,5.0,4,14.255307666666667,A2,"[""remove"", ""insert"", ""close"", ""place""]",100.0,75.0,86.60254037844386,86.66666666666667,30.0,50.99019513592785,,55.00000000000001,,93.33333333333334,53.333333333333336,70.55336829505575,2,100.0,80.0,89.44271909999159,ok
double_shoe_box::seedance_2_0__303,double_shoe_box,seedance_2_0,303,ai,Household Org/Storage,None,historical_datasheet,5.0,4,14.255307666666667,A2,"[""remove"", ""insert"", ""close"", ""place""]",33.333333333333336,80.0,51.63977794943223,,,,,,,33.333333333333336,80.0,51.63977794943223,1,80.0,100.0,89.44271909999159,ok
double_shoe_box::wan_2_7__101,double_shoe_box,wan_2_7,101,ai,Household Org/Storage,None,historical_datasheet,5.0,4,14.255307666666667,A2,"[""remove"", ""insert"", ""close"", ""place""]",33.333333333333336,62.5,45.64354645876384,80.0,50.0,63.245553203367585,,40.0,,56.66666666666667,50.833333333333336,53.67080729368207,2,80.0,100.0,89.44271909999159,ok
double_shoe_box::wan_2_7__202,double_shoe_box,wan_2_7,202,ai,Household Org/Storage,None,historical_datasheet,5.0,4,14.255307666666667,A2,"[""remove"", ""insert"", ""close"", ""place""]",73.33333333333334,12.5,30.276503540974918,53.33333333333334,40.0,46.188021535170066,,,,63.33333333333334,26.25,40.77376607575023,2,80.0,50.0,63.245553203367585,ok
double_shoe_box::wan_2_7__303,double_shoe_box,wan_2_7,303,ai,Household Org/Storage,None,historical_datasheet,5.0,4,14.255307666666667,A2,"[""remove"", ""insert"", ""close"", ""place""]",60.00000000000001,66.75,63.28506932918696,53.33333333333334,33.25,42.11096452627669,,,,56.66666666666667,50.0,53.22906474223771,2,80.0,40.0,56.568542494923804,ok
double_shoe_box::wrong_1,double_shoe_box,human_wrong,1,human_wrong,Household Org/Storage,None,historical_datasheet,5.0,4,14.255307666666667,A2,"[""remove"", ""insert"", ""close"", ""place""]",40.0,100.0,63.245553203367585,46.666666666666664,100.0,68.31300510639731,,,,43.33333333333333,100.0,65.82805886043833,2,26.666666666666668,66.66666666666666,42.16370213557839,ok
double_shoe_box::wrong_2,double_shoe_box,human_wrong,2,human_wrong,Household Org/Storage,None,historical_datasheet,5.0,4,14.255307666666667,A2,"[""remove"", ""insert"", ""close"", ""place""]",80.0,100.0,89.44271909999159,80.0,100.0,89.44271909999159,,62.5,,80.0,87.5,83.66600265340756,2,80.0,80.0,80.0,ok
double_shoe_box::wrong_3,double_shoe_box,human_wrong,3,human_wrong,Household Org/Storage,None,historical_datasheet,5.0,4,14.255307666666667,A2,"[""remove"", ""insert"", ""close"", ""place""]",60.00000000000001,100.0,77.45966692414834,60.00000000000001,50.0,54.772255750516614,53.33333333333334,50.0,51.63977794943223,57.77777777777779,66.66666666666667,62.06328908341752,3,60.0,75.0,67.08203932499369,ok
egg_candy_air_fryer::correct_1,egg_candy_air_fryer,human_reference,ref_1,ground_truth_reference,Kitchen/Food Prep,None,historical_datasheet,5.0,6,23.36999966666667,A2,"[""insert"", ""close"", ""plug_in""]",,,,,,,,,,,,,0,100.0,100.0,100.0,ok
egg_candy_air_fryer::correct_2,egg_candy_air_fryer,human_reference,ref_2,ground_truth_reference,Kitchen/Food Prep,None,historical_datasheet,5.0,6,23.36999966666667,A2,"[""insert"", ""close"", ""plug_in""]",,,,,,,,,,,,,0,100.0,100.0,100.0,ok
egg_candy_air_fryer::correct_3,egg_candy_air_fryer,human_reference,ref_3,ground_truth_reference,Kitchen/Food Prep,None,historical_datasheet,5.0,6,23.36999966666667,A2,"[""insert"", ""close"", ""plug_in""]",,,,,,,,,,,,,0,100.0,100.0,100.0,ok
egg_candy_air_fryer::cosmos_3__101,egg_candy_air_fryer,cosmos_3,101,ai,Kitchen/Food Prep,None,historical_datasheet,5.0,6,23.36999966666667,A2,"[""insert"", ""close"", ""plug_in""]",53.33333333333334,25.0,36.51483716701107,,,,,,,53.33333333333334,25.0,36.51483716701107,1,33.333333333333336,33.33333333333333,33.333333333333336,ok
egg_candy_air_fryer::cosmos_3__202,egg_candy_air_fryer,cosmos_3,202,ai,Kitchen/Food Prep,None,historical_datasheet,5.0,6,23.36999966666667,A2,"[""insert"", ""close"", ""plug_in""]",40.0,33.25,36.46916505762094,,,,0.0,8.25,0.0,20.0,20.75,20.37154878746336,2,33.333333333333336,100.0,57.735026918962575,ok
egg_candy_air_fryer::cosmos_3__303,egg_candy_air_fryer,cosmos_3,303,ai,Kitchen/Food Prep,None,historical_datasheet,5.0,6,23.36999966666667,A2,"[""insert"", ""close"", ""plug_in""]",33.333333333333336,0.0,0.0,,,,11.000000000000002,8.25,9.526279441628827,22.166666666666668,4.125,9.56229574945264,2,20.0,20.0,20.0,ok
egg_candy_air_fryer::grok_imagine_video_1_5__101,egg_candy_air_fryer,grok_imagine_video_1_5,101,ai,Kitchen/Food Prep,None,historical_datasheet,5.0,6,23.36999966666667,A2,"[""insert"", ""close"", ""plug_in""]",100.0,95.0,97.46794344808964,93.33333333333333,90.0,91.6515138991168,100.0,85.0,92.19544457292888,97.77777777777777,90.0,93.8083151964686,3,100.0,100.0,100.0,ok
egg_candy_air_fryer::grok_imagine_video_1_5__202,egg_candy_air_fryer,grok_imagine_video_1_5,202,ai,Kitchen/Food Prep,None,historical_datasheet,5.0,6,23.36999966666667,A2,"[""insert"", ""close"", ""plug_in""]",100.0,80.0,89.44271909999159,100.0,100.0,100.0,,,,100.0,90.0,94.86832980505137,2,93.33333333333333,100.0,96.60917830792958,ok
egg_candy_air_fryer::grok_imagine_video_1_5__303,egg_candy_air_fryer,grok_imagine_video_1_5,303,ai,Kitchen/Food Prep,None,historical_datasheet,5.0,6,23.36999966666667,A2,"[""insert"", ""close"", ""plug_in""]",93.33333333333333,100.0,96.60917830792958,86.66666666666667,70.0,77.88880963698615,,70.75,,90.0,80.25,84.98529284529177,2,93.33333333333333,100.0,96.60917830792958,ok
egg_candy_air_fryer::kling_v3_pro__101,egg_candy_air_fryer,kling_v3_pro,101,ai,Kitchen/Food Prep,None,historical_datasheet,5.0,6,23.36999966666667,A2,"[""insert"", ""close"", ""plug_in""]",100.0,100.0,100.0,100.0,100.0,100.0,,70.75,,100.0,90.25,95.0,2,86.66666666666667,100.0,93.09493362512629,ok
egg_candy_air_fryer::kling_v3_pro__202,egg_candy_air_fryer,kling_v3_pro,202,ai,Kitchen/Food Prep,None,historical_datasheet,5.0,6,23.36999966666667,A2,"[""insert"", ""close"", ""plug_in""]",100.0,100.0,100.0,100.0,90.0,94.86832980505137,,,,100.0,95.0,97.46794344808964,2,100.0,100.0,100.0,ok
egg_candy_air_fryer::kling_v3_pro__303,egg_candy_air_fryer,kling_v3_pro,303,ai,Kitchen/Food Prep,None,historical_datasheet,5.0,6,23.36999966666667,A2,"[""insert"", ""close"", ""plug_in""]",100.0,100.0,100.0,100.0,100.0,100.0,,83.25,,100.0,94.41666666666667,97.1682389809894,2,100.0,100.0,100.0,ok
egg_candy_air_fryer::minimax_h3__101,egg_candy_air_fryer,minimax_h3,101,ai,Kitchen/Food Prep,None,historical_datasheet,5.0,6,23.36999966666667,A2,"[""insert"", ""close"", ""plug_in""]",100.0,80.0,89.44271909999159,,,,,,,100.0,80.0,89.44271909999159,1,100.0,100.0,100.0,ok
egg_candy_air_fryer::minimax_h3__202,egg_candy_air_fryer,minimax_h3,202,ai,Kitchen/Food Prep,None,historical_datasheet,5.0,6,23.36999966666667,A2,"[""insert"", ""close"", ""plug_in""]",46.666666666666664,33.25,39.39120037097964,,,,,,,46.666666666666664,33.25,39.39120037097964,1,20.0,100.0,44.721359549995796,ok
egg_candy_air_fryer::minimax_h3__303,egg_candy_air_fryer,minimax_h3,303,ai,Kitchen/Food Prep,None,historical_datasheet,5.0,6,23.36999966666667,A2,"[""insert"", ""close"", ""plug_in""]",,,,,,,,,,,,,0,46.666666666666664,83.33333333333334,62.36095644623236,ok
egg_candy_air_fryer::seedance_2_0__101,egg_candy_air_fryer,seedance_2_0,101,ai,Kitchen/Food Prep,None,historical_datasheet,5.0,6,23.36999966666667,A2,"[""insert"", ""close"", ""plug_in""]",100.0,80.0,89.44271909999159,,83.25,,,,,100.0,81.625,90.34655499796325,1,100.0,100.0,100.0,ok
egg_candy_air_fryer::seedance_2_0__202,egg_candy_air_fryer,seedance_2_0,202,ai,Kitchen/Food Prep,None,historical_datasheet,5.0,6,23.36999966666667,A2,"[""insert"", ""close"", ""plug_in""]",100.0,100.0,100.0,100.0,100.0,100.0,100.0,100.0,100.0,100.0,100.0,100.0,3,100.0,100.0,100.0,ok
egg_candy_air_fryer::seedance_2_0__303,egg_candy_air_fryer,seedance_2_0,303,ai,Kitchen/Food Prep,None,historical_datasheet,5.0,6,23.36999966666667,A2,"[""insert"", ""close"", ""plug_in""]",100.0,80.0,89.44271909999159,100.0,60.0,77.45966692414834,,,,100.0,70.0,83.66600265340756,2,100.0,100.0,100.0,ok
egg_candy_air_fryer::wan_2_7__101,egg_candy_air_fryer,wan_2_7,101,ai,Kitchen/Food Prep,None,historical_datasheet,5.0,6,23.36999966666667,A2,"[""insert"", ""close"", ""plug_in""]",93.33333333333333,80.0,86.40987597877147,,,,,,,93.33333333333333,80.0,86.40987597877147,1,93.33333333333333,100.0,96.60917830792958,ok
egg_candy_air_fryer::wan_2_7__202,egg_candy_air_fryer,wan_2_7,202,ai,Kitchen/Food Prep,None,historical_datasheet,5.0,6,23.36999966666667,A2,"[""insert"", ""close"", ""plug_in""]",100.0,70.0,83.66600265340756,,66.75,,,,,100.0,68.375,82.68917704270613,1,93.33333333333333,80.0,86.40987597877147,ok
egg_candy_air_fryer::wan_2_7__303,egg_candy_air_fryer,wan_2_7,303,ai,Kitchen/Food Prep,None,historical_datasheet,5.0,6,23.36999966666667,A2,"[""insert"", ""close"", ""plug_in""]",100.0,100.0,100.0,,,,,,,100.0,100.0,100.0,1,100.0,100.0,100.0,ok
egg_candy_air_fryer::wrong_1,egg_candy_air_fryer,human_wrong,1,human_wrong,Kitchen/Food Prep,None,historical_datasheet,5.0,6,23.36999966666667,A2,"[""insert"", ""close"", ""plug_in""]",33.333333333333336,100.0,57.735026918962575,66.66666666666667,90.0,77.45966692414834,50.0,45.75,47.82781617427248,50.0,78.58333333333333,62.68306523030496,3,40.0,100.0,63.245553203367585,ok
egg_candy_air_fryer::wrong_2,egg_candy_air_fryer,human_wrong,2,human_wrong,Kitchen/Food Prep,None,historical_datasheet,5.0,6,23.36999966666667,A2,"[""insert"", ""close"", ""plug_in""]",80.0,100.0,89.44271909999159,,,,50.0,41.75,45.689167206242665,65.0,70.875,67.8739640804926,2,73.33333333333334,90.0,81.24038404635961,ok
egg_candy_air_fryer::wrong_3,egg_candy_air_fryer,human_wrong,3,human_wrong,Kitchen/Food Prep,None,historical_datasheet,5.0,6,23.36999966666667,A2,"[""insert"", ""close"", ""plug_in""]",33.333333333333336,100.0,57.735026918962575,33.333333333333336,100.0,57.735026918962575,,,,33.333333333333336,100.0,57.735026918962575,2,73.33333333333334,90.0,81.24038404635961,ok
egg_sauce_container::correct_1,egg_sauce_container,human_reference,ref_1,ground_truth_reference,Kitchen/Food Prep,None,historical_datasheet,7.333333333333333,8,19.166129666666667,A2,"[""align"", ""move"", ""open"", ""retrieve"", ""insert"", ""close""]",,,,,,,,,,,,,0,33.333333333333336,75.0,50.0,ok
egg_sauce_container::correct_2,egg_sauce_container,human_reference,ref_2,ground_truth_reference,Kitchen/Food Prep,None,historical_datasheet,7.333333333333333,8,19.166129666666667,A2,"[""align"", ""move"", ""open"", ""retrieve"", ""insert"", ""close""]",,,,,,,,,,,,,0,77.77777777777779,66.66666666666666,72.00822998230956,ok
egg_sauce_container::correct_3,egg_sauce_container,human_reference,ref_3,ground_truth_reference,Kitchen/Food Prep,None,historical_datasheet,7.333333333333333,8,19.166129666666667,A2,"[""align"", ""move"", ""open"", ""retrieve"", ""insert"", ""close""]",,,,,,,,,,,,,0,41.666666666666664,100.0,64.54972243679028,ok
egg_sauce_container::cosmos_3__101,egg_sauce_container,cosmos_3,101,ai,Kitchen/Food Prep,None,historical_datasheet,7.333333333333333,8,19.166129666666667,A2,"[""align"", ""move"", ""open"", ""retrieve"", ""insert"", ""close""]",19.0,0.0,0.0,0.0,0.0,0.0,,,,9.5,0.0,0.0,2,11.111111111111109,50.0,23.57022603955158,ok
egg_sauce_container::cosmos_3__202,egg_sauce_container,cosmos_3,202,ai,Kitchen/Food Prep,None,historical_datasheet,7.333333333333333,8,19.166129666666667,A2,"[""align"", ""move"", ""open"", ""retrieve"", ""insert"", ""close""]",4.666666666666668,0.0,0.0,,,,,,,4.666666666666668,0.0,0.0,1,33.333333333333336,33.33333333333333,33.333333333333336,ok
egg_sauce_container::cosmos_3__303,egg_sauce_container,cosmos_3,303,ai,Kitchen/Food Prep,None,historical_datasheet,7.333333333333333,8,19.166129666666667,A2,"[""align"", ""move"", ""open"", ""retrieve"", ""insert"", ""close""]",13.333333333333336,0.0,0.0,0.0,,,0.0,0.0,0.0,4.4444444444444455,0.0,0.0,3,0.0,100.0,0.0,ok
egg_sauce_container::grok_imagine_video_1_5__101,egg_sauce_container,grok_imagine_video_1_5,101,ai,Kitchen/Food Prep,None,historical_datasheet,7.333333333333333,8,19.166129666666667,A2,"[""align"", ""move"", ""open"", ""retrieve"", ""insert"", ""close""]",,,,,,,,,,,,,0,100.0,100.0,100.0,ok
egg_sauce_container::grok_imagine_video_1_5__202,egg_sauce_container,grok_imagine_video_1_5,202,ai,Kitchen/Food Prep,None,historical_datasheet,7.333333333333333,8,19.166129666666667,A2,"[""align"", ""move"", ""open"", ""retrieve"", ""insert"", ""close""]",73.33333333333334,25.0,42.81744192888377,33.333333333333336,25.0,28.867513459481287,37.666666666666664,22.0,28.786570943178813,48.111111111111114,24.0,33.980386499665755,3,46.666666666666664,83.33333333333334,62.36095644623236,ok
egg_sauce_container::grok_imagine_video_1_5__303,egg_sauce_container,grok_imagine_video_1_5,303,ai,Kitchen/Food Prep,None,historical_datasheet,7.333333333333333,8,19.166129666666667,A2,"[""align"", ""move"", ""open"", ""retrieve"", ""insert"", ""close""]",47.66666666666667,25.0,34.52052529534663,43.00000000000001,40.0,41.47288270665545,,,,45.33333333333334,32.5,38.38402445462609,2,80.0,100.0,89.44271909999159,ok
egg_sauce_container::kling_v3_pro__101,egg_sauce_container,kling_v3_pro,101,ai,Kitchen/Food Prep,None,historical_datasheet,7.333333333333333,8,19.166129666666667,A2,"[""align"", ""move"", ""open"", ""retrieve"", ""insert"", ""close""]",80.0,75.0,77.45966692414834,33.333333333333336,66.75,47.16990566028302,50.0,37.5,43.30127018922193,54.44444444444445,59.75,57.035563954041486,3,100.0,100.0,100.0,ok
egg_sauce_container::kling_v3_pro__202,egg_sauce_container,kling_v3_pro,202,ai,Kitchen/Food Prep,None,historical_datasheet,7.333333333333333,8,19.166129666666667,A2,"[""align"", ""move"", ""open"", ""retrieve"", ""insert"", ""close""]",43.00000000000001,50.0,46.36809247747853,,,,,,,43.00000000000001,50.0,46.36809247747853,1,60.0,83.33333333333334,70.71067811865476,ok
egg_sauce_container::kling_v3_pro__303,egg_sauce_container,kling_v3_pro,303,ai,Kitchen/Food Prep,None,historical_datasheet,7.333333333333333,8,19.166129666666667,A2,"[""align"", ""move"", ""open"", ""retrieve"", ""insert"", ""close""]",28.666666666666668,100.0,53.541261347363374,28.666666666666668,100.0,53.541261347363374,,,,28.666666666666668,100.0,53.541261347363374,2,50.0,100.0,70.71067811865476,ok
egg_sauce_container::minimax_h3__101,egg_sauce_container,minimax_h3,101,ai,Kitchen/Food Prep,None,historical_datasheet,7.333333333333333,8,19.166129666666667,A2,"[""align"", ""move"", ""open"", ""retrieve"", ""insert"", ""close""]",57.0,46.5,51.483006905191544,,,,,,,57.0,46.5,51.483006905191544,1,60.0,100.0,77.45966692414834,ok
egg_sauce_container::minimax_h3__202,egg_sauce_container,minimax_h3,202,ai,Kitchen/Food Prep,None,historical_datasheet,7.333333333333333,8,19.166129666666667,A2,"[""align"", ""move"", ""open"", ""retrieve"", ""insert"", ""close""]",,,,,,,,,,,,,0,40.0,100.0,63.245553203367585,ok
egg_sauce_container::minimax_h3__303,egg_sauce_container,minimax_h3,303,ai,Kitchen/Food Prep,None,historical_datasheet,7.333333333333333,8,19.166129666666667,A2,"[""align"", ""move"", ""open"", ""retrieve"", ""insert"", ""close""]",,,,,,,,,,,,,0,33.333333333333336,100.0,57.735026918962575,ok
egg_sauce_container::seedance_2_0__101,egg_sauce_container,seedance_2_0,101,ai,Kitchen/Food Prep,None,historical_datasheet,7.333333333333333,8,19.166129666666667,A2,"[""align"", ""move"", ""open"", ""retrieve"", ""insert"", ""close""]",66.66666666666667,62.5,64.54972243679029,,,,,,,66.66666666666667,62.5,64.54972243679029,1,88.88888888888887,100.0,94.28090415820633,ok
egg_sauce_container::seedance_2_0__202,egg_sauce_container,seedance_2_0,202,ai,Kitchen/Food Prep,None,historical_datasheet,7.333333333333333,8,19.166129666666667,A2,"[""align"", ""move"", ""open"", ""retrieve"", ""insert"", ""close""]",33.333333333333336,85.0,53.22906474223771,33.333333333333336,60.0,44.721359549995796,,,,33.333333333333336,72.5,49.15960401250876,2,100.0,100.0,100.0,ok
egg_sauce_container::seedance_2_0__303,egg_sauce_container,seedance_2_0,303,ai,Kitchen/Food Prep,None,historical_datasheet,7.333333333333333,8,19.166129666666667,A2,"[""align"", ""move"", ""open"", ""retrieve"", ""insert"", ""close""]",60.00000000000001,50.0,54.772255750516614,,,,33.333333333333336,34.5,33.91164991562634,46.66666666666667,42.25,44.40345331915826,2,83.33333333333333,100.0,91.28709291752767,ok
egg_sauce_container::wan_2_7__101,egg_sauce_container,wan_2_7,101,ai,Kitchen/Food Prep,None,historical_datasheet,7.333333333333333,8,19.166129666666667,A2,"[""align"", ""move"", ""open"", ""retrieve"", ""insert"", ""close""]",76.33333333333334,0.0,0.0,,,,,,,76.33333333333334,0.0,0.0,1,100.0,100.0,100.0,ok
egg_sauce_container::wan_2_7__202,egg_sauce_container,wan_2_7,202,ai,Kitchen/Food Prep,None,historical_datasheet,7.333333333333333,8,19.166129666666667,A2,"[""align"", ""move"", ""open"", ""retrieve"", ""insert"", ""close""]",53.33333333333334,66.75,59.665735560705194,47.66666666666667,37.5,42.27883631321941,62.00000000000001,60.0,60.991802727907626,54.33333333333334,54.75,54.54126877878805,3,100.0,66.66666666666666,81.6496580927726,ok
egg_sauce_container::wan_2_7__303,egg_sauce_container,wan_2_7,303,ai,Kitchen/Food Prep,None,historical_datasheet,7.333333333333333,8,19.166129666666667,A2,"[""align"", ""move"", ""open"", ""retrieve"", ""insert"", ""close""]",40.0,50.0,44.721359549995796,43.00000000000001,81.25,59.10795208768445,,,,41.5,65.625,52.18656436287026,2,60.0,100.0,77.45966692414834,ok
egg_sauce_container::wrong_1,egg_sauce_container,human_wrong,1,human_wrong,Kitchen/Food Prep,None,historical_datasheet,7.333333333333333,8,19.166129666666667,A2,"[""align"", ""move"", ""open"", ""retrieve"", ""insert"", ""close""]",,,,71.33333333333334,100.0,84.45906306213286,,,,71.33333333333334,100.0,84.45906306213286,1,22.222222222222218,100.0,47.14045207910316,ok
egg_sauce_container::wrong_2,egg_sauce_container,human_wrong,2,human_wrong,Kitchen/Food Prep,None,historical_datasheet,7.333333333333333,8,19.166129666666667,A2,"[""align"", ""move"", ""open"", ""retrieve"", ""insert"", ""close""]",,,,,,,,,,,,,0,0.0,0.0,0.0,ok
egg_sauce_container::wrong_3,egg_sauce_container,human_wrong,3,human_wrong,Kitchen/Food Prep,None,historical_datasheet,7.333333333333333,8,19.166129666666667,A2,"[""align"", ""move"", ""open"", ""retrieve"", ""insert"", ""close""]",95.33333333333334,100.0,97.6387901058454,,,,,,,95.33333333333334,100.0,97.6387901058454,1,20.0,75.0,38.72983346207417,ok
handcuffs_stethoscope::correct_1,handcuffs_stethoscope,human_reference,ref_1,ground_truth_reference,Others,None,historical_datasheet,5.0,5,44.63499999999999,A2,"[""insert"", ""pack"", ""place"", ""close""]",,,,,,,,,,,,,0,100.0,100.0,100.0,ok
handcuffs_stethoscope::correct_2,handcuffs_stethoscope,human_reference,ref_2,ground_truth_reference,Others,None,historical_datasheet,5.0,5,44.63499999999999,A2,"[""insert"", ""pack"", ""place"", ""close""]",,,,,,,,,,,,,0,100.0,100.0,100.0,ok
handcuffs_stethoscope::correct_3,handcuffs_stethoscope,human_reference,ref_3,ground_truth_reference,Others,None,historical_datasheet,5.0,5,44.63499999999999,A2,"[""insert"", ""pack"", ""place"", ""close""]",,,,,,,,,,,,,0,100.0,100.0,100.0,ok
handcuffs_stethoscope::cosmos_3__101,handcuffs_stethoscope,cosmos_3,101,ai,Others,None,historical_datasheet,5.0,5,44.63499999999999,A2,"[""insert"", ""pack"", ""place"", ""close""]",,,,,,,,,,,,,0,26.666666666666668,66.66666666666666,42.16370213557839,ok
handcuffs_stethoscope::cosmos_3__202,handcuffs_stethoscope,cosmos_3,202,ai,Others,None,historical_datasheet,5.0,5,44.63499999999999,A2,"[""insert"", ""pack"", ""place"", ""close""]",,,,13.333333333333336,0.0,0.0,,,,13.333333333333336,0.0,0.0,1,6.666666666666667,0.0,0.0,ok
handcuffs_stethoscope::cosmos_3__303,handcuffs_stethoscope,cosmos_3,303,ai,Others,None,historical_datasheet,5.0,5,44.63499999999999,A2,"[""insert"", ""pack"", ""place"", ""close""]",,,,,,,13.333333333333336,10.0,11.547005383792516,13.333333333333336,10.0,11.547005383792516,1,26.666666666666668,50.0,36.51483716701107,ok
handcuffs_stethoscope::grok_imagine_video_1_5__101,handcuffs_stethoscope,grok_imagine_video_1_5,101,ai,Others,None,historical_datasheet,5.0,5,44.63499999999999,A2,"[""insert"", ""pack"", ""place"", ""close""]",,,,,,,33.333333333333336,15.0,22.360679774997898,33.333333333333336,15.0,22.360679774997898,1,86.66666666666667,70.0,77.88880963698615,ok
handcuffs_stethoscope::grok_imagine_video_1_5__202,handcuffs_stethoscope,grok_imagine_video_1_5,202,ai,Others,None,historical_datasheet,5.0,5,44.63499999999999,A2,"[""insert"", ""pack"", ""place"", ""close""]",,,,,,,60.00000000000001,45.0,51.96152422706632,60.00000000000001,45.0,51.96152422706632,1,73.33333333333334,100.0,85.63488385776753,ok
handcuffs_stethoscope::grok_imagine_video_1_5__303,handcuffs_stethoscope,grok_imagine_video_1_5,303,ai,Others,None,historical_datasheet,5.0,5,44.63499999999999,A2,"[""insert"", ""pack"", ""place"", ""close""]",,,,,,,61.00000000000001,30.0,42.77849927241488,61.00000000000001,30.0,42.77849927241488,1,73.33333333333334,100.0,85.63488385776753,ok
handcuffs_stethoscope::kling_v3_pro__101,handcuffs_stethoscope,kling_v3_pro,101,ai,Others,None,historical_datasheet,5.0,5,44.63499999999999,A2,"[""insert"", ""pack"", ""place"", ""close""]",,,,86.66666666666667,80.0,83.26663997864532,40.0,25.0,31.622776601683793,63.333333333333336,52.5,57.66281297335398,2,80.0,100.0,89.44271909999159,ok
handcuffs_stethoscope::kling_v3_pro__202,handcuffs_stethoscope,kling_v3_pro,202,ai,Others,None,historical_datasheet,5.0,5,44.63499999999999,A2,"[""insert"", ""pack"", ""place"", ""close""]",,,,,,,,,,,,,0,73.33333333333334,100.0,85.63488385776753,ok
handcuffs_stethoscope::kling_v3_pro__303,handcuffs_stethoscope,kling_v3_pro,303,ai,Others,None,historical_datasheet,5.0,5,44.63499999999999,A2,"[""insert"", ""pack"", ""place"", ""close""]",,,,66.66666666666667,75.0,70.71067811865476,60.00000000000001,60.0,60.00000000000001,63.33333333333334,67.5,65.3834841531101,2,100.0,80.0,89.44271909999159,ok
handcuffs_stethoscope::minimax_h3__101,handcuffs_stethoscope,minimax_h3,101,ai,Others,None,historical_datasheet,5.0,5,44.63499999999999,A2,"[""insert"", ""pack"", ""place"", ""close""]",80.0,80.0,80.0,,,,,,,80.0,80.0,80.0,1,86.66666666666667,100.0,93.09493362512629,ok
handcuffs_stethoscope::minimax_h3__202,handcuffs_stethoscope,minimax_h3,202,ai,Others,None,historical_datasheet,5.0,5,44.63499999999999,A2,"[""insert"", ""pack"", ""place"", ""close""]",,,,,,,,,,,,,0,80.0,80.0,80.0,ok
handcuffs_stethoscope::minimax_h3__303,handcuffs_stethoscope,minimax_h3,303,ai,Others,None,historical_datasheet,5.0,5,44.63499999999999,A2,"[""insert"", ""pack"", ""place"", ""close""]",,,,,,,,,,,,,0,80.0,100.0,89.44271909999159,ok
handcuffs_stethoscope::seedance_2_0__101,handcuffs_stethoscope,seedance_2_0,101,ai,Others,None,historical_datasheet,5.0,5,44.63499999999999,A2,"[""insert"", ""pack"", ""place"", ""close""]",,,,,,,60.00000000000001,55.00000000000001,57.44562646538029,60.00000000000001,55.00000000000001,57.44562646538029,1,80.0,90.0,84.8528137423857,ok
handcuffs_stethoscope::seedance_2_0__202,handcuffs_stethoscope,seedance_2_0,202,ai,Others,None,historical_datasheet,5.0,5,44.63499999999999,A2,"[""insert"", ""pack"", ""place"", ""close""]",,,,33.333333333333336,20.0,25.819888974716115,,,,33.333333333333336,20.0,25.819888974716115,1,100.0,100.0,100.0,ok
handcuffs_stethoscope::seedance_2_0__303,handcuffs_stethoscope,seedance_2_0,303,ai,Others,None,historical_datasheet,5.0,5,44.63499999999999,A2,"[""insert"", ""pack"", ""place"", ""close""]",,,,53.33333333333334,60.0,56.568542494923804,,,,53.33333333333334,60.0,56.568542494923804,1,80.0,100.0,89.44271909999159,ok
handcuffs_stethoscope::wan_2_7__101,handcuffs_stethoscope,wan_2_7,101,ai,Others,None,historical_datasheet,5.0,5,44.63499999999999,A2,"[""insert"", ""pack"", ""place"", ""close""]",,,,,,,,,,,,,0,66.66666666666667,100.0,81.64965809277261,ok
handcuffs_stethoscope::wan_2_7__202,handcuffs_stethoscope,wan_2_7,202,ai,Others,None,historical_datasheet,5.0,5,44.63499999999999,A2,"[""insert"", ""pack"", ""place"", ""close""]",60.00000000000001,40.0,48.98979485566357,,,,,,,60.00000000000001,40.0,48.98979485566357,1,86.66666666666667,100.0,93.09493362512629,ok
handcuffs_stethoscope::wan_2_7__303,handcuffs_stethoscope,wan_2_7,303,ai,Others,None,historical_datasheet,5.0,5,44.63499999999999,A2,"[""insert"", ""pack"", ""place"", ""close""]",,,,,,,53.33333333333334,25.0,36.51483716701107,53.33333333333334,25.0,36.51483716701107,1,86.66666666666667,100.0,93.09493362512629,ok
handcuffs_stethoscope::wrong_1,handcuffs_stethoscope,human_wrong,1,human_wrong,Others,None,historical_datasheet,5.0,5,44.63499999999999,A2,"[""insert"", ""pack"", ""place"", ""close""]",89.0,100.0,94.33981132056604,,80.0,,,,,89.0,90.0,89.49860334105779,1,80.0,80.0,80.0,ok
handcuffs_stethoscope::wrong_2,handcuffs_stethoscope,human_wrong,2,human_wrong,Others,None,historical_datasheet,5.0,5,44.63499999999999,A2,"[""insert"", ""pack"", ""place"", ""close""]",,,,33.333333333333336,100.0,57.735026918962575,,,,33.333333333333336,100.0,57.735026918962575,1,53.333333333333336,60.0,56.568542494923804,ok
handcuffs_stethoscope::wrong_3,handcuffs_stethoscope,human_wrong,3,human_wrong,Others,None,historical_datasheet,5.0,5,44.63499999999999,A2,"[""insert"", ""pack"", ""place"", ""close""]",,,,50.0,100.0,70.71067811865476,33.333333333333336,25.0,28.867513459481287,41.66666666666667,62.5,51.03103630798288,2,60.0,75.0,67.08203932499369,ok
kendama_can::correct_1,kendama_can,human_reference,ref_1,ground_truth_reference,Personal Care/Utilities,Minimal,historical_datasheet,3.3333333333333335,4,16.005261,A4,"[""attach"", ""turn_upright"", ""stack"", ""place""]",,,,,,,,,,,,,0,100.0,100.0,100.0,ok
kendama_can::correct_2,kendama_can,human_reference,ref_2,ground_truth_reference,Personal Care/Utilities,Minimal,historical_datasheet,3.3333333333333335,4,16.005261,A4,"[""attach"", ""turn_upright"", ""stack"", ""place""]",,,,,,,,,,,,,0,100.0,100.0,100.0,ok
kendama_can::correct_3,kendama_can,human_reference,ref_3,ground_truth_reference,Personal Care/Utilities,Minimal,historical_datasheet,3.3333333333333335,4,16.005261,A4,"[""attach"", ""turn_upright"", ""stack"", ""place""]",,,,,,,,,,,,,0,100.0,100.0,100.0,ok
kendama_can::cosmos_3__101,kendama_can,cosmos_3,101,ai,Personal Care/Utilities,Minimal,historical_datasheet,3.3333333333333335,4,16.005261,A4,"[""attach"", ""turn_upright"", ""stack"", ""place""]",0.0,0.0,0.0,,,,,,,0.0,0.0,0.0,1,22.222222222222218,0.0,0.0,ok
kendama_can::cosmos_3__202,kendama_can,cosmos_3,202,ai,Personal Care/Utilities,Minimal,historical_datasheet,3.3333333333333335,4,16.005261,A4,"[""attach"", ""turn_upright"", ""stack"", ""place""]",,,,0.0,,,,,,0.0,,,1,0.0,50.0,0.0,ok
kendama_can::cosmos_3__303,kendama_can,cosmos_3,303,ai,Personal Care/Utilities,Minimal,historical_datasheet,3.3333333333333335,4,16.005261,A4,"[""attach"", ""turn_upright"", ""stack"", ""place""]",0.0,,,0.0,0.0,0.0,,,,0.0,0.0,0.0,2,0.0,0.0,0.0,ok
kendama_can::grok_imagine_video_1_5__101,kendama_can,grok_imagine_video_1_5,101,ai,Personal Care/Utilities,Minimal,historical_datasheet,3.3333333333333335,4,16.005261,A4,"[""attach"", ""turn_upright"", ""stack"", ""place""]",89.0,66.75,77.07626093681505,66.66666666666667,25.0,40.824829046386306,,,,77.83333333333334,45.875,59.75453260353282,2,100.0,100.0,100.0,ok
kendama_can::grok_imagine_video_1_5__202,kendama_can,grok_imagine_video_1_5,202,ai,Personal Care/Utilities,Minimal,historical_datasheet,3.3333333333333335,4,16.005261,A4,"[""attach"", ""turn_upright"", ""stack"", ""place""]",89.0,8.25,27.097047809678457,100.0,33.25,57.66281297335398,,,,94.5,20.75,44.281768257376534,2,100.0,100.0,100.0,ok
kendama_can::grok_imagine_video_1_5__303,kendama_can,grok_imagine_video_1_5,303,ai,Personal Care/Utilities,Minimal,historical_datasheet,3.3333333333333335,4,16.005261,A4,"[""attach"", ""turn_upright"", ""stack"", ""place""]",77.66666666666667,66.75,72.00173609018049,77.66666666666667,50.0,62.31639698613306,,,,77.66666666666667,58.375,67.33343646856788,2,77.77777777777779,100.0,88.19171036881968,ok
kendama_can::kling_v3_pro__101,kendama_can,kling_v3_pro,101,ai,Personal Care/Utilities,Minimal,historical_datasheet,3.3333333333333335,4,16.005261,A4,"[""attach"", ""turn_upright"", ""stack"", ""place""]",89.0,66.75,77.07626093681505,55.66666666666667,0.0,0.0,,,,72.33333333333334,33.375,49.13374604078138,2,100.0,100.0,100.0,ok
kendama_can::kling_v3_pro__202,kendama_can,kling_v3_pro,202,ai,Personal Care/Utilities,Minimal,historical_datasheet,3.3333333333333335,4,16.005261,A4,"[""attach"", ""turn_upright"", ""stack"", ""place""]",89.0,100.0,94.33981132056604,33.333333333333336,33.25,33.291640592396966,55.66666666666667,100.0,74.61009761866464,59.333333333333336,77.75,67.92029642652237,3,55.555555555555564,100.0,74.535599249993,ok
kendama_can::kling_v3_pro__303,kendama_can,kling_v3_pro,303,ai,Personal Care/Utilities,Minimal,historical_datasheet,3.3333333333333335,4,16.005261,A4,"[""attach"", ""turn_upright"", ""stack"", ""place""]",33.333333333333336,41.75,37.30504880933232,55.66666666666667,66.75,60.95695202353871,,,,44.5,54.25,49.13374604078138,2,66.66666666666667,100.0,81.64965809277261,ok
kendama_can::minimax_h3__101,kendama_can,minimax_h3,101,ai,Personal Care/Utilities,Minimal,historical_datasheet,3.3333333333333335,4,16.005261,A4,"[""attach"", ""turn_upright"", ""stack"", ""place""]",89.0,41.75,60.95695202353871,,,,,,,89.0,41.75,60.95695202353871,1,55.555555555555564,83.33333333333334,68.04138174397717,ok
kendama_can::minimax_h3__202,kendama_can,minimax_h3,202,ai,Personal Care/Utilities,Minimal,historical_datasheet,3.3333333333333335,4,16.005261,A4,"[""attach"", ""turn_upright"", ""stack"", ""place""]",83.33333333333334,62.5,72.16878364870323,,,,,,,83.33333333333334,62.5,72.16878364870323,1,44.444444444444436,100.0,66.66666666666666,ok
kendama_can::minimax_h3__303,kendama_can,minimax_h3,303,ai,Personal Care/Utilities,Minimal,historical_datasheet,3.3333333333333335,4,16.005261,A4,"[""attach"", ""turn_upright"", ""stack"", ""place""]",44.333333333333336,0.0,0.0,,,,,,,44.333333333333336,0.0,0.0,1,33.333333333333336,50.0,40.824829046386306,ok
kendama_can::seedance_2_0__101,kendama_can,seedance_2_0,101,ai,Personal Care/Utilities,Minimal,historical_datasheet,3.3333333333333335,4,16.005261,A4,"[""attach"", ""turn_upright"", ""stack"", ""place""]",66.66666666666667,66.75,66.70832032063167,89.0,50.0,66.70832032063167,55.66666666666667,41.75,48.20874747733375,70.44444444444444,52.833333333333336,61.00667844437046,3,100.0,100.0,100.0,ok
kendama_can::seedance_2_0__202,kendama_can,seedance_2_0,202,ai,Personal Care/Utilities,Minimal,historical_datasheet,3.3333333333333335,4,16.005261,A4,"[""attach"", ""turn_upright"", ""stack"", ""place""]",89.0,66.75,77.07626093681505,55.66666666666667,33.25,43.022281049087425,55.66666666666667,33.25,43.022281049087425,66.77777777777779,44.416666666666664,54.46142025596006,3,66.66666666666667,100.0,81.64965809277261,ok
kendama_can::seedance_2_0__303,kendama_can,seedance_2_0,303,ai,Personal Care/Utilities,Minimal,historical_datasheet,3.3333333333333335,4,16.005261,A4,"[""attach"", ""turn_upright"", ""stack"", ""place""]",66.66666666666667,33.25,47.08148963941845,44.333333333333336,25.0,33.291640592396966,,,,55.5,29.125,40.204943725865355,2,77.77777777777779,100.0,88.19171036881968,ok
kendama_can::wan_2_7__101,kendama_can,wan_2_7,101,ai,Personal Care/Utilities,Minimal,historical_datasheet,3.3333333333333335,4,16.005261,A4,"[""attach"", ""turn_upright"", ""stack"", ""place""]",33.333333333333336,0.0,0.0,,,,,,,33.333333333333336,0.0,0.0,1,44.444444444444436,16.666666666666664,27.216552697590863,ok
kendama_can::wan_2_7__202,kendama_can,wan_2_7,202,ai,Personal Care/Utilities,Minimal,historical_datasheet,3.3333333333333335,4,16.005261,A4,"[""attach"", ""turn_upright"", ""stack"", ""place""]",55.66666666666667,0.0,0.0,,,,,,,55.66666666666667,0.0,0.0,1,77.77777777777779,83.33333333333334,80.50764858994133,ok
kendama_can::wan_2_7__303,kendama_can,wan_2_7,303,ai,Personal Care/Utilities,Minimal,historical_datasheet,3.3333333333333335,4,16.005261,A4,"[""attach"", ""turn_upright"", ""stack"", ""place""]",22.333333333333336,0.0,0.0,33.333333333333336,37.5,35.35533905932738,,,,27.833333333333336,18.75,22.844583603121333,2,44.444444444444436,0.0,0.0,ok
kendama_can::wrong_1,kendama_can,human_wrong,1,human_wrong,Personal Care/Utilities,Minimal,historical_datasheet,3.3333333333333335,4,16.005261,A4,"[""attach"", ""turn_upright"", ""stack"", ""place""]",89.0,100.0,94.33981132056604,66.66666666666667,100.0,81.64965809277261,,100.0,,77.83333333333334,100.0,88.22320178577364,2,44.444444444444436,100.0,66.66666666666666,ok
kendama_can::wrong_2,kendama_can,human_wrong,2,human_wrong,Personal Care/Utilities,Minimal,historical_datasheet,3.3333333333333335,4,16.005261,A4,"[""attach"", ""turn_upright"", ""stack"", ""place""]",77.66666666666667,100.0,88.12869377601524,77.66666666666667,100.0,88.12869377601524,,,,77.66666666666667,100.0,88.12869377601524,2,66.66666666666667,100.0,81.64965809277261,ok
kendama_can::wrong_3,kendama_can,human_wrong,3,human_wrong,Personal Care/Utilities,Minimal,historical_datasheet,3.3333333333333335,4,16.005261,A4,"[""attach"", ""turn_upright"", ""stack"", ""place""]",44.333333333333336,100.0,66.58328118479393,,,,,,,44.333333333333336,100.0,66.58328118479393,1,33.333333333333336,50.0,40.824829046386306,ok
key_lanyard::correct_1,key_lanyard,human_reference,ref_1,ground_truth_reference,Household Org/Storage,Minimal,historical_datasheet,5.0,5,20.333333333333332,A2,"[""insert"", ""pack"", ""detach"", ""open"", ""place""]",,,,,,,,,,,,,0,100.0,100.0,100.0,ok
key_lanyard::correct_2,key_lanyard,human_reference,ref_2,ground_truth_reference,Household Org/Storage,Minimal,historical_datasheet,5.0,5,20.333333333333332,A2,"[""insert"", ""pack"", ""detach"", ""open"", ""place""]",,,,,,,,,,,,,0,100.0,100.0,100.0,ok
key_lanyard::correct_3,key_lanyard,human_reference,ref_3,ground_truth_reference,Household Org/Storage,Minimal,historical_datasheet,5.0,5,20.333333333333332,A2,"[""insert"", ""pack"", ""detach"", ""open"", ""place""]",,,,,,,,,,,,,0,100.0,100.0,100.0,ok
key_lanyard::cosmos_3__101,key_lanyard,cosmos_3,101,ai,Household Org/Storage,Minimal,historical_datasheet,5.0,5,20.333333333333332,A2,"[""insert"", ""pack"", ""detach"", ""open"", ""place""]",20.0,0.0,0.0,0.0,0.0,0.0,,,,10.0,0.0,0.0,2,41.666666666666664,0.0,0.0,ok
key_lanyard::cosmos_3__202,key_lanyard,cosmos_3,202,ai,Household Org/Storage,Minimal,historical_datasheet,5.0,5,20.333333333333332,A2,"[""insert"", ""pack"", ""detach"", ""open"", ""place""]",13.333333333333336,0.0,0.0,6.666666666666668,0.0,0.0,13.333333333333336,0.0,0.0,11.111111111111114,0.0,0.0,3,8.333333333333334,0.0,0.0,ok
key_lanyard::cosmos_3__303,key_lanyard,cosmos_3,303,ai,Household Org/Storage,Minimal,historical_datasheet,5.0,5,20.333333333333332,A2,"[""insert"", ""pack"", ""detach"", ""open"", ""place""]",13.333333333333336,0.0,0.0,13.333333333333336,0.0,0.0,6.666666666666668,0.0,0.0,11.111111111111114,0.0,0.0,3,25.0,0.0,0.0,ok
key_lanyard::grok_imagine_video_1_5__101,key_lanyard,grok_imagine_video_1_5,101,ai,Household Org/Storage,Minimal,historical_datasheet,5.0,5,20.333333333333332,A2,"[""insert"", ""pack"", ""detach"", ""open"", ""place""]",100.0,45.0,67.08203932499369,73.33333333333334,65.0,69.04105059069326,,,,86.66666666666667,55.0,69.04105059069326,2,83.33333333333333,80.0,81.6496580927726,ok
key_lanyard::grok_imagine_video_1_5__202,key_lanyard,grok_imagine_video_1_5,202,ai,Household Org/Storage,Minimal,historical_datasheet,5.0,5,20.333333333333332,A2,"[""insert"", ""pack"", ""detach"", ""open"", ""place""]",33.333333333333336,43.75,38.18813079129867,60.00000000000001,31.25,43.30127018922194,,,,46.66666666666667,37.5,41.83300132670378,2,66.66666666666667,37.5,50.0,ok
key_lanyard::grok_imagine_video_1_5__303,key_lanyard,grok_imagine_video_1_5,303,ai,Household Org/Storage,Minimal,historical_datasheet,5.0,5,20.333333333333332,A2,"[""insert"", ""pack"", ""detach"", ""open"", ""place""]",60.00000000000001,75.0,67.0820393249937,80.0,20.0,40.0,,,,70.0,47.5,57.66281297335398,2,50.0,80.0,63.245553203367585,ok
key_lanyard::kling_v3_pro__101,key_lanyard,kling_v3_pro,101,ai,Household Org/Storage,Minimal,historical_datasheet,5.0,5,20.333333333333332,A2,"[""insert"", ""pack"", ""detach"", ""open"", ""place""]",33.333333333333336,70.0,48.3045891539648,33.333333333333336,60.0,44.721359549995796,,,,33.333333333333336,65.0,46.547466812563144,2,75.0,80.0,77.45966692414834,ok
key_lanyard::kling_v3_pro__202,key_lanyard,kling_v3_pro,202,ai,Household Org/Storage,Minimal,historical_datasheet,5.0,5,20.333333333333332,A2,"[""insert"", ""pack"", ""detach"", ""open"", ""place""]",93.33333333333333,50.0,68.31300510639731,,,,,,,93.33333333333333,50.0,68.31300510639731,1,100.0,100.0,100.0,ok
key_lanyard::kling_v3_pro__303,key_lanyard,kling_v3_pro,303,ai,Household Org/Storage,Minimal,historical_datasheet,5.0,5,20.333333333333332,A2,"[""insert"", ""pack"", ""detach"", ""open"", ""place""]",60.00000000000001,33.25,44.665422868254595,86.66666666666667,60.0,72.11102550927978,,,,73.33333333333334,46.625,58.47364078511502,2,100.0,100.0,100.0,ok
key_lanyard::minimax_h3__101,key_lanyard,minimax_h3,101,ai,Household Org/Storage,Minimal,historical_datasheet,5.0,5,20.333333333333332,A2,"[""insert"", ""pack"", ""detach"", ""open"", ""place""]",33.333333333333336,50.0,40.824829046386306,,,,,,,33.333333333333336,50.0,40.824829046386306,1,50.0,60.0,54.772255750516614,ok
key_lanyard::minimax_h3__202,key_lanyard,minimax_h3,202,ai,Household Org/Storage,Minimal,historical_datasheet,5.0,5,20.333333333333332,A2,"[""insert"", ""pack"", ""detach"", ""open"", ""place""]",46.666666666666664,66.75,55.812185049503306,,,,,,,46.666666666666664,66.75,55.812185049503306,1,41.666666666666664,100.0,64.54972243679028,ok
key_lanyard::minimax_h3__303,key_lanyard,minimax_h3,303,ai,Household Org/Storage,Minimal,historical_datasheet,5.0,5,20.333333333333332,A2,"[""insert"", ""pack"", ""detach"", ""open"", ""place""]",,,,,,,,,,,,,0,50.0,20.0,31.622776601683793,ok
key_lanyard::seedance_2_0__101,key_lanyard,seedance_2_0,101,ai,Household Org/Storage,Minimal,historical_datasheet,5.0,5,20.333333333333332,A2,"[""insert"", ""pack"", ""detach"", ""open"", ""place""]",33.333333333333336,75.0,50.0,33.333333333333336,50.0,40.824829046386306,,,,33.333333333333336,62.5,45.64354645876384,2,100.0,100.0,100.0,ok
key_lanyard::seedance_2_0__202,key_lanyard,seedance_2_0,202,ai,Household Org/Storage,Minimal,historical_datasheet,5.0,5,20.333333333333332,A2,"[""insert"", ""pack"", ""detach"", ""open"", ""place""]",33.333333333333336,50.0,40.824829046386306,100.0,40.0,63.245553203367585,100.0,60.0,77.45966692414834,77.77777777777779,50.0,62.36095644623236,3,50.0,80.0,63.245553203367585,ok
key_lanyard::seedance_2_0__303,key_lanyard,seedance_2_0,303,ai,Household Org/Storage,Minimal,historical_datasheet,5.0,5,20.333333333333332,A2,"[""insert"", ""pack"", ""detach"", ""open"", ""place""]",80.0,75.0,77.45966692414834,33.333333333333336,62.5,45.64354645876384,,,,56.66666666666667,68.75,62.41661103691335,2,58.333333333333336,100.0,76.37626158259734,ok
key_lanyard::wan_2_7__101,key_lanyard,wan_2_7,101,ai,Household Org/Storage,Minimal,historical_datasheet,5.0,5,20.333333333333332,A2,"[""insert"", ""pack"", ""detach"", ""open"", ""place""]",53.33333333333334,8.25,20.97617696340303,46.666666666666664,75.0,59.16079783099616,,,,50.0,41.625,45.62071897723665,2,53.333333333333336,66.66666666666666,59.62847939999439,ok
key_lanyard::wan_2_7__202,key_lanyard,wan_2_7,202,ai,Household Org/Storage,Minimal,historical_datasheet,5.0,5,20.333333333333332,A2,"[""insert"", ""pack"", ""detach"", ""open"", ""place""]",33.333333333333336,37.5,35.35533905932738,53.33333333333334,25.0,36.51483716701107,20.0,15.0,17.320508075688775,35.555555555555564,25.833333333333332,30.30707043774635,3,16.666666666666668,58.333333333333336,31.18047822311618,ok
key_lanyard::wan_2_7__303,key_lanyard,wan_2_7,303,ai,Household Org/Storage,Minimal,historical_datasheet,5.0,5,20.333333333333332,A2,"[""insert"", ""pack"", ""detach"", ""open"", ""place""]",60.00000000000001,50.0,54.772255750516614,53.33333333333334,25.0,36.51483716701107,,,,56.66666666666667,37.5,46.09772228646444,2,50.0,100.0,70.71067811865476,ok
key_lanyard::wrong_1,key_lanyard,human_wrong,1,human_wrong,Household Org/Storage,Minimal,historical_datasheet,5.0,5,20.333333333333332,A2,"[""insert"", ""pack"", ""detach"", ""open"", ""place""]",66.66666666666667,100.0,81.64965809277261,33.333333333333336,75.0,50.0,,,,50.0,87.5,66.14378277661477,2,25.0,66.66666666666666,40.8248290463863,ok
key_lanyard::wrong_2,key_lanyard,human_wrong,2,human_wrong,Household Org/Storage,Minimal,historical_datasheet,5.0,5,20.333333333333332,A2,"[""insert"", ""pack"", ""detach"", ""open"", ""place""]",80.0,100.0,89.44271909999159,33.333333333333336,75.0,50.0,,,,56.66666666666667,87.5,70.4154339142587,2,75.0,100.0,86.60254037844386,ok
key_lanyard::wrong_3,key_lanyard,human_wrong,3,human_wrong,Household Org/Storage,Minimal,historical_datasheet,5.0,5,20.333333333333332,A2,"[""insert"", ""pack"", ""detach"", ""open"", ""place""]",40.0,100.0,63.245553203367585,46.666666666666664,100.0,68.31300510639731,,,,43.33333333333333,100.0,65.82805886043833,2,50.0,100.0,70.71067811865476,ok
laptop_open::correct_1,laptop_open,human_reference,ref_1,ground_truth_reference,Office/Study Workspace,None,historical_datasheet,2.6666666666666665,3,10.076733333333333,A3,"[""place"", ""open""]",,,,,,,,,,,,,0,100.0,100.0,100.0,ok
laptop_open::correct_2,laptop_open,human_reference,ref_2,ground_truth_reference,Office/Study Workspace,None,historical_datasheet,2.6666666666666665,3,10.076733333333333,A3,"[""place"", ""open""]",,,,,,,,,,,,,0,100.0,100.0,100.0,ok
laptop_open::correct_3,laptop_open,human_reference,ref_3,ground_truth_reference,Office/Study Workspace,None,historical_datasheet,2.6666666666666665,3,10.076733333333333,A3,"[""place"", ""open""]",,,,,,,,,,,,,0,100.0,100.0,100.0,ok
laptop_open::cosmos_3__101,laptop_open,cosmos_3,101,ai,Office/Study Workspace,None,historical_datasheet,2.6666666666666665,3,10.076733333333333,A3,"[""place"", ""open""]",,,,,,,33.333333333333336,0.0,0.0,33.333333333333336,0.0,0.0,1,33.333333333333336,0.0,0.0,ok
laptop_open::cosmos_3__202,laptop_open,cosmos_3,202,ai,Office/Study Workspace,None,historical_datasheet,2.6666666666666665,3,10.076733333333333,A3,"[""place"", ""open""]",,,,44.333333333333336,0.0,0.0,33.333333333333336,0.0,0.0,38.833333333333336,0.0,0.0,2,33.333333333333336,0.0,0.0,ok
laptop_open::cosmos_3__303,laptop_open,cosmos_3,303,ai,Office/Study Workspace,None,historical_datasheet,2.6666666666666665,3,10.076733333333333,A3,"[""place"", ""open""]",44.333333333333336,0.0,0.0,,,,,,,44.333333333333336,0.0,0.0,1,33.333333333333336,16.666666666666664,23.570226039551585,ok
laptop_open::grok_imagine_video_1_5__101,laptop_open,grok_imagine_video_1_5,101,ai,Office/Study Workspace,None,historical_datasheet,2.6666666666666665,3,10.076733333333333,A3,"[""place"", ""open""]",,,,33.333333333333336,33.25,33.291640592396966,,,,33.333333333333336,33.25,33.291640592396966,1,100.0,16.666666666666664,40.8248290463863,ok
laptop_open::grok_imagine_video_1_5__202,laptop_open,grok_imagine_video_1_5,202,ai,Office/Study Workspace,None,historical_datasheet,2.6666666666666665,3,10.076733333333333,A3,"[""place"", ""open""]",66.66666666666667,66.75,66.70832032063167,66.66666666666667,83.25,74.4983221287567,55.66666666666667,83.25,68.07532592650585,63.0,77.75,69.98749888372923,3,77.77777777777779,100.0,88.19171036881968,ok
laptop_open::grok_imagine_video_1_5__303,laptop_open,grok_imagine_video_1_5,303,ai,Office/Study Workspace,None,historical_datasheet,2.6666666666666665,3,10.076733333333333,A3,"[""place"", ""open""]",,,,33.333333333333336,0.0,0.0,,,,33.333333333333336,0.0,0.0,1,33.333333333333336,0.0,0.0,ok
laptop_open::kling_v3_pro__101,laptop_open,kling_v3_pro,101,ai,Office/Study Workspace,None,historical_datasheet,2.6666666666666665,3,10.076733333333333,A3,"[""place"", ""open""]",55.66666666666667,0.0,0.0,,,,33.333333333333336,0.0,0.0,44.5,0.0,0.0,2,33.333333333333336,100.0,57.735026918962575,ok
laptop_open::kling_v3_pro__202,laptop_open,kling_v3_pro,202,ai,Office/Study Workspace,None,historical_datasheet,2.6666666666666665,3,10.076733333333333,A3,"[""place"", ""open""]",100.0,100.0,100.0,,,,,,,100.0,100.0,100.0,1,100.0,83.33333333333334,91.28709291752769,ok
laptop_open::kling_v3_pro__303,laptop_open,kling_v3_pro,303,ai,Office/Study Workspace,None,historical_datasheet,2.6666666666666665,3,10.076733333333333,A3,"[""place"", ""open""]",33.333333333333336,75.0,50.0,33.333333333333336,33.25,33.291640592396966,,,,33.333333333333336,54.125,42.4754831245822,2,33.333333333333336,16.666666666666664,23.570226039551585,ok
laptop_open::minimax_h3__101,laptop_open,minimax_h3,101,ai,Office/Study Workspace,None,historical_datasheet,2.6666666666666665,3,10.076733333333333,A3,"[""place"", ""open""]",77.66666666666667,66.75,72.00173609018049,,,,,,,77.66666666666667,66.75,72.00173609018049,1,100.0,100.0,100.0,ok
laptop_open::minimax_h3__202,laptop_open,minimax_h3,202,ai,Office/Study Workspace,None,historical_datasheet,2.6666666666666665,3,10.076733333333333,A3,"[""place"", ""open""]",100.0,100.0,100.0,,,,,,,100.0,100.0,100.0,1,100.0,100.0,100.0,ok
laptop_open::minimax_h3__303,laptop_open,minimax_h3,303,ai,Office/Study Workspace,None,historical_datasheet,2.6666666666666665,3,10.076733333333333,A3,"[""place"", ""open""]",55.66666666666667,75.0,64.61423991660043,,,,,,,55.66666666666667,75.0,64.61423991660043,1,55.555555555555564,50.0,52.70462766947299,ok
laptop_open::seedance_2_0__101,laptop_open,seedance_2_0,101,ai,Office/Study Workspace,None,historical_datasheet,2.6666666666666665,3,10.076733333333333,A3,"[""place"", ""open""]",,,,,,,89.0,83.25,86.07700041242144,89.0,83.25,86.07700041242144,1,77.77777777777779,75.0,76.37626158259734,ok
laptop_open::seedance_2_0__202,laptop_open,seedance_2_0,202,ai,Office/Study Workspace,None,historical_datasheet,2.6666666666666665,3,10.076733333333333,A3,"[""place"", ""open""]",,,,,,,100.0,58.25,76.32168761236873,100.0,58.25,76.32168761236873,1,100.0,100.0,100.0,ok
laptop_open::seedance_2_0__303,laptop_open,seedance_2_0,303,ai,Office/Study Workspace,None,historical_datasheet,2.6666666666666665,3,10.076733333333333,A3,"[""place"", ""open""]",33.333333333333336,0.0,0.0,33.333333333333336,33.25,33.291640592396966,33.333333333333336,0.0,0.0,33.333333333333336,11.083333333333334,19.220937657784663,3,77.77777777777779,0.0,0.0,ok
laptop_open::wan_2_7__101,laptop_open,wan_2_7,101,ai,Office/Study Workspace,None,historical_datasheet,2.6666666666666665,3,10.076733333333333,A3,"[""place"", ""open""]",33.333333333333336,66.75,47.16990566028302,33.333333333333336,33.25,33.291640592396966,33.333333333333336,66.75,47.16990566028302,33.333333333333336,55.583333333333336,43.04390523381653,3,77.77777777777779,100.0,88.19171036881968,ok
laptop_open::wan_2_7__202,laptop_open,wan_2_7,202,ai,Office/Study Workspace,None,historical_datasheet,2.6666666666666665,3,10.076733333333333,A3,"[""place"", ""open""]",55.66666666666667,0.0,0.0,26.66666666666667,75.0,44.721359549995796,,,,41.16666666666667,37.5,39.29058411375428,2,44.444444444444436,50.0,47.14045207910316,ok
laptop_open::wan_2_7__303,laptop_open,wan_2_7,303,ai,Office/Study Workspace,None,historical_datasheet,2.6666666666666665,3,10.076733333333333,A3,"[""place"", ""open""]",55.66666666666667,33.25,43.022281049087425,55.66666666666667,0.0,0.0,,,,55.66666666666667,16.625,30.42134667192321,2,33.333333333333336,0.0,0.0,ok
laptop_open::wrong_1,laptop_open,human_wrong,1,human_wrong,Office/Study Workspace,None,historical_datasheet,2.6666666666666665,3,10.076733333333333,A3,"[""place"", ""open""]",,,,,,,,,,,,,0,55.555555555555564,66.66666666666666,60.858061945018456,ok
laptop_open::wrong_2,laptop_open,human_wrong,2,human_wrong,Office/Study Workspace,None,historical_datasheet,2.6666666666666665,3,10.076733333333333,A3,"[""place"", ""open""]",77.66666666666667,100.0,88.12869377601524,60.00000000000001,100.0,77.45966692414834,,,,68.83333333333334,100.0,82.96585643102429,2,55.555555555555564,100.0,74.535599249993,ok
laptop_open::wrong_3,laptop_open,human_wrong,3,human_wrong,Office/Study Workspace,None,historical_datasheet,2.6666666666666665,3,10.076733333333333,A3,"[""place"", ""open""]",,,,,,,33.333333333333336,100.0,57.735026918962575,33.333333333333336,100.0,57.735026918962575,1,66.66666666666667,66.66666666666666,66.66666666666667,ok
line_marker_calculator::correct_1,line_marker_calculator,human_reference,ref_1,ground_truth_reference,Office/Study Workspace,None,historical_datasheet,8.666666666666666,5,38.29557766666667,A7,"[""move"", ""place"", ""uncap"", ""draw"", ""turn_upright"", ""cap""]",,,,,,,,,,,,,0,100.0,100.0,100.0,ok
line_marker_calculator::correct_2,line_marker_calculator,human_reference,ref_2,ground_truth_reference,Office/Study Workspace,None,historical_datasheet,8.666666666666666,5,38.29557766666667,A7,"[""move"", ""place"", ""uncap"", ""draw"", ""turn_upright"", ""cap""]",,,,,,,,,,,,,0,100.0,100.0,100.0,ok
line_marker_calculator::correct_3,line_marker_calculator,human_reference,ref_3,ground_truth_reference,Office/Study Workspace,None,historical_datasheet,8.666666666666666,5,38.29557766666667,A7,"[""move"", ""place"", ""uncap"", ""draw"", ""turn_upright"", ""cap""]",,,,,,,,,,,,,0,88.88888888888887,100.0,94.28090415820633,ok
line_marker_calculator::cosmos_3__101,line_marker_calculator,cosmos_3,101,ai,Office/Study Workspace,None,historical_datasheet,8.666666666666666,5,38.29557766666667,A7,"[""move"", ""place"", ""uncap"", ""draw"", ""turn_upright"", ""cap""]",,,,,,,,,,,,,0,6.666666666666667,,,partial
line_marker_calculator::cosmos_3__202,line_marker_calculator,cosmos_3,202,ai,Office/Study Workspace,None,historical_datasheet,8.666666666666666,5,38.29557766666667,A7,"[""move"", ""place"", ""uncap"", ""draw"", ""turn_upright"", ""cap""]",13.333333333333336,0.0,0.0,5.666666666666668,0.0,0.0,4.333333333333334,3.25,3.752776749732568,7.777777777777779,1.0833333333333333,2.902744550580696,3,16.666666666666668,16.666666666666664,16.666666666666668,ok
line_marker_calculator::cosmos_3__303,line_marker_calculator,cosmos_3,303,ai,Office/Study Workspace,None,historical_datasheet,8.666666666666666,5,38.29557766666667,A7,"[""move"", ""place"", ""uncap"", ""draw"", ""turn_upright"", ""cap""]",4.666666666666668,0.0,0.0,6.666666666666668,0.0,0.0,5.666666666666668,0.0,0.0,5.666666666666668,0.0,0.0,3,11.111111111111109,0.0,0.0,ok
line_marker_calculator::grok_imagine_video_1_5__101,line_marker_calculator,grok_imagine_video_1_5,101,ai,Office/Study Workspace,None,historical_datasheet,8.666666666666666,5,38.29557766666667,A7,"[""move"", ""place"", ""uncap"", ""draw"", ""turn_upright"", ""cap""]",,,,33.333333333333336,37.5,35.35533905932738,,,,33.333333333333336,37.5,35.35533905932738,1,66.66666666666667,90.0,77.45966692414834,ok
line_marker_calculator::grok_imagine_video_1_5__202,line_marker_calculator,grok_imagine_video_1_5,202,ai,Office/Study Workspace,None,historical_datasheet,8.666666666666666,5,38.29557766666667,A7,"[""move"", ""place"", ""uncap"", ""draw"", ""turn_upright"", ""cap""]",50.0,68.75,58.63019699779287,,,,,,,50.0,68.75,58.63019699779287,1,55.555555555555564,83.33333333333334,68.04138174397717,ok
line_marker_calculator::grok_imagine_video_1_5__303,line_marker_calculator,grok_imagine_video_1_5,303,ai,Office/Study Workspace,None,historical_datasheet,8.666666666666666,5,38.29557766666667,A7,"[""move"", ""place"", ""uncap"", ""draw"", ""turn_upright"", ""cap""]",50.0,100.0,70.71067811865476,33.333333333333336,33.25,33.291640592396966,,,,41.66666666666667,66.625,52.68815489905361,2,80.0,100.0,89.44271909999159,ok
line_marker_calculator::kling_v3_pro__101,line_marker_calculator,kling_v3_pro,101,ai,Office/Study Workspace,None,historical_datasheet,8.666666666666666,5,38.29557766666667,A7,"[""move"", ""place"", ""uncap"", ""draw"", ""turn_upright"", ""cap""]",80.0,62.5,70.71067811865476,60.00000000000001,66.75,63.28506932918696,,,,70.0,64.625,67.25882841679596,2,33.333333333333336,100.0,57.735026918962575,ok
line_marker_calculator::kling_v3_pro__202,line_marker_calculator,kling_v3_pro,202,ai,Office/Study Workspace,None,historical_datasheet,8.666666666666666,5,38.29557766666667,A7,"[""move"", ""place"", ""uncap"", ""draw"", ""turn_upright"", ""cap""]",,,,,,,33.333333333333336,79.25,51.39714648369758,33.333333333333336,79.25,51.39714648369758,1,44.444444444444436,100.0,66.66666666666666,ok
line_marker_calculator::kling_v3_pro__303,line_marker_calculator,kling_v3_pro,303,ai,Office/Study Workspace,None,historical_datasheet,8.666666666666666,5,38.29557766666667,A7,"[""move"", ""place"", ""uncap"", ""draw"", ""turn_upright"", ""cap""]",,,,,,,60.00000000000001,70.0,64.80740698407861,60.00000000000001,70.0,64.80740698407861,1,61.11111111111111,60.0,60.55300708194983,ok
line_marker_calculator::minimax_h3__101,line_marker_calculator,minimax_h3,101,ai,Office/Study Workspace,None,historical_datasheet,8.666666666666666,5,38.29557766666667,A7,"[""move"", ""place"", ""uncap"", ""draw"", ""turn_upright"", ""cap""]",55.66666666666667,50.0,52.75730597114805,,,,,,,55.66666666666667,50.0,52.75730597114805,1,61.11111111111111,50.0,55.27707983925666,ok
line_marker_calculator::minimax_h3__202,line_marker_calculator,minimax_h3,202,ai,Office/Study Workspace,None,historical_datasheet,8.666666666666666,5,38.29557766666667,A7,"[""move"", ""place"", ""uncap"", ""draw"", ""turn_upright"", ""cap""]",13.333333333333336,0.0,0.0,,,,,,,13.333333333333336,0.0,0.0,1,20.0,16.666666666666664,18.257418583505537,ok
line_marker_calculator::minimax_h3__303,line_marker_calculator,minimax_h3,303,ai,Office/Study Workspace,None,historical_datasheet,8.666666666666666,5,38.29557766666667,A7,"[""move"", ""place"", ""uncap"", ""draw"", ""turn_upright"", ""cap""]",,,,,,,,,,,,,0,60.0,100.0,77.45966692414834,ok
line_marker_calculator::seedance_2_0__101,line_marker_calculator,seedance_2_0,101,ai,Office/Study Workspace,None,historical_datasheet,8.666666666666666,5,38.29557766666667,A7,"[""move"", ""place"", ""uncap"", ""draw"", ""turn_upright"", ""cap""]",33.333333333333336,80.0,51.63977794943223,4.333333333333334,3.25,3.752776749732568,,,,18.833333333333336,41.625,27.99888390632741,2,66.66666666666667,87.5,76.37626158259734,ok
line_marker_calculator::seedance_2_0__202,line_marker_calculator,seedance_2_0,202,ai,Office/Study Workspace,None,historical_datasheet,8.666666666666666,5,38.29557766666667,A7,"[""move"", ""place"", ""uncap"", ""draw"", ""turn_upright"", ""cap""]",77.66666666666667,80.0,78.82470002057308,21.0,15.75,18.186533479473212,,,,49.333333333333336,47.875,48.598696827521344,2,66.66666666666667,100.0,81.64965809277261,ok
line_marker_calculator::seedance_2_0__303,line_marker_calculator,seedance_2_0,303,ai,Office/Study Workspace,None,historical_datasheet,8.666666666666666,5,38.29557766666667,A7,"[""move"", ""place"", ""uncap"", ""draw"", ""turn_upright"", ""cap""]",,,,,,,,,,,,,0,50.0,100.0,70.71067811865476,ok
line_marker_calculator::wan_2_7__101,line_marker_calculator,wan_2_7,101,ai,Office/Study Workspace,None,historical_datasheet,8.666666666666666,5,38.29557766666667,A7,"[""move"", ""place"", ""uncap"", ""draw"", ""turn_upright"", ""cap""]",,,,40.0,0.0,0.0,,,,40.0,0.0,0.0,1,66.66666666666667,25.0,40.824829046386306,ok
line_marker_calculator::wan_2_7__202,line_marker_calculator,wan_2_7,202,ai,Office/Study Workspace,None,historical_datasheet,8.666666666666666,5,38.29557766666667,A7,"[""move"", ""place"", ""uncap"", ""draw"", ""turn_upright"", ""cap""]",,,,20.0,0.0,0.0,61.00000000000001,25.0,39.05124837953328,40.5,12.5,22.5,2,100.0,100.0,100.0,ok
line_marker_calculator::wan_2_7__303,line_marker_calculator,wan_2_7,303,ai,Office/Study Workspace,None,historical_datasheet,8.666666666666666,5,38.29557766666667,A7,"[""move"", ""place"", ""uncap"", ""draw"", ""turn_upright"", ""cap""]",61.00000000000001,75.0,67.63874629234343,53.33333333333334,41.75,47.18756898449704,,,,57.16666666666667,58.375,57.76767406315289,2,80.0,100.0,89.44271909999159,ok
line_marker_calculator::wrong_1,line_marker_calculator,human_wrong,1,human_wrong,Office/Study Workspace,None,historical_datasheet,8.666666666666666,5,38.29557766666667,A7,"[""move"", ""place"", ""uncap"", ""draw"", ""turn_upright"", ""cap""]",93.33333333333333,100.0,96.60917830792958,,,,,,,93.33333333333333,100.0,96.60917830792958,1,60.0,87.5,72.4568837309472,ok
line_marker_calculator::wrong_2,line_marker_calculator,human_wrong,2,human_wrong,Office/Study Workspace,None,historical_datasheet,8.666666666666666,5,38.29557766666667,A7,"[""move"", ""place"", ""uncap"", ""draw"", ""turn_upright"", ""cap""]",61.00000000000001,100.0,78.10249675906655,,,,,,,61.00000000000001,100.0,78.10249675906655,1,75.0,75.0,75.0,ok
line_marker_calculator::wrong_3,line_marker_calculator,human_wrong,3,human_wrong,Office/Study Workspace,None,historical_datasheet,8.666666666666666,5,38.29557766666667,A7,"[""move"", ""place"", ""uncap"", ""draw"", ""turn_upright"", ""cap""]",,,,80.0,100.0,89.44271909999159,77.66666666666667,100.0,88.12869377601524,78.83333333333334,100.0,88.78813734578135,2,77.77777777777779,100.0,88.19171036881968,ok
paper_binder_book::correct_1,paper_binder_book,human_reference,ref_1,ground_truth_reference,Office/Study Workspace,Minimal,assistant_start_frame_inference,8.666666666666666,4,25.188889,A4,"[""attach"", ""close"", ""move"", ""open"", ""insert"", ""stack""]",,,,,,,,,,,,,0,75.0,100.0,86.60254037844386,ok
paper_binder_book::correct_2,paper_binder_book,human_reference,ref_2,ground_truth_reference,Office/Study Workspace,Minimal,assistant_start_frame_inference,8.666666666666666,4,25.188889,A4,"[""attach"", ""close"", ""move"", ""open"", ""insert"", ""stack""]",,,,,,,,,,,,,0,100.0,100.0,100.0,ok
paper_binder_book::correct_3,paper_binder_book,human_reference,ref_3,ground_truth_reference,Office/Study Workspace,Minimal,assistant_start_frame_inference,8.666666666666666,4,25.188889,A4,"[""attach"", ""close"", ""move"", ""open"", ""insert"", ""stack""]",,,,,,,,,,,,,0,100.0,100.0,100.0,ok
paper_binder_book::cosmos_3__101,paper_binder_book,cosmos_3,101,ai,Office/Study Workspace,Minimal,assistant_start_frame_inference,8.666666666666666,4,25.188889,A4,"[""attach"", ""close"", ""move"", ""open"", ""insert"", ""stack""]",16.666666666666668,12.5,14.433756729740644,,,,6.666666666666668,0.0,0.0,11.666666666666668,6.25,8.539125638299666,2,0.0,0.0,0.0,ok
paper_binder_book::cosmos_3__202,paper_binder_book,cosmos_3,202,ai,Office/Study Workspace,Minimal,assistant_start_frame_inference,8.666666666666666,4,25.188889,A4,"[""attach"", ""close"", ""move"", ""open"", ""insert"", ""stack""]",,,,13.333333333333336,0.0,0.0,,,,13.333333333333336,0.0,0.0,1,20.0,25.0,22.360679774997898,ok
paper_binder_book::cosmos_3__303,paper_binder_book,cosmos_3,303,ai,Office/Study Workspace,Minimal,assistant_start_frame_inference,8.666666666666666,4,25.188889,A4,"[""attach"", ""close"", ""move"", ""open"", ""insert"", ""stack""]",,,,,,,12.666666666666668,50.0,25.166114784235834,12.666666666666668,50.0,25.166114784235834,1,20.0,0.0,0.0,ok
paper_binder_book::grok_imagine_video_1_5__101,paper_binder_book,grok_imagine_video_1_5,101,ai,Office/Study Workspace,Minimal,assistant_start_frame_inference,8.666666666666666,4,25.188889,A4,"[""attach"", ""close"", ""move"", ""open"", ""insert"", ""stack""]",33.333333333333336,50.0,40.824829046386306,,,,33.333333333333336,57.25,43.684474740270524,33.333333333333336,53.625,42.27883631321941,2,88.88888888888887,100.0,94.28090415820633,ok
paper_binder_book::grok_imagine_video_1_5__202,paper_binder_book,grok_imagine_video_1_5,202,ai,Office/Study Workspace,Minimal,assistant_start_frame_inference,8.666666666666666,4,25.188889,A4,"[""attach"", ""close"", ""move"", ""open"", ""insert"", ""stack""]",33.333333333333336,75.0,50.0,33.333333333333336,0.0,0.0,37.666666666666664,50.0,43.397388554305124,34.77777777777778,41.666666666666664,38.06670558472422,3,46.666666666666664,100.0,68.31300510639731,ok
paper_binder_book::grok_imagine_video_1_5__303,paper_binder_book,grok_imagine_video_1_5,303,ai,Office/Study Workspace,Minimal,assistant_start_frame_inference,8.666666666666666,4,25.188889,A4,"[""attach"", ""close"", ""move"", ""open"", ""insert"", ""stack""]",,,,20.0,10.0,14.142135623730951,58.333333333333336,75.0,66.14378277661477,39.16666666666667,42.5,40.799305549645496,2,46.666666666666664,56.25,51.234753829797995,ok
paper_binder_book::kling_v3_pro__101,paper_binder_book,kling_v3_pro,101,ai,Office/Study Workspace,Minimal,assistant_start_frame_inference,8.666666666666666,4,25.188889,A4,"[""attach"", ""close"", ""move"", ""open"", ""insert"", ""stack""]",,,,,,,,,,,,,0,46.666666666666664,90.0,64.8074069840786,ok
paper_binder_book::kling_v3_pro__202,paper_binder_book,kling_v3_pro,202,ai,Office/Study Workspace,Minimal,assistant_start_frame_inference,8.666666666666666,4,25.188889,A4,"[""attach"", ""close"", ""move"", ""open"", ""insert"", ""stack""]",,,,,,,37.666666666666664,66.75,50.1422975141746,37.666666666666664,66.75,50.1422975141746,1,26.666666666666668,100.0,51.63977794943223,ok
paper_binder_book::kling_v3_pro__303,paper_binder_book,kling_v3_pro,303,ai,Office/Study Workspace,Minimal,assistant_start_frame_inference,8.666666666666666,4,25.188889,A4,"[""attach"", ""close"", ""move"", ""open"", ""insert"", ""stack""]",,,,60.00000000000001,75.0,67.0820393249937,,,,60.00000000000001,75.0,67.0820393249937,1,93.33333333333333,75.0,83.66600265340756,ok
paper_binder_book::minimax_h3__101,paper_binder_book,minimax_h3,101,ai,Office/Study Workspace,Minimal,assistant_start_frame_inference,8.666666666666666,4,25.188889,A4,"[""attach"", ""close"", ""move"", ""open"", ""insert"", ""stack""]",53.33333333333334,60.0,56.568542494923804,,,,,,,53.33333333333334,60.0,56.568542494923804,1,41.666666666666664,16.666666666666664,26.352313834736492,ok
paper_binder_book::minimax_h3__202,paper_binder_book,minimax_h3,202,ai,Office/Study Workspace,Minimal,assistant_start_frame_inference,8.666666666666666,4,25.188889,A4,"[""attach"", ""close"", ""move"", ""open"", ""insert"", ""stack""]",,,,,,,,,,,,,0,73.33333333333334,100.0,85.63488385776753,ok
paper_binder_book::minimax_h3__303,paper_binder_book,minimax_h3,303,ai,Office/Study Workspace,Minimal,assistant_start_frame_inference,8.666666666666666,4,25.188889,A4,"[""attach"", ""close"", ""move"", ""open"", ""insert"", ""stack""]",,,,,,,,,,,,,0,66.66666666666667,100.0,81.64965809277261,ok
paper_binder_book::seedance_2_0__101,paper_binder_book,seedance_2_0,101,ai,Office/Study Workspace,Minimal,assistant_start_frame_inference,8.666666666666666,4,25.188889,A4,"[""attach"", ""close"", ""move"", ""open"", ""insert"", ""stack""]",33.333333333333336,75.0,50.0,93.33333333333333,70.0,80.82903768654761,,,,63.33333333333333,72.5,67.76183783418706,2,100.0,83.33333333333334,91.28709291752769,ok
paper_binder_book::seedance_2_0__202,paper_binder_book,seedance_2_0,202,ai,Office/Study Workspace,Minimal,assistant_start_frame_inference,8.666666666666666,4,25.188889,A4,"[""attach"", ""close"", ""move"", ""open"", ""insert"", ""stack""]",,,,27.666666666666668,37.5,32.21024681681281,33.333333333333336,75.0,50.0,30.5,56.25,41.420103814452226,2,100.0,83.33333333333334,91.28709291752769,ok
paper_binder_book::seedance_2_0__303,paper_binder_book,seedance_2_0,303,ai,Office/Study Workspace,Minimal,assistant_start_frame_inference,8.666666666666666,4,25.188889,A4,"[""attach"", ""close"", ""move"", ""open"", ""insert"", ""stack""]",,,,,,,33.333333333333336,83.25,52.67826876426369,33.333333333333336,83.25,52.67826876426369,1,50.0,83.33333333333334,64.54972243679029,ok
paper_binder_book::wan_2_7__101,paper_binder_book,wan_2_7,101,ai,Office/Study Workspace,Minimal,assistant_start_frame_inference,8.666666666666666,4,25.188889,A4,"[""attach"", ""close"", ""move"", ""open"", ""insert"", ""stack""]",,,,33.333333333333336,25.0,28.867513459481287,46.0,75.0,58.73670062235365,39.66666666666667,50.0,44.53463071962463,2,83.33333333333333,100.0,91.28709291752767,ok
paper_binder_book::wan_2_7__202,paper_binder_book,wan_2_7,202,ai,Office/Study Workspace,Minimal,assistant_start_frame_inference,8.666666666666666,4,25.188889,A4,"[""attach"", ""close"", ""move"", ""open"", ""insert"", ""stack""]",91.66666666666667,37.5,58.63019699779287,60.00000000000001,43.75,51.234753829797995,,,,75.83333333333334,40.625,55.50431664894783,2,60.0,41.66666666666667,50.00000000000001,ok
paper_binder_book::wan_2_7__303,paper_binder_book,wan_2_7,303,ai,Office/Study Workspace,Minimal,assistant_start_frame_inference,8.666666666666666,4,25.188889,A4,"[""attach"", ""close"", ""move"", ""open"", ""insert"", ""stack""]",,,,,,,0.0,0.0,0.0,0.0,0.0,0.0,1,33.333333333333336,20.0,25.819888974716115,ok
paper_binder_book::wrong_1,paper_binder_book,human_wrong,1,human_wrong,Office/Study Workspace,Minimal,assistant_start_frame_inference,8.666666666666666,4,25.188889,A4,"[""attach"", ""close"", ""move"", ""open"", ""insert"", ""stack""]",,,,66.66666666666667,100.0,81.64965809277261,50.0,100.0,70.71067811865476,58.333333333333336,100.0,76.37626158259734,2,53.333333333333336,100.0,73.02967433402215,ok
paper_binder_book::wrong_2,paper_binder_book,human_wrong,2,human_wrong,Office/Study Workspace,Minimal,assistant_start_frame_inference,8.666666666666666,4,25.188889,A4,"[""attach"", ""close"", ""move"", ""open"", ""insert"", ""stack""]",,,,,,,,,,,,,0,73.33333333333334,100.0,85.63488385776753,ok
paper_binder_book::wrong_3,paper_binder_book,human_wrong,3,human_wrong,Office/Study Workspace,Minimal,assistant_start_frame_inference,8.666666666666666,4,25.188889,A4,"[""attach"", ""close"", ""move"", ""open"", ""insert"", ""stack""]",,,,,,,33.333333333333336,100.0,57.735026918962575,33.333333333333336,100.0,57.735026918962575,1,46.666666666666664,83.33333333333334,62.36095644623236,ok
racket_backpack::correct_1,racket_backpack,human_reference,ref_1,ground_truth_reference,Others,None,historical_datasheet,5.0,4,24.566666333333334,A2,"[""unhang"", ""pack"", ""unzip"", ""insert"", ""zip""]",,,,,,,,,,,,,0,100.0,100.0,100.0,ok
racket_backpack::correct_2,racket_backpack,human_reference,ref_2,ground_truth_reference,Others,None,historical_datasheet,5.0,4,24.566666333333334,A2,"[""unhang"", ""pack"", ""unzip"", ""insert"", ""zip""]",,,,,,,,,,,,,0,100.0,100.0,100.0,ok
racket_backpack::correct_3,racket_backpack,human_reference,ref_3,ground_truth_reference,Others,None,historical_datasheet,5.0,4,24.566666333333334,A2,"[""unhang"", ""pack"", ""unzip"", ""insert"", ""zip""]",,,,,,,,,,,,,0,100.0,100.0,100.0,ok
racket_backpack::cosmos_3__101,racket_backpack,cosmos_3,101,ai,Others,None,historical_datasheet,5.0,4,24.566666333333334,A2,"[""unhang"", ""pack"", ""unzip"", ""insert"", ""zip""]",22.333333333333336,0.0,0.0,,,,16.666666666666668,0.0,0.0,19.5,0.0,0.0,2,11.111111111111109,0.0,0.0,ok
racket_backpack::cosmos_3__202,racket_backpack,cosmos_3,202,ai,Others,None,historical_datasheet,5.0,4,24.566666333333334,A2,"[""unhang"", ""pack"", ""unzip"", ""insert"", ""zip""]",0.0,,,0.0,,,0.0,,,0.0,,,3,0.0,,,partial
racket_backpack::cosmos_3__303,racket_backpack,cosmos_3,303,ai,Others,None,historical_datasheet,5.0,4,24.566666333333334,A2,"[""unhang"", ""pack"", ""unzip"", ""insert"", ""zip""]",0.0,,,,,,16.666666666666668,50.0,28.867513459481287,8.333333333333334,50.0,20.412414523193153,2,0.0,,,partial
racket_backpack::grok_imagine_video_1_5__101,racket_backpack,grok_imagine_video_1_5,101,ai,Others,None,historical_datasheet,5.0,4,24.566666333333334,A2,"[""unhang"", ""pack"", ""unzip"", ""insert"", ""zip""]",66.66666666666667,33.25,47.08148963941845,,,,,,,66.66666666666667,33.25,47.08148963941845,1,100.0,100.0,100.0,ok
racket_backpack::grok_imagine_video_1_5__202,racket_backpack,grok_imagine_video_1_5,202,ai,Others,None,historical_datasheet,5.0,4,24.566666333333334,A2,"[""unhang"", ""pack"", ""unzip"", ""insert"", ""zip""]",33.333333333333336,83.25,52.67826876426369,,,,33.333333333333336,75.0,50.0,33.333333333333336,79.125,51.35659646043534,2,77.77777777777779,100.0,88.19171036881968,ok
racket_backpack::grok_imagine_video_1_5__303,racket_backpack,grok_imagine_video_1_5,303,ai,Others,None,historical_datasheet,5.0,4,24.566666333333334,A2,"[""unhang"", ""pack"", ""unzip"", ""insert"", ""zip""]",,,,89.0,75.0,81.70067319184096,,,,89.0,75.0,81.70067319184096,1,33.333333333333336,100.0,57.735026918962575,ok
racket_backpack::kling_v3_pro__101,racket_backpack,kling_v3_pro,101,ai,Others,None,historical_datasheet,5.0,4,24.566666333333334,A2,"[""unhang"", ""pack"", ""unzip"", ""insert"", ""zip""]",44.333333333333336,50.0,47.08148963941845,,,,58.333333333333336,50.0,54.00617248673217,51.333333333333336,50.0,50.66228051190222,2,100.0,100.0,100.0,ok
racket_backpack::kling_v3_pro__202,racket_backpack,kling_v3_pro,202,ai,Others,None,historical_datasheet,5.0,4,24.566666333333334,A2,"[""unhang"", ""pack"", ""unzip"", ""insert"", ""zip""]",55.66666666666667,100.0,74.61009761866464,44.333333333333336,100.0,66.58328118479393,,,,50.0,100.0,70.71067811865476,2,33.333333333333336,100.0,57.735026918962575,ok
racket_backpack::kling_v3_pro__303,racket_backpack,kling_v3_pro,303,ai,Others,None,historical_datasheet,5.0,4,24.566666333333334,A2,"[""unhang"", ""pack"", ""unzip"", ""insert"", ""zip""]",89.0,50.0,66.70832032063167,,,,58.333333333333336,75.0,66.14378277661477,73.66666666666667,62.5,67.85400995274094,2,66.66666666666667,100.0,81.64965809277261,ok
racket_backpack::minimax_h3__101,racket_backpack,minimax_h3,101,ai,Others,None,historical_datasheet,5.0,4,24.566666333333334,A2,"[""unhang"", ""pack"", ""unzip"", ""insert"", ""zip""]",58.333333333333336,87.5,71.44345083117604,,,,,,,58.333333333333336,87.5,71.44345083117604,1,55.555555555555564,100.0,74.535599249993,ok
racket_backpack::minimax_h3__202,racket_backpack,minimax_h3,202,ai,Others,None,historical_datasheet,5.0,4,24.566666333333334,A2,"[""unhang"", ""pack"", ""unzip"", ""insert"", ""zip""]",0.0,,,,,,,,,0.0,,,1,0.0,,,partial
racket_backpack::minimax_h3__303,racket_backpack,minimax_h3,303,ai,Others,None,historical_datasheet,5.0,4,24.566666333333334,A2,"[""unhang"", ""pack"", ""unzip"", ""insert"", ""zip""]",,,,,,,,,,,,,0,55.555555555555564,100.0,74.535599249993,ok
racket_backpack::seedance_2_0__101,racket_backpack,seedance_2_0,101,ai,Others,None,historical_datasheet,5.0,4,24.566666333333334,A2,"[""unhang"", ""pack"", ""unzip"", ""insert"", ""zip""]",,83.25,,33.333333333333336,83.25,52.67826876426369,33.333333333333336,83.25,52.67826876426369,33.333333333333336,83.25,52.67826876426369,2,100.0,100.0,100.0,ok
racket_backpack::seedance_2_0__202,racket_backpack,seedance_2_0,202,ai,Others,None,historical_datasheet,5.0,4,24.566666333333334,A2,"[""unhang"", ""pack"", ""unzip"", ""insert"", ""zip""]",100.0,83.25,91.2414379544733,,,,100.0,91.75,95.78622030334009,100.0,87.5,93.54143466934853,2,100.0,100.0,100.0,ok
racket_backpack::seedance_2_0__303,racket_backpack,seedance_2_0,303,ai,Others,None,historical_datasheet,5.0,4,24.566666333333334,A2,"[""unhang"", ""pack"", ""unzip"", ""insert"", ""zip""]",33.333333333333336,83.25,52.67826876426369,,,,,,,33.333333333333336,83.25,52.67826876426369,1,100.0,100.0,100.0,ok
racket_backpack::wan_2_7__101,racket_backpack,wan_2_7,101,ai,Others,None,historical_datasheet,5.0,4,24.566666333333334,A2,"[""unhang"", ""pack"", ""unzip"", ""insert"", ""zip""]",100.0,50.0,70.71067811865476,,,,33.333333333333336,50.0,40.824829046386306,66.66666666666667,50.0,57.735026918962575,2,66.66666666666667,100.0,81.64965809277261,ok
racket_backpack::wan_2_7__202,racket_backpack,wan_2_7,202,ai,Others,None,historical_datasheet,5.0,4,24.566666333333334,A2,"[""unhang"", ""pack"", ""unzip"", ""insert"", ""zip""]",33.333333333333336,33.25,33.291640592396966,89.0,0.0,0.0,,,,61.16666666666667,16.625,31.88880420042955,2,44.444444444444436,100.0,66.66666666666666,ok
racket_backpack::wan_2_7__303,racket_backpack,wan_2_7,303,ai,Others,None,historical_datasheet,5.0,4,24.566666333333334,A2,"[""unhang"", ""pack"", ""unzip"", ""insert"", ""zip""]",,,,50.0,66.75,57.77110004145671,50.0,66.75,57.77110004145671,50.0,66.75,57.77110004145671,2,55.555555555555564,100.0,74.535599249993,ok
racket_backpack::wrong_1,racket_backpack,human_wrong,1,human_wrong,Others,None,historical_datasheet,5.0,4,24.566666333333334,A2,"[""unhang"", ""pack"", ""unzip"", ""insert"", ""zip""]",,,,,,,,,,,,,0,66.66666666666667,100.0,81.64965809277261,ok
racket_backpack::wrong_2,racket_backpack,human_wrong,2,human_wrong,Others,None,historical_datasheet,5.0,4,24.566666333333334,A2,"[""unhang"", ""pack"", ""unzip"", ""insert"", ""zip""]",55.66666666666667,100.0,74.61009761866464,,,,33.333333333333336,100.0,57.735026918962575,44.5,100.0,66.70832032063167,2,66.66666666666667,80.0,73.02967433402215,ok
racket_backpack::wrong_3,racket_backpack,human_wrong,3,human_wrong,Others,None,historical_datasheet,5.0,4,24.566666333333334,A2,"[""unhang"", ""pack"", ""unzip"", ""insert"", ""zip""]",55.66666666666667,100.0,74.61009761866464,,,,,,,55.66666666666667,100.0,74.61009761866464,1,66.66666666666667,100.0,81.64965809277261,ok
remote_marker_stand::correct_1,remote_marker_stand,human_reference,ref_1,ground_truth_reference,Office/Study Workspace,Minimal,historical_datasheet,4.333333333333333,7,16.765922333333336,A2,"[""insert"", ""place"", ""move""]",,,,,,,,,,,,,0,100.0,100.0,100.0,ok
remote_marker_stand::correct_2,remote_marker_stand,human_reference,ref_2,ground_truth_reference,Office/Study Workspace,Minimal,historical_datasheet,4.333333333333333,7,16.765922333333336,A2,"[""insert"", ""place"", ""move""]",,,,,,,,,,,,,0,77.77777777777779,100.0,88.19171036881968,ok
remote_marker_stand::correct_3,remote_marker_stand,human_reference,ref_3,ground_truth_reference,Office/Study Workspace,Minimal,historical_datasheet,4.333333333333333,7,16.765922333333336,A2,"[""insert"", ""place"", ""move""]",,,,,,,,,,,,,0,100.0,100.0,100.0,ok
remote_marker_stand::cosmos_3__101,remote_marker_stand,cosmos_3,101,ai,Office/Study Workspace,Minimal,historical_datasheet,4.333333333333333,7,16.765922333333336,A2,"[""insert"", ""place"", ""move""]",0.0,,,,,,25.0,0.0,0.0,12.5,0.0,0.0,2,33.333333333333336,83.33333333333334,52.70462766947299,ok
remote_marker_stand::cosmos_3__202,remote_marker_stand,cosmos_3,202,ai,Office/Study Workspace,Minimal,historical_datasheet,4.333333333333333,7,16.765922333333336,A2,"[""insert"", ""place"", ""move""]",16.666666666666668,0.0,0.0,,,,33.333333333333336,0.0,0.0,25.0,0.0,0.0,2,44.444444444444436,8.333333333333332,19.245008972987524,ok
remote_marker_stand::cosmos_3__303,remote_marker_stand,cosmos_3,303,ai,Office/Study Workspace,Minimal,historical_datasheet,4.333333333333333,7,16.765922333333336,A2,"[""insert"", ""place"", ""move""]",0.0,0.0,0.0,,,,25.0,0.0,0.0,12.5,0.0,0.0,2,33.333333333333336,100.0,57.735026918962575,ok
remote_marker_stand::grok_imagine_video_1_5__101,remote_marker_stand,grok_imagine_video_1_5,101,ai,Office/Study Workspace,Minimal,historical_datasheet,4.333333333333333,7,16.765922333333336,A2,"[""insert"", ""place"", ""move""]",33.333333333333336,33.25,33.291640592396966,75.0,66.75,70.75485849042452,,,,54.16666666666667,50.0,52.04164998665332,2,100.0,100.0,100.0,ok
remote_marker_stand::grok_imagine_video_1_5__202,remote_marker_stand,grok_imagine_video_1_5,202,ai,Office/Study Workspace,Minimal,historical_datasheet,4.333333333333333,7,16.765922333333336,A2,"[""insert"", ""place"", ""move""]",,,,,,,,,,,,,0,100.0,100.0,100.0,ok
remote_marker_stand::grok_imagine_video_1_5__303,remote_marker_stand,grok_imagine_video_1_5,303,ai,Office/Study Workspace,Minimal,historical_datasheet,4.333333333333333,7,16.765922333333336,A2,"[""insert"", ""place"", ""move""]",,,,58.333333333333336,0.0,0.0,50.0,33.25,40.773766075750224,54.16666666666667,16.625,30.0086793000514,2,55.555555555555564,100.0,74.535599249993,ok
remote_marker_stand::kling_v3_pro__101,remote_marker_stand,kling_v3_pro,101,ai,Office/Study Workspace,Minimal,historical_datasheet,4.333333333333333,7,16.765922333333336,A2,"[""insert"", ""place"", ""move""]",33.333333333333336,50.0,40.824829046386306,,,,33.333333333333336,93.75,55.90169943749474,33.333333333333336,71.875,48.947250518628046,2,55.555555555555564,100.0,74.535599249993,ok
remote_marker_stand::kling_v3_pro__202,remote_marker_stand,kling_v3_pro,202,ai,Office/Study Workspace,Minimal,historical_datasheet,4.333333333333333,7,16.765922333333336,A2,"[""insert"", ""place"", ""move""]",,,,100.0,33.25,57.66281297335398,100.0,75.0,86.60254037844386,100.0,54.125,73.56969484781081,2,100.0,100.0,100.0,ok
remote_marker_stand::kling_v3_pro__303,remote_marker_stand,kling_v3_pro,303,ai,Office/Study Workspace,Minimal,historical_datasheet,4.333333333333333,7,16.765922333333336,A2,"[""insert"", ""place"", ""move""]",55.66666666666667,50.0,52.75730597114805,66.66666666666667,66.75,66.70832032063167,58.333333333333336,58.25,58.291651775075536,60.22222222222223,58.333333333333336,59.27025360974056,3,33.333333333333336,100.0,57.735026918962575,ok
remote_marker_stand::minimax_h3__101,remote_marker_stand,minimax_h3,101,ai,Office/Study Workspace,Minimal,historical_datasheet,4.333333333333333,7,16.765922333333336,A2,"[""insert"", ""place"", ""move""]",91.66666666666667,50.0,67.70032003863301,,,,,,,91.66666666666667,50.0,67.70032003863301,1,100.0,100.0,100.0,ok
remote_marker_stand::minimax_h3__202,remote_marker_stand,minimax_h3,202,ai,Office/Study Workspace,Minimal,historical_datasheet,4.333333333333333,7,16.765922333333336,A2,"[""insert"", ""place"", ""move""]",100.0,87.5,93.54143466934853,,,,,,,100.0,87.5,93.54143466934853,1,100.0,100.0,100.0,ok
remote_marker_stand::minimax_h3__303,remote_marker_stand,minimax_h3,303,ai,Office/Study Workspace,Minimal,historical_datasheet,4.333333333333333,7,16.765922333333336,A2,"[""insert"", ""place"", ""move""]",83.33333333333334,100.0,91.28709291752769,,,,,,,83.33333333333334,100.0,91.28709291752769,1,100.0,100.0,100.0,ok
remote_marker_stand::seedance_2_0__101,remote_marker_stand,seedance_2_0,101,ai,Office/Study Workspace,Minimal,historical_datasheet,4.333333333333333,7,16.765922333333336,A2,"[""insert"", ""place"", ""move""]",,,,,,,,,,,,,0,100.0,100.0,100.0,ok
remote_marker_stand::seedance_2_0__202,remote_marker_stand,seedance_2_0,202,ai,Office/Study Workspace,Minimal,historical_datasheet,4.333333333333333,7,16.765922333333336,A2,"[""insert"", ""place"", ""move""]",,,,,,,,,,,,,0,100.0,100.0,100.0,ok
remote_marker_stand::seedance_2_0__303,remote_marker_stand,seedance_2_0,303,ai,Office/Study Workspace,Minimal,historical_datasheet,4.333333333333333,7,16.765922333333336,A2,"[""insert"", ""place"", ""move""]",,,,100.0,83.25,91.2414379544733,,,,100.0,83.25,91.2414379544733,1,100.0,100.0,100.0,ok
remote_marker_stand::wan_2_7__101,remote_marker_stand,wan_2_7,101,ai,Office/Study Workspace,Minimal,historical_datasheet,4.333333333333333,7,16.765922333333336,A2,"[""insert"", ""place"", ""move""]",,,,77.66666666666667,66.75,72.00173609018049,,,,77.66666666666667,66.75,72.00173609018049,1,55.555555555555564,100.0,74.535599249993,ok
remote_marker_stand::wan_2_7__202,remote_marker_stand,wan_2_7,202,ai,Office/Study Workspace,Minimal,historical_datasheet,4.333333333333333,7,16.765922333333336,A2,"[""insert"", ""place"", ""move""]",,,,89.0,0.0,0.0,75.0,33.25,49.937460888595446,82.0,16.625,36.92221553482402,2,100.0,50.0,70.71067811865476,ok
remote_marker_stand::wan_2_7__303,remote_marker_stand,wan_2_7,303,ai,Office/Study Workspace,Minimal,historical_datasheet,4.333333333333333,7,16.765922333333336,A2,"[""insert"", ""place"", ""move""]",33.333333333333336,83.25,52.67826876426369,75.0,62.5,68.46531968814577,,,,54.16666666666667,72.875,62.82830439645283,2,77.77777777777779,100.0,88.19171036881968,ok
remote_marker_stand::wrong_1,remote_marker_stand,human_wrong,1,human_wrong,Office/Study Workspace,Minimal,historical_datasheet,4.333333333333333,7,16.765922333333336,A2,"[""insert"", ""place"", ""move""]",,,,33.333333333333336,100.0,57.735026918962575,50.0,100.0,70.71067811865476,41.66666666666667,100.0,64.54972243679029,2,66.66666666666667,100.0,81.64965809277261,ok
remote_marker_stand::wrong_2,remote_marker_stand,human_wrong,2,human_wrong,Office/Study Workspace,Minimal,historical_datasheet,4.333333333333333,7,16.765922333333336,A2,"[""insert"", ""place"", ""move""]",91.66666666666667,100.0,95.74271077563381,,,,,,,91.66666666666667,100.0,95.74271077563381,1,77.77777777777779,91.66666666666666,84.43713418650368,ok
remote_marker_stand::wrong_3,remote_marker_stand,human_wrong,3,human_wrong,Office/Study Workspace,Minimal,historical_datasheet,4.333333333333333,7,16.765922333333336,A2,"[""insert"", ""place"", ""move""]",,,,,,,83.33333333333334,100.0,91.28709291752769,83.33333333333334,100.0,91.28709291752769,1,66.66666666666667,100.0,81.64965809277261,ok
sanitary_face_wash::correct_1,sanitary_face_wash,human_reference,ref_1,ground_truth_reference,Personal Care/Utilities,None,assistant_start_frame_inference,7.0,5,19.022222333333332,A2,"[""cap"", ""close"", ""insert"", ""zip""]",,,,,,,,,,,,,0,42.85714285714286,42.857142857142854,42.85714285714286,ok
sanitary_face_wash::correct_2,sanitary_face_wash,human_reference,ref_2,ground_truth_reference,Personal Care/Utilities,None,assistant_start_frame_inference,7.0,5,19.022222333333332,A2,"[""cap"", ""close"", ""insert"", ""zip""]",,,,,,,,,,,,,0,71.42857142857143,79.16666666666666,75.1981509397798,ok
sanitary_face_wash::correct_3,sanitary_face_wash,human_reference,ref_3,ground_truth_reference,Personal Care/Utilities,None,assistant_start_frame_inference,7.0,5,19.022222333333332,A2,"[""cap"", ""close"", ""insert"", ""zip""]",,,,,,,,,,,,,0,47.61904761904762,79.16666666666666,61.399033134417266,ok
sanitary_face_wash::cosmos_3__101,sanitary_face_wash,cosmos_3,101,ai,Personal Care/Utilities,None,assistant_start_frame_inference,7.0,5,19.022222333333332,A2,"[""cap"", ""close"", ""insert"", ""zip""]",,,,,,,,,,,,,0,47.61904761904762,25.0,34.50327796711771,ok
sanitary_face_wash::cosmos_3__202,sanitary_face_wash,cosmos_3,202,ai,Personal Care/Utilities,None,assistant_start_frame_inference,7.0,5,19.022222333333332,A2,"[""cap"", ""close"", ""insert"", ""zip""]",,,,13.333333333333336,0.0,0.0,,,,13.333333333333336,0.0,0.0,1,33.333333333333336,25.0,28.867513459481287,ok
sanitary_face_wash::cosmos_3__303,sanitary_face_wash,cosmos_3,303,ai,Personal Care/Utilities,None,assistant_start_frame_inference,7.0,5,19.022222333333332,A2,"[""cap"", ""close"", ""insert"", ""zip""]",13.333333333333336,0.0,0.0,,,,,,,13.333333333333336,0.0,0.0,1,33.333333333333336,7.142857142857142,15.430334996209192,ok
sanitary_face_wash::grok_imagine_video_1_5__101,sanitary_face_wash,grok_imagine_video_1_5,101,ai,Personal Care/Utilities,None,assistant_start_frame_inference,7.0,5,19.022222333333332,A2,"[""cap"", ""close"", ""insert"", ""zip""]",,,,,,,,,,,,,0,71.42857142857143,100.0,84.51542547285166,ok
sanitary_face_wash::grok_imagine_video_1_5__202,sanitary_face_wash,grok_imagine_video_1_5,202,ai,Personal Care/Utilities,None,assistant_start_frame_inference,7.0,5,19.022222333333332,A2,"[""cap"", ""close"", ""insert"", ""zip""]",,,,33.333333333333336,62.5,45.64354645876384,,,,33.333333333333336,62.5,45.64354645876384,1,52.38095238095238,66.66666666666666,59.09368402852788,ok
sanitary_face_wash::grok_imagine_video_1_5__303,sanitary_face_wash,grok_imagine_video_1_5,303,ai,Personal Care/Utilities,None,assistant_start_frame_inference,7.0,5,19.022222333333332,A2,"[""cap"", ""close"", ""insert"", ""zip""]",,,,,,,,,,,,,0,61.904761904761905,100.0,78.67957924694431,ok
sanitary_face_wash::kling_v3_pro__101,sanitary_face_wash,kling_v3_pro,101,ai,Personal Care/Utilities,None,assistant_start_frame_inference,7.0,5,19.022222333333332,A2,"[""cap"", ""close"", ""insert"", ""zip""]",,,,,,,,,,,,,0,47.61904761904762,,,partial
sanitary_face_wash::kling_v3_pro__202,sanitary_face_wash,kling_v3_pro,202,ai,Personal Care/Utilities,None,assistant_start_frame_inference,7.0,5,19.022222333333332,A2,"[""cap"", ""close"", ""insert"", ""zip""]",80.0,25.0,44.721359549995796,,,,,,,80.0,25.0,44.721359549995796,1,61.904761904761905,100.0,78.67957924694431,ok
sanitary_face_wash::kling_v3_pro__303,sanitary_face_wash,kling_v3_pro,303,ai,Personal Care/Utilities,None,assistant_start_frame_inference,7.0,5,19.022222333333332,A2,"[""cap"", ""close"", ""insert"", ""zip""]",,,,,,,,,,,,,0,52.38095238095238,100.0,72.37468644557458,ok
sanitary_face_wash::minimax_h3__101,sanitary_face_wash,minimax_h3,101,ai,Personal Care/Utilities,None,assistant_start_frame_inference,7.0,5,19.022222333333332,A2,"[""cap"", ""close"", ""insert"", ""zip""]",73.33333333333334,55.00000000000001,63.508529610858844,,,,,,,73.33333333333334,55.00000000000001,63.508529610858844,1,66.66666666666667,100.0,81.64965809277261,ok
sanitary_face_wash::minimax_h3__202,sanitary_face_wash,minimax_h3,202,ai,Personal Care/Utilities,None,assistant_start_frame_inference,7.0,5,19.022222333333332,A2,"[""cap"", ""close"", ""insert"", ""zip""]",55.66666666666667,62.5,58.9844612306213,,,,,,,55.66666666666667,62.5,58.9844612306213,1,71.42857142857143,100.0,84.51542547285166,ok
sanitary_face_wash::minimax_h3__303,sanitary_face_wash,minimax_h3,303,ai,Personal Care/Utilities,None,assistant_start_frame_inference,7.0,5,19.022222333333332,A2,"[""cap"", ""close"", ""insert"", ""zip""]",80.0,100.0,89.44271909999159,,,,,,,80.0,100.0,89.44271909999159,1,42.85714285714286,100.0,65.46536707079771,ok
sanitary_face_wash::seedance_2_0__101,sanitary_face_wash,seedance_2_0,101,ai,Personal Care/Utilities,None,assistant_start_frame_inference,7.0,5,19.022222333333332,A2,"[""cap"", ""close"", ""insert"", ""zip""]",,,,,,,,,,,,,0,71.42857142857143,71.42857142857143,71.42857142857143,ok
sanitary_face_wash::seedance_2_0__202,sanitary_face_wash,seedance_2_0,202,ai,Personal Care/Utilities,None,assistant_start_frame_inference,7.0,5,19.022222333333332,A2,"[""cap"", ""close"", ""insert"", ""zip""]",,,,100.0,65.0,80.62257748298549,,,,100.0,65.0,80.62257748298549,1,66.66666666666667,100.0,81.64965809277261,ok
sanitary_face_wash::seedance_2_0__303,sanitary_face_wash,seedance_2_0,303,ai,Personal Care/Utilities,None,assistant_start_frame_inference,7.0,5,19.022222333333332,A2,"[""cap"", ""close"", ""insert"", ""zip""]",,,,,,,,,,,,,0,57.14285714285714,100.0,75.59289460184544,ok
sanitary_face_wash::wan_2_7__101,sanitary_face_wash,wan_2_7,101,ai,Personal Care/Utilities,None,assistant_start_frame_inference,7.0,5,19.022222333333332,A2,"[""cap"", ""close"", ""insert"", ""zip""]",,,,86.66666666666667,40.0,58.878405775518985,,,,86.66666666666667,40.0,58.878405775518985,1,57.14285714285714,100.0,75.59289460184544,ok
sanitary_face_wash::wan_2_7__202,sanitary_face_wash,wan_2_7,202,ai,Personal Care/Utilities,None,assistant_start_frame_inference,7.0,5,19.022222333333332,A2,"[""cap"", ""close"", ""insert"", ""zip""]",60.00000000000001,75.0,67.0820393249937,,,,,,,60.00000000000001,75.0,67.0820393249937,1,52.38095238095238,66.66666666666666,59.09368402852788,ok
sanitary_face_wash::wan_2_7__303,sanitary_face_wash,wan_2_7,303,ai,Personal Care/Utilities,None,assistant_start_frame_inference,7.0,5,19.022222333333332,A2,"[""cap"", ""close"", ""insert"", ""zip""]",,,,100.0,20.0,44.721359549995796,,,,100.0,20.0,44.721359549995796,1,85.71428571428572,100.0,92.58200997725515,ok
sanitary_face_wash::wrong_1,sanitary_face_wash,human_wrong,1,human_wrong,Personal Care/Utilities,None,assistant_start_frame_inference,7.0,5,19.022222333333332,A2,"[""cap"", ""close"", ""insert"", ""zip""]",,,,,,,,,,,,,0,57.14285714285714,85.0,69.69320524371696,ok
sanitary_face_wash::wrong_2,sanitary_face_wash,human_wrong,2,human_wrong,Personal Care/Utilities,None,assistant_start_frame_inference,7.0,5,19.022222333333332,A2,"[""cap"", ""close"", ""insert"", ""zip""]",,,,80.0,100.0,89.44271909999159,,,,80.0,100.0,89.44271909999159,1,42.85714285714286,100.0,65.46536707079771,ok
sanitary_face_wash::wrong_3,sanitary_face_wash,human_wrong,3,human_wrong,Personal Care/Utilities,None,assistant_start_frame_inference,7.0,5,19.022222333333332,A2,"[""cap"", ""close"", ""insert"", ""zip""]",,,,,,,,,,,,,0,42.85714285714286,80.0,58.55400437691199,ok
sock_bucket::correct_1,sock_bucket,human_reference,ref_1,ground_truth_reference,Household Org/Storage,None,historical_datasheet,4.0,4,10.800000333333335,A2,"[""move"", ""stack"", ""fold"", ""insert""]",,,,,,,,,,,,,0,100.0,100.0,100.0,ok
sock_bucket::correct_2,sock_bucket,human_reference,ref_2,ground_truth_reference,Household Org/Storage,None,historical_datasheet,4.0,4,10.800000333333335,A2,"[""move"", ""stack"", ""fold"", ""insert""]",,,,,,,,,,,,,0,100.0,100.0,100.0,ok
sock_bucket::correct_3,sock_bucket,human_reference,ref_3,ground_truth_reference,Household Org/Storage,None,historical_datasheet,4.0,4,10.800000333333335,A2,"[""move"", ""stack"", ""fold"", ""insert""]",,,,,,,,,,,,,0,55.555555555555564,100.0,74.535599249993,ok
sock_bucket::cosmos_3__101,sock_bucket,cosmos_3,101,ai,Household Org/Storage,None,historical_datasheet,4.0,4,10.800000333333335,A2,"[""move"", ""stack"", ""fold"", ""insert""]",33.333333333333336,0.0,0.0,0.0,0.0,0.0,33.333333333333336,0.0,0.0,22.222222222222225,0.0,0.0,3,11.111111111111109,0.0,0.0,ok
sock_bucket::cosmos_3__202,sock_bucket,cosmos_3,202,ai,Household Org/Storage,None,historical_datasheet,4.0,4,10.800000333333335,A2,"[""move"", ""stack"", ""fold"", ""insert""]",22.333333333333336,0.0,0.0,22.333333333333336,0.0,0.0,16.666666666666668,12.5,14.433756729740644,20.444444444444446,4.166666666666667,9.229582069908973,3,22.222222222222218,33.33333333333333,27.216552697590863,ok
sock_bucket::cosmos_3__303,sock_bucket,cosmos_3,303,ai,Household Org/Storage,None,historical_datasheet,4.0,4,10.800000333333335,A2,"[""move"", ""stack"", ""fold"", ""insert""]",,,,11.000000000000002,0.0,0.0,,,,11.000000000000002,0.0,0.0,1,0.0,0.0,0.0,ok
sock_bucket::grok_imagine_video_1_5__101,sock_bucket,grok_imagine_video_1_5,101,ai,Household Org/Storage,None,historical_datasheet,4.0,4,10.800000333333335,A2,"[""move"", ""stack"", ""fold"", ""insert""]",,,,25.0,18.75,21.650635094610966,33.333333333333336,66.75,47.16990566028302,29.166666666666668,42.75,35.311117229563834,2,88.88888888888887,100.0,94.28090415820633,ok
sock_bucket::grok_imagine_video_1_5__202,sock_bucket,grok_imagine_video_1_5,202,ai,Household Org/Storage,None,historical_datasheet,4.0,4,10.800000333333335,A2,"[""move"", ""stack"", ""fold"", ""insert""]",77.66666666666667,100.0,88.12869377601524,89.0,100.0,94.33981132056604,,81.25,,83.33333333333334,93.75,88.38834764831844,2,100.0,100.0,100.0,ok
sock_bucket::grok_imagine_video_1_5__303,sock_bucket,grok_imagine_video_1_5,303,ai,Household Org/Storage,None,historical_datasheet,4.0,4,10.800000333333335,A2,"[""move"", ""stack"", ""fold"", ""insert""]",,,,33.333333333333336,33.25,33.291640592396966,,,,33.333333333333336,33.25,33.291640592396966,1,44.444444444444436,0.0,0.0,ok
sock_bucket::kling_v3_pro__101,sock_bucket,kling_v3_pro,101,ai,Household Org/Storage,None,historical_datasheet,4.0,4,10.800000333333335,A2,"[""move"", ""stack"", ""fold"", ""insert""]",,,,,62.5,,33.333333333333336,66.75,47.16990566028302,33.333333333333336,64.625,46.413001052147735,1,66.66666666666667,66.66666666666666,66.66666666666667,ok
sock_bucket::kling_v3_pro__202,sock_bucket,kling_v3_pro,202,ai,Household Org/Storage,None,historical_datasheet,4.0,4,10.800000333333335,A2,"[""move"", ""stack"", ""fold"", ""insert""]",89.0,75.0,81.70067319184096,,,,33.333333333333336,100.0,57.735026918962575,61.16666666666667,87.5,73.15793417896198,2,100.0,100.0,100.0,ok
sock_bucket::kling_v3_pro__303,sock_bucket,kling_v3_pro,303,ai,Household Org/Storage,None,historical_datasheet,4.0,4,10.800000333333335,A2,"[""move"", ""stack"", ""fold"", ""insert""]",,,,,87.5,,50.0,100.0,70.71067811865476,50.0,93.75,68.46531968814577,1,100.0,100.0,100.0,ok
sock_bucket::minimax_h3__101,sock_bucket,minimax_h3,101,ai,Household Org/Storage,None,historical_datasheet,4.0,4,10.800000333333335,A2,"[""move"", ""stack"", ""fold"", ""insert""]",89.0,100.0,94.33981132056604,,,,,,,89.0,100.0,94.33981132056604,1,100.0,100.0,100.0,ok
sock_bucket::minimax_h3__202,sock_bucket,minimax_h3,202,ai,Household Org/Storage,None,historical_datasheet,4.0,4,10.800000333333335,A2,"[""move"", ""stack"", ""fold"", ""insert""]",41.66666666666667,50.0,45.64354645876384,,,,,,,41.66666666666667,50.0,45.64354645876384,1,66.66666666666667,33.33333333333333,47.14045207910317,ok
sock_bucket::minimax_h3__303,sock_bucket,minimax_h3,303,ai,Household Org/Storage,None,historical_datasheet,4.0,4,10.800000333333335,A2,"[""move"", ""stack"", ""fold"", ""insert""]",77.66666666666667,75.0,76.32168761236873,,,,,,,77.66666666666667,75.0,76.32168761236873,1,66.66666666666667,100.0,81.64965809277261,ok
sock_bucket::seedance_2_0__101,sock_bucket,seedance_2_0,101,ai,Household Org/Storage,None,historical_datasheet,4.0,4,10.800000333333335,A2,"[""move"", ""stack"", ""fold"", ""insert""]",100.0,100.0,100.0,100.0,100.0,100.0,,,,100.0,100.0,100.0,2,100.0,100.0,100.0,ok
sock_bucket::seedance_2_0__202,sock_bucket,seedance_2_0,202,ai,Household Org/Storage,None,historical_datasheet,4.0,4,10.800000333333335,A2,"[""move"", ""stack"", ""fold"", ""insert""]",,,,100.0,33.25,57.66281297335398,91.66666666666667,75.0,82.915619758885,95.83333333333334,54.125,72.0206856858963,2,100.0,100.0,100.0,ok
sock_bucket::seedance_2_0__303,sock_bucket,seedance_2_0,303,ai,Household Org/Storage,None,historical_datasheet,4.0,4,10.800000333333335,A2,"[""move"", ""stack"", ""fold"", ""insert""]",89.0,66.75,77.07626093681505,,,,83.33333333333334,87.5,85.39125638299666,86.16666666666667,77.125,81.52057511246267,2,100.0,91.66666666666666,95.74271077563381,ok
sock_bucket::wan_2_7__101,sock_bucket,wan_2_7,101,ai,Household Org/Storage,None,historical_datasheet,4.0,4,10.800000333333335,A2,"[""move"", ""stack"", ""fold"", ""insert""]",,,,,,,,62.5,,,62.5,,0,100.0,100.0,100.0,ok
sock_bucket::wan_2_7__202,sock_bucket,wan_2_7,202,ai,Household Org/Storage,None,historical_datasheet,4.0,4,10.800000333333335,A2,"[""move"", ""stack"", ""fold"", ""insert""]",,,,,,,25.0,12.5,17.67766952966369,25.0,12.5,17.67766952966369,1,77.77777777777779,100.0,88.19171036881968,ok
sock_bucket::wan_2_7__303,sock_bucket,wan_2_7,303,ai,Household Org/Storage,None,historical_datasheet,4.0,4,10.800000333333335,A2,"[""move"", ""stack"", ""fold"", ""insert""]",100.0,75.0,86.60254037844386,100.0,100.0,100.0,,93.75,,100.0,89.58333333333333,94.64847243000456,2,100.0,100.0,100.0,ok
sock_bucket::wrong_1,sock_bucket,human_wrong,1,human_wrong,Household Org/Storage,None,historical_datasheet,4.0,4,10.800000333333335,A2,"[""move"", ""stack"", ""fold"", ""insert""]",,,,100.0,100.0,100.0,,100.0,,100.0,100.0,100.0,1,100.0,100.0,100.0,ok
sock_bucket::wrong_2,sock_bucket,human_wrong,2,human_wrong,Household Org/Storage,None,historical_datasheet,4.0,4,10.800000333333335,A2,"[""move"", ""stack"", ""fold"", ""insert""]",,,,33.333333333333336,100.0,57.735026918962575,33.333333333333336,100.0,57.735026918962575,33.333333333333336,100.0,57.735026918962575,2,66.66666666666667,100.0,81.64965809277261,ok
sock_bucket::wrong_3,sock_bucket,human_wrong,3,human_wrong,Household Org/Storage,None,historical_datasheet,4.0,4,10.800000333333335,A2,"[""move"", ""stack"", ""fold"", ""insert""]",77.66666666666667,100.0,88.12869377601524,89.0,100.0,94.33981132056604,,,,83.33333333333334,100.0,91.28709291752769,2,77.77777777777779,100.0,88.19171036881968,ok
stack_blocks::correct_1,stack_blocks,human_reference,ref_1,ground_truth_reference,Others,None,historical_datasheet,3.0,4,12.798888666666665,A1,"[""stack"", ""attach"", ""place""]",,,,,,,,,,,,,0,100.0,100.0,100.0,ok
stack_blocks::correct_2,stack_blocks,human_reference,ref_2,ground_truth_reference,Others,None,historical_datasheet,3.0,4,12.798888666666665,A1,"[""stack"", ""attach"", ""place""]",,,,,,,,,,,,,0,88.88888888888887,100.0,94.28090415820633,ok
stack_blocks::correct_3,stack_blocks,human_reference,ref_3,ground_truth_reference,Others,None,historical_datasheet,3.0,4,12.798888666666665,A1,"[""stack"", ""attach"", ""place""]",,,,,,,,,,,,,0,100.0,100.0,100.0,ok
stack_blocks::cosmos_3__101,stack_blocks,cosmos_3,101,ai,Others,None,historical_datasheet,3.0,4,12.798888666666665,A1,"[""stack"", ""attach"", ""place""]",,,,44.333333333333336,0.0,0.0,,,,44.333333333333336,0.0,0.0,1,0.0,0.0,0.0,ok
stack_blocks::cosmos_3__202,stack_blocks,cosmos_3,202,ai,Others,None,historical_datasheet,3.0,4,12.798888666666665,A1,"[""stack"", ""attach"", ""place""]",,,,,,,66.66666666666667,0.0,0.0,66.66666666666667,0.0,0.0,1,0.0,0.0,0.0,ok
stack_blocks::cosmos_3__303,stack_blocks,cosmos_3,303,ai,Others,None,historical_datasheet,3.0,4,12.798888666666665,A1,"[""stack"", ""attach"", ""place""]",,,,11.000000000000002,0.0,0.0,33.333333333333336,8.25,16.583123951777,22.166666666666668,4.125,9.56229574945264,2,22.222222222222218,0.0,0.0,ok
stack_blocks::grok_imagine_video_1_5__101,stack_blocks,grok_imagine_video_1_5,101,ai,Others,None,historical_datasheet,3.0,4,12.798888666666665,A1,"[""stack"", ""attach"", ""place""]",,,,,,,55.66666666666667,33.25,43.022281049087425,55.66666666666667,33.25,43.022281049087425,1,33.333333333333336,0.0,0.0,ok
stack_blocks::grok_imagine_video_1_5__202,stack_blocks,grok_imagine_video_1_5,202,ai,Others,None,historical_datasheet,3.0,4,12.798888666666665,A1,"[""stack"", ""attach"", ""place""]",,,,33.333333333333336,0.0,0.0,0.0,8.25,0.0,16.666666666666668,4.125,8.2915619758885,2,100.0,0.0,0.0,ok
stack_blocks::grok_imagine_video_1_5__303,stack_blocks,grok_imagine_video_1_5,303,ai,Others,None,historical_datasheet,3.0,4,12.798888666666665,A1,"[""stack"", ""attach"", ""place""]",100.0,41.75,64.61423991660043,,,,100.0,33.25,57.66281297335398,100.0,37.5,61.237243569579455,2,100.0,100.0,100.0,ok
stack_blocks::kling_v3_pro__101,stack_blocks,kling_v3_pro,101,ai,Others,None,historical_datasheet,3.0,4,12.798888666666665,A1,"[""stack"", ""attach"", ""place""]",,,,,,,33.333333333333336,50.0,40.824829046386306,33.333333333333336,50.0,40.824829046386306,1,0.0,50.0,0.0,ok
stack_blocks::kling_v3_pro__202,stack_blocks,kling_v3_pro,202,ai,Others,None,historical_datasheet,3.0,4,12.798888666666665,A1,"[""stack"", ""attach"", ""place""]",,,,,,,,,,,,,0,100.0,100.0,100.0,ok
stack_blocks::kling_v3_pro__303,stack_blocks,kling_v3_pro,303,ai,Others,None,historical_datasheet,3.0,4,12.798888666666665,A1,"[""stack"", ""attach"", ""place""]",,,,,,,,,,,,,0,100.0,50.0,70.71067811865476,ok
stack_blocks::minimax_h3__101,stack_blocks,minimax_h3,101,ai,Others,None,historical_datasheet,3.0,4,12.798888666666665,A1,"[""stack"", ""attach"", ""place""]",77.66666666666667,100.0,88.12869377601524,,,,,,,77.66666666666667,100.0,88.12869377601524,1,66.66666666666667,33.33333333333333,47.14045207910317,ok
stack_blocks::minimax_h3__202,stack_blocks,minimax_h3,202,ai,Others,None,historical_datasheet,3.0,4,12.798888666666665,A1,"[""stack"", ""attach"", ""place""]",33.333333333333336,33.25,33.291640592396966,,,,,,,33.333333333333336,33.25,33.291640592396966,1,33.333333333333336,100.0,57.735026918962575,ok
stack_blocks::minimax_h3__303,stack_blocks,minimax_h3,303,ai,Others,None,historical_datasheet,3.0,4,12.798888666666665,A1,"[""stack"", ""attach"", ""place""]",,,,,,,,,,,,,0,33.333333333333336,100.0,57.735026918962575,ok
stack_blocks::seedance_2_0__101,stack_blocks,seedance_2_0,101,ai,Others,None,historical_datasheet,3.0,4,12.798888666666665,A1,"[""stack"", ""attach"", ""place""]",,,,,,,,,,,,,0,100.0,100.0,100.0,ok
stack_blocks::seedance_2_0__202,stack_blocks,seedance_2_0,202,ai,Others,None,historical_datasheet,3.0,4,12.798888666666665,A1,"[""stack"", ""attach"", ""place""]",100.0,66.75,81.70067319184096,,,,100.0,66.75,81.70067319184096,100.0,66.75,81.70067319184096,2,100.0,66.66666666666666,81.6496580927726,ok
stack_blocks::seedance_2_0__303,stack_blocks,seedance_2_0,303,ai,Others,None,historical_datasheet,3.0,4,12.798888666666665,A1,"[""stack"", ""attach"", ""place""]",,,,,,,100.0,66.75,81.70067319184096,100.0,66.75,81.70067319184096,1,100.0,100.0,100.0,ok
stack_blocks::wan_2_7__101,stack_blocks,wan_2_7,101,ai,Others,None,historical_datasheet,3.0,4,12.798888666666665,A1,"[""stack"", ""attach"", ""place""]",,,,,,,100.0,66.75,81.70067319184096,100.0,66.75,81.70067319184096,1,100.0,100.0,100.0,ok
stack_blocks::wan_2_7__202,stack_blocks,wan_2_7,202,ai,Others,None,historical_datasheet,3.0,4,12.798888666666665,A1,"[""stack"", ""attach"", ""place""]",,,,,,,100.0,75.0,86.60254037844386,100.0,75.0,86.60254037844386,1,100.0,100.0,100.0,ok
stack_blocks::wan_2_7__303,stack_blocks,wan_2_7,303,ai,Others,None,historical_datasheet,3.0,4,12.798888666666665,A1,"[""stack"", ""attach"", ""place""]",,,,,,,33.333333333333336,75.0,50.0,33.333333333333336,75.0,50.0,1,0.0,16.666666666666664,0.0,ok
stack_blocks::wrong_1,stack_blocks,human_wrong,1,human_wrong,Others,None,historical_datasheet,3.0,4,12.798888666666665,A1,"[""stack"", ""attach"", ""place""]",22.333333333333336,100.0,47.258156262526086,,,,,,,22.333333333333336,100.0,47.258156262526086,1,0.0,100.0,0.0,ok
stack_blocks::wrong_2,stack_blocks,human_wrong,2,human_wrong,Others,None,historical_datasheet,3.0,4,12.798888666666665,A1,"[""stack"", ""attach"", ""place""]",,,,55.66666666666667,41.75,48.20874747733375,89.0,100.0,94.33981132056604,72.33333333333334,70.875,71.60045390917576,2,77.77777777777779,100.0,88.19171036881968,ok
stack_blocks::wrong_3,stack_blocks,human_wrong,3,human_wrong,Others,None,historical_datasheet,3.0,4,12.798888666666665,A1,"[""stack"", ""attach"", ""place""]",,,,33.333333333333336,100.0,57.735026918962575,,,,33.333333333333336,100.0,57.735026918962575,1,33.333333333333336,100.0,57.735026918962575,ok
toothbrush_case::correct_1,toothbrush_case,human_reference,ref_1,ground_truth_reference,Personal Care/Utilities,None,historical_datasheet,5.666666666666667,4,20.525000000000002,A2,"[""fold"", ""cap"", ""place"", ""insert"", ""close""]",,,,,,,,,,,,,0,100.0,100.0,100.0,ok
toothbrush_case::correct_2,toothbrush_case,human_reference,ref_2,ground_truth_reference,Personal Care/Utilities,None,historical_datasheet,5.666666666666667,4,20.525000000000002,A2,"[""fold"", ""cap"", ""place"", ""insert"", ""close""]",,,,,,,,,,,,,0,100.0,100.0,100.0,ok
toothbrush_case::correct_3,toothbrush_case,human_reference,ref_3,ground_truth_reference,Personal Care/Utilities,None,historical_datasheet,5.666666666666667,4,20.525000000000002,A2,"[""fold"", ""cap"", ""place"", ""insert"", ""close""]",,,,,,,,,,,,,0,100.0,100.0,100.0,ok
toothbrush_case::cosmos_3__101,toothbrush_case,cosmos_3,101,ai,Personal Care/Utilities,None,historical_datasheet,5.666666666666667,4,20.525000000000002,A2,"[""fold"", ""cap"", ""place"", ""insert"", ""close""]",,,,20.0,0.0,0.0,,,,20.0,0.0,0.0,1,0.0,0.0,0.0,ok
toothbrush_case::cosmos_3__202,toothbrush_case,cosmos_3,202,ai,Personal Care/Utilities,None,historical_datasheet,5.666666666666667,4,20.525000000000002,A2,"[""fold"", ""cap"", ""place"", ""insert"", ""close""]",0.0,0.0,0.0,,,,0.0,,,0.0,0.0,0.0,2,0.0,0.0,0.0,ok
toothbrush_case::cosmos_3__303,toothbrush_case,cosmos_3,303,ai,Personal Care/Utilities,None,historical_datasheet,5.666666666666667,4,20.525000000000002,A2,"[""fold"", ""cap"", ""place"", ""insert"", ""close""]",,,,13.333333333333336,0.0,0.0,33.333333333333336,0.0,0.0,23.333333333333336,0.0,0.0,2,0.0,,,partial
toothbrush_case::grok_imagine_video_1_5__101,toothbrush_case,grok_imagine_video_1_5,101,ai,Personal Care/Utilities,None,historical_datasheet,5.666666666666667,4,20.525000000000002,A2,"[""fold"", ""cap"", ""place"", ""insert"", ""close""]",33.333333333333336,50.0,40.824829046386306,,,,46.666666666666664,81.25,61.57651067303722,40.0,65.625,51.234753829797995,2,33.333333333333336,100.0,57.735026918962575,ok
toothbrush_case::grok_imagine_video_1_5__202,toothbrush_case,grok_imagine_video_1_5,202,ai,Personal Care/Utilities,None,historical_datasheet,5.666666666666667,4,20.525000000000002,A2,"[""fold"", ""cap"", ""place"", ""insert"", ""close""]",60.00000000000001,100.0,77.45966692414834,,,,,,,60.00000000000001,100.0,77.45966692414834,1,40.0,100.0,63.245553203367585,ok
toothbrush_case::grok_imagine_video_1_5__303,toothbrush_case,grok_imagine_video_1_5,303,ai,Personal Care/Utilities,None,historical_datasheet,5.666666666666667,4,20.525000000000002,A2,"[""fold"", ""cap"", ""place"", ""insert"", ""close""]",33.333333333333336,25.0,28.867513459481287,73.33333333333334,30.0,46.9041575982343,,,,53.33333333333334,27.5,38.29708431025353,2,80.0,90.0,84.8528137423857,ok
toothbrush_case::kling_v3_pro__101,toothbrush_case,kling_v3_pro,101,ai,Personal Care/Utilities,None,historical_datasheet,5.666666666666667,4,20.525000000000002,A2,"[""fold"", ""cap"", ""place"", ""insert"", ""close""]",53.33333333333334,0.0,0.0,,,,66.66666666666667,40.0,51.63977794943223,60.00000000000001,20.0,34.64101615137755,2,60.0,80.0,69.2820323027551,ok
toothbrush_case::kling_v3_pro__202,toothbrush_case,kling_v3_pro,202,ai,Personal Care/Utilities,None,historical_datasheet,5.666666666666667,4,20.525000000000002,A2,"[""fold"", ""cap"", ""place"", ""insert"", ""close""]",,,,100.0,80.0,89.44271909999159,93.33333333333333,85.0,89.06926143924925,96.66666666666666,82.5,89.30285549745875,2,100.0,100.0,100.0,ok
toothbrush_case::kling_v3_pro__303,toothbrush_case,kling_v3_pro,303,ai,Personal Care/Utilities,None,historical_datasheet,5.666666666666667,4,20.525000000000002,A2,"[""fold"", ""cap"", ""place"", ""insert"", ""close""]",,,,60.00000000000001,83.25,70.67531393633848,60.00000000000001,66.75,63.28506932918696,60.00000000000001,75.0,67.0820393249937,2,40.0,75.0,54.772255750516614,ok
toothbrush_case::minimax_h3__101,toothbrush_case,minimax_h3,101,ai,Personal Care/Utilities,None,historical_datasheet,5.666666666666667,4,20.525000000000002,A2,"[""fold"", ""cap"", ""place"", ""insert"", ""close""]",66.66666666666667,37.5,50.0,,,,,,,66.66666666666667,37.5,50.0,1,40.0,100.0,63.245553203367585,ok
toothbrush_case::minimax_h3__202,toothbrush_case,minimax_h3,202,ai,Personal Care/Utilities,None,historical_datasheet,5.666666666666667,4,20.525000000000002,A2,"[""fold"", ""cap"", ""place"", ""insert"", ""close""]",80.0,65.0,72.11102550927978,,,,,,,80.0,65.0,72.11102550927978,1,80.0,80.0,80.0,ok
toothbrush_case::minimax_h3__303,toothbrush_case,minimax_h3,303,ai,Personal Care/Utilities,None,historical_datasheet,5.666666666666667,4,20.525000000000002,A2,"[""fold"", ""cap"", ""place"", ""insert"", ""close""]",93.33333333333333,20.0,43.20493798938573,,,,,,,93.33333333333333,20.0,43.20493798938573,1,86.66666666666667,80.0,83.26663997864532,ok
toothbrush_case::seedance_2_0__101,toothbrush_case,seedance_2_0,101,ai,Personal Care/Utilities,None,historical_datasheet,5.666666666666667,4,20.525000000000002,A2,"[""fold"", ""cap"", ""place"", ""insert"", ""close""]",100.0,20.0,44.721359549995796,,,,100.0,80.0,89.44271909999159,100.0,50.0,70.71067811865476,2,100.0,100.0,100.0,ok
toothbrush_case::seedance_2_0__202,toothbrush_case,seedance_2_0,202,ai,Personal Care/Utilities,None,historical_datasheet,5.666666666666667,4,20.525000000000002,A2,"[""fold"", ""cap"", ""place"", ""insert"", ""close""]",,,,60.00000000000001,20.0,34.64101615137755,,,,60.00000000000001,20.0,34.64101615137755,1,53.333333333333336,50.0,51.63977794943223,ok
toothbrush_case::seedance_2_0__303,toothbrush_case,seedance_2_0,303,ai,Personal Care/Utilities,None,historical_datasheet,5.666666666666667,4,20.525000000000002,A2,"[""fold"", ""cap"", ""place"", ""insert"", ""close""]",,,,100.0,60.0,77.45966692414834,100.0,90.0,94.86832980505137,100.0,75.0,86.60254037844386,2,100.0,100.0,100.0,ok
toothbrush_case::wan_2_7__101,toothbrush_case,wan_2_7,101,ai,Personal Care/Utilities,None,historical_datasheet,5.666666666666667,4,20.525000000000002,A2,"[""fold"", ""cap"", ""place"", ""insert"", ""close""]",,,,,,,73.33333333333334,70.0,71.64728420068226,73.33333333333334,70.0,71.64728420068226,1,60.0,100.0,77.45966692414834,ok
toothbrush_case::wan_2_7__202,toothbrush_case,wan_2_7,202,ai,Personal Care/Utilities,None,historical_datasheet,5.666666666666667,4,20.525000000000002,A2,"[""fold"", ""cap"", ""place"", ""insert"", ""close""]",,,,,,,86.66666666666667,90.0,88.31760866327846,86.66666666666667,90.0,88.31760866327846,1,100.0,100.0,100.0,ok
toothbrush_case::wan_2_7__303,toothbrush_case,wan_2_7,303,ai,Personal Care/Utilities,None,historical_datasheet,5.666666666666667,4,20.525000000000002,A2,"[""fold"", ""cap"", ""place"", ""insert"", ""close""]",,,,,,,60.00000000000001,56.25,58.09475019311126,60.00000000000001,56.25,58.09475019311126,1,40.0,90.0,60.0,ok
toothbrush_case::wrong_1,toothbrush_case,human_wrong,1,human_wrong,Personal Care/Utilities,None,historical_datasheet,5.666666666666667,4,20.525000000000002,A2,"[""fold"", ""cap"", ""place"", ""insert"", ""close""]",,,,,,,33.333333333333336,100.0,57.735026918962575,33.333333333333336,100.0,57.735026918962575,1,73.33333333333334,100.0,85.63488385776753,ok
toothbrush_case::wrong_2,toothbrush_case,human_wrong,2,human_wrong,Personal Care/Utilities,None,historical_datasheet,5.666666666666667,4,20.525000000000002,A2,"[""fold"", ""cap"", ""place"", ""insert"", ""close""]",80.0,100.0,89.44271909999159,,,,,,,80.0,100.0,89.44271909999159,1,53.333333333333336,100.0,73.02967433402215,ok
toothbrush_case::wrong_3,toothbrush_case,human_wrong,3,human_wrong,Personal Care/Utilities,None,historical_datasheet,5.666666666666667,4,20.525000000000002,A2,"[""fold"", ""cap"", ""place"", ""insert"", ""close""]",,,,33.333333333333336,100.0,57.735026918962575,,,,33.333333333333336,100.0,57.735026918962575,1,80.0,100.0,89.44271909999159,ok
toothpaste_water::correct_1,toothpaste_water,human_reference,ref_1,ground_truth_reference,Personal Care/Utilities,None,historical_datasheet,5.666666666666667,3,11.822222333333334,A7,"[""open"", ""dispense"", ""apply"", ""close"", ""switch_on"", ""rinse"", ""switch_off""]",,,,,,,,,,,,,0,75.0,66.66666666666666,70.71067811865474,ok
toothpaste_water::correct_2,toothpaste_water,human_reference,ref_2,ground_truth_reference,Personal Care/Utilities,None,historical_datasheet,5.666666666666667,3,11.822222333333334,A7,"[""open"", ""dispense"", ""apply"", ""close"", ""switch_on"", ""rinse"", ""switch_off""]",,,,,,,,,,,,,0,33.333333333333336,100.0,57.735026918962575,ok
toothpaste_water::correct_3,toothpaste_water,human_reference,ref_3,ground_truth_reference,Personal Care/Utilities,None,historical_datasheet,5.666666666666667,3,11.822222333333334,A7,"[""open"", ""dispense"", ""apply"", ""close"", ""switch_on"", ""rinse"", ""switch_off""]",,,,,,,,,,,,,0,58.333333333333336,90.0,72.4568837309472,ok
toothpaste_water::cosmos_3__101,toothpaste_water,cosmos_3,101,ai,Personal Care/Utilities,None,historical_datasheet,5.666666666666667,3,11.822222333333334,A7,"[""open"", ""dispense"", ""apply"", ""close"", ""switch_on"", ""rinse"", ""switch_off""]",13.333333333333336,50.0,25.819888974716115,,,,13.333333333333336,10.0,11.547005383792516,13.333333333333336,30.0,20.0,2,13.333333333333334,100.0,36.51483716701107,ok
toothpaste_water::cosmos_3__202,toothpaste_water,cosmos_3,202,ai,Personal Care/Utilities,None,historical_datasheet,5.666666666666667,3,11.822222333333334,A7,"[""open"", ""dispense"", ""apply"", ""close"", ""switch_on"", ""rinse"", ""switch_off""]",25.0,0.0,0.0,,,,,,,25.0,0.0,0.0,1,25.0,100.0,50.0,ok
toothpaste_water::cosmos_3__303,toothpaste_water,cosmos_3,303,ai,Personal Care/Utilities,None,historical_datasheet,5.666666666666667,3,11.822222333333334,A7,"[""open"", ""dispense"", ""apply"", ""close"", ""switch_on"", ""rinse"", ""switch_off""]",6.666666666666668,0.0,0.0,20.0,0.0,0.0,,,,13.333333333333334,0.0,0.0,2,50.0,50.0,50.0,ok
toothpaste_water::grok_imagine_video_1_5__101,toothpaste_water,grok_imagine_video_1_5,101,ai,Personal Care/Utilities,None,historical_datasheet,5.666666666666667,3,11.822222333333334,A7,"[""open"", ""dispense"", ""apply"", ""close"", ""switch_on"", ""rinse"", ""switch_off""]",100.0,50.0,70.71067811865476,53.33333333333334,56.25,54.772255750516614,,,,76.66666666666667,53.125,63.81940666181931,2,75.0,80.0,77.45966692414834,ok
toothpaste_water::grok_imagine_video_1_5__202,toothpaste_water,grok_imagine_video_1_5,202,ai,Personal Care/Utilities,None,historical_datasheet,5.666666666666667,3,11.822222333333334,A7,"[""open"", ""dispense"", ""apply"", ""close"", ""switch_on"", ""rinse"", ""switch_off""]",,,,66.66666666666667,81.25,73.59800721939872,93.33333333333333,20.0,43.20493798938573,80.0,50.625,63.63961030678928,2,75.0,100.0,86.60254037844386,ok
toothpaste_water::grok_imagine_video_1_5__303,toothpaste_water,grok_imagine_video_1_5,303,ai,Personal Care/Utilities,None,historical_datasheet,5.666666666666667,3,11.822222333333334,A7,"[""open"", ""dispense"", ""apply"", ""close"", ""switch_on"", ""rinse"", ""switch_off""]",53.33333333333334,25.0,36.51483716701107,,,,,,,53.33333333333334,25.0,36.51483716701107,1,60.0,100.0,77.45966692414834,ok
toothpaste_water::kling_v3_pro__101,toothpaste_water,kling_v3_pro,101,ai,Personal Care/Utilities,None,historical_datasheet,5.666666666666667,3,11.822222333333334,A7,"[""open"", ""dispense"", ""apply"", ""close"", ""switch_on"", ""rinse"", ""switch_off""]",53.33333333333334,25.0,36.51483716701107,100.0,40.0,63.245553203367585,,,,76.66666666666667,32.5,49.91659710623979,2,50.0,100.0,70.71067811865476,ok
toothpaste_water::kling_v3_pro__202,toothpaste_water,kling_v3_pro,202,ai,Personal Care/Utilities,None,historical_datasheet,5.666666666666667,3,11.822222333333334,A7,"[""open"", ""dispense"", ""apply"", ""close"", ""switch_on"", ""rinse"", ""switch_off""]",40.0,66.75,51.67204273105525,,,,,,,40.0,66.75,51.67204273105525,1,50.0,100.0,70.71067811865476,ok
toothpaste_water::kling_v3_pro__303,toothpaste_water,kling_v3_pro,303,ai,Personal Care/Utilities,None,historical_datasheet,5.666666666666667,3,11.822222333333334,A7,"[""open"", ""dispense"", ""apply"", ""close"", ""switch_on"", ""rinse"", ""switch_off""]",53.33333333333334,83.25,66.63332499583073,,,,,,,53.33333333333334,83.25,66.63332499583073,1,41.666666666666664,100.0,64.54972243679028,ok
toothpaste_water::minimax_h3__101,toothpaste_water,minimax_h3,101,ai,Personal Care/Utilities,None,historical_datasheet,5.666666666666667,3,11.822222333333334,A7,"[""open"", ""dispense"", ""apply"", ""close"", ""switch_on"", ""rinse"", ""switch_off""]",26.66666666666667,8.25,14.832396974191328,,,,,,,26.66666666666667,8.25,14.832396974191328,1,50.0,66.66666666666666,57.735026918962575,ok
toothpaste_water::minimax_h3__202,toothpaste_water,minimax_h3,202,ai,Personal Care/Utilities,None,historical_datasheet,5.666666666666667,3,11.822222333333334,A7,"[""open"", ""dispense"", ""apply"", ""close"", ""switch_on"", ""rinse"", ""switch_off""]",41.66666666666667,31.25,36.08439182435161,,,,,,,41.66666666666667,31.25,36.08439182435161,1,25.0,50.0,35.35533905932738,ok
toothpaste_water::minimax_h3__303,toothpaste_water,minimax_h3,303,ai,Personal Care/Utilities,None,historical_datasheet,5.666666666666667,3,11.822222333333334,A7,"[""open"", ""dispense"", ""apply"", ""close"", ""switch_on"", ""rinse"", ""switch_off""]",20.0,41.75,28.89636655359978,,,,,,,20.0,41.75,28.89636655359978,1,25.0,50.0,35.35533905932738,ok
toothpaste_water::seedance_2_0__101,toothpaste_water,seedance_2_0,101,ai,Personal Care/Utilities,None,historical_datasheet,5.666666666666667,3,11.822222333333334,A7,"[""open"", ""dispense"", ""apply"", ""close"", ""switch_on"", ""rinse"", ""switch_off""]",100.0,80.0,89.44271909999159,,,,,,,100.0,80.0,89.44271909999159,1,100.0,100.0,100.0,ok
toothpaste_water::seedance_2_0__202,toothpaste_water,seedance_2_0,202,ai,Personal Care/Utilities,None,historical_datasheet,5.666666666666667,3,11.822222333333334,A7,"[""open"", ""dispense"", ""apply"", ""close"", ""switch_on"", ""rinse"", ""switch_off""]",66.66666666666667,33.25,47.08148963941845,100.0,55.00000000000001,74.16198487095663,,,,83.33333333333334,44.125,60.63895887408798,2,100.0,100.0,100.0,ok
toothpaste_water::seedance_2_0__303,toothpaste_water,seedance_2_0,303,ai,Personal Care/Utilities,None,historical_datasheet,5.666666666666667,3,11.822222333333334,A7,"[""open"", ""dispense"", ""apply"", ""close"", ""switch_on"", ""rinse"", ""switch_off""]",100.0,60.0,77.45966692414834,93.33333333333333,50.0,68.31300510639731,,,,96.66666666666666,55.0,72.91547618075785,2,100.0,50.0,70.71067811865476,ok
toothpaste_water::wan_2_7__101,toothpaste_water,wan_2_7,101,ai,Personal Care/Utilities,None,historical_datasheet,5.666666666666667,3,11.822222333333334,A7,"[""open"", ""dispense"", ""apply"", ""close"", ""switch_on"", ""rinse"", ""switch_off""]",33.333333333333336,0.0,0.0,66.66666666666667,50.0,57.735026918962575,26.66666666666667,20.0,23.094010767585033,42.22222222222223,23.333333333333332,31.3876597596123,3,26.666666666666668,33.33333333333333,29.814239699997195,ok
toothpaste_water::wan_2_7__202,toothpaste_water,wan_2_7,202,ai,Personal Care/Utilities,None,historical_datasheet,5.666666666666667,3,11.822222333333334,A7,"[""open"", ""dispense"", ""apply"", ""close"", ""switch_on"", ""rinse"", ""switch_off""]",50.0,41.75,45.689167206242665,73.33333333333334,62.5,67.70032003863301,,,,61.66666666666667,52.125,56.69545837190137,2,75.0,50.0,61.237243569579455,ok
toothpaste_water::wan_2_7__303,toothpaste_water,wan_2_7,303,ai,Personal Care/Utilities,None,historical_datasheet,5.666666666666667,3,11.822222333333334,A7,"[""open"", ""dispense"", ""apply"", ""close"", ""switch_on"", ""rinse"", ""switch_off""]",,,,,,,53.33333333333334,50.0,51.63977794943223,53.33333333333334,50.0,51.63977794943223,1,58.333333333333336,95.0,74.44237144709098,ok
toothpaste_water::wrong_1,toothpaste_water,human_wrong,1,human_wrong,Personal Care/Utilities,None,historical_datasheet,5.666666666666667,3,11.822222333333334,A7,"[""open"", ""dispense"", ""apply"", ""close"", ""switch_on"", ""rinse"", ""switch_off""]",,,,53.33333333333334,45.0,48.98979485566357,,,,53.33333333333334,45.0,48.98979485566357,1,25.0,100.0,50.0,ok
toothpaste_water::wrong_2,toothpaste_water,human_wrong,2,human_wrong,Personal Care/Utilities,None,historical_datasheet,5.666666666666667,3,11.822222333333334,A7,"[""open"", ""dispense"", ""apply"", ""close"", ""switch_on"", ""rinse"", ""switch_off""]",66.66666666666667,83.25,74.4983221287567,33.333333333333336,100.0,57.735026918962575,,,,50.0,91.625,67.68493185340442,2,25.0,100.0,50.0,ok
toothpaste_water::wrong_3,toothpaste_water,human_wrong,3,human_wrong,Personal Care/Utilities,None,historical_datasheet,5.666666666666667,3,11.822222333333334,A7,"[""open"", ""dispense"", ""apply"", ""close"", ""switch_on"", ""rinse"", ""switch_off""]",,,,13.333333333333336,10.0,11.547005383792516,,,,13.333333333333336,10.0,11.547005383792516,1,0.0,83.33333333333334,0.0,ok
